Sexo,Cant.,P.Prom,Procedencia,Entrada,$Base,$Final,Fecha
HL,3,118,CAQUETA,06:13 a. m.,9000,9450,05/11/2025
HL,7,124,CAQUETA,06:15 a. m.,7400,8650,05/11/2025
HL,5,113,CAQUETA,06:15 a. m.,8600,10100,05/11/2025
HL,5,109,CAQUETA,06:18 a. m.,8200,8400,05/11/2025
HL,5,93,CAQUETA,06:19 a. m.,8000,8600,05/11/2025
HL,6,100,CAQUETA,06:20 a. m.,9600,10100,05/11/2025
HL,4,196,EL GUAMO,06:32 a. m.,8700,8700,05/11/2025
HL,6,143,EL GUAMO,06:40 a. m.,9000,9200,05/11/2025
HL,5,129,EL GUAMO,06:45 a. m.,8700,9750,05/11/2025
HL,4,164,EL GUAMO,06:45 a. m.,8500,8900,05/11/2025
HL,6,175,EL GUAMO,06:47 a. m.,7800,8000,05/11/2025
HL,4,136,EL GUAMO,06:49 a. m.,8500,8650,05/11/2025
HL,4,119,EL GUAMO,06:50 a. m.,7800,8300,05/11/2025
HL,1,105,ROLDANILLO,06:51 a. m.,10000,11400,05/11/2025
HL,1,100,ROLDANILLO,06:53 a. m.,15000,16200,05/11/2025
ML,1,105,ROLDANILLO,06:55 a. m.,11000,13800,05/11/2025
ML,1,225,ANSERMANUEVO,07:02 a. m.,9400,10400,05/11/2025
HL,1,80,ANSERMANUEVO,07:02 a. m.,10600,12200,05/11/2025
ML,3,88,ANSERMANUEVO,06:59 a. m.,11000,14400,05/11/2025
ML,2,202,ANSERMANUEVO,07:05 a. m.,7400,8250,05/11/2025
HL,1,140,ANSERMANUEVO,07:03 a. m.,8400,8900,05/11/2025
ML,1,145,GUACARI,07:06 a. m.,10000,10600,05/11/2025
ML,1,190,GUACARI,07:08 a. m.,8500,8950,05/11/2025
VH,1,430,JAMUNDI,07:09 a. m.,9000,9000,05/11/2025
VH,1,430,JAMUNDI,07:12 a. m.,7400,7850,05/11/2025
HL,1,150,JAMUNDI,07:11 a. m.,7600,7600,05/11/2025
ML,1,120,JAMUNDI,07:13 a. m.,8800,9500,05/11/2025
ML,1,110,JAMUNDI,07:13 a. m.,8000,9300,05/11/2025
HL,4,150,JAMUNDI,07:14 a. m.,8200,8400,05/11/2025
HL,4,159,JAMUNDI,07:15 a. m.,8100,8350,05/11/2025
HL,8,160,CAUCASIA,07:16 a. m.,8500,9000,05/11/2025
HL,9,166,CAUCASIA,07:19 a. m.,8800,8800,05/11/2025
ML,4,192,DAGUA,07:25 a. m.,9500,9950,05/11/2025
HL,1,135,CAUCASIA,07:20 a. m.,8800,9400,05/11/2025
HL,7,154,CAUCASIA,07:22 a. m.,8200,8650,05/11/2025
ML,1,185,DAGUA,07:30 a. m.,9200,9950,05/11/2025
ML,1,190,DAGUA,07:27 a. m.,8500,9500,05/11/2025
ML,3,218,DAGUA,07:31 a. m.,10200,10200,05/11/2025
MC,4,261,DAGUA,07:33 a. m.,10000,10000,05/11/2025
ML,3,228,DAGUA,07:35 a. m.,9500,9500,05/11/2025
HL,1,190,SAN VICENTE,07:39 a. m.,7800,8200,05/11/2025
HL,1,185,SAN VICENTE,07:39 a. m.,8500,8800,05/11/2025
HL,1,195,SAN VICENTE,07:38 a. m.,8500,8600,05/11/2025
HL,1,195,SAN VICENTE,07:41 a. m.,8500,8800,05/11/2025
HL,1,195,SAN VICENTE,07:40 a. m.,8700,9000,05/11/2025
HL,1,240,SAN VICENTE,07:41 a. m.,7900,8300,05/11/2025
HV,3,252,SAN VICENTE,07:41 a. m.,8000,8600,05/11/2025
HL,2,130,MONTERIA,07:43 a. m.,9000,9650,05/11/2025
ML,2,132,MONTERIA,07:44 a. m.,7400,7400,05/11/2025
ML,2,98,MONTERIA,07:46 a. m.,7000,7200,05/11/2025
ML,6,108,MONTERIA,07:47 a. m.,7400,9300,05/11/2025
ML,5,89,MONTERIA,07:48 a. m.,9000,11000,05/11/2025
HL,8,92,MONTERIA,07:53 a. m.,10200,11100,05/11/2025
HL,7,114,MONTERIA,07:54 a. m.,9700,10100,05/11/2025
HL,1,120,MONTERIA,07:55 a. m.,8500,8800,05/11/2025
ML,7,131,MONTERIA,07:57 a. m.,10800,10800,05/11/2025
ML,7,128,MONTERIA,07:58 a. m.,10800,11300,05/11/2025
ML,11,113,MONTERIA,07:59 a. m.,9500,9500,05/11/2025
ML,5,111,MONTERIA,08:02 a. m.,10000,10300,05/11/2025
HL,4,192,OBANDO,08:21 a. m.,7800,8450,05/11/2025
HL,2,192,OBANDO,08:26 a. m.,8600,9750,05/11/2025
ML,3,122,OBANDO,08:26 a. m.,8000,8000,05/11/2025
HV,6,306,GUACARI,08:30 a. m.,7800,8400,05/11/2025
HV,7,298,GUACARI,08:31 a. m.,7900,8500,05/11/2025
BF,4,284,GUACARI,08:32 a. m.,6700,7900,05/11/2025
BF,1,135,GUACARI,08:34 a. m.,5000,8000,05/11/2025
HL,5,131,ROLDANILLO,08:35 a. m.,9000,10100,05/11/2025
HL,2,195,ROLDANILLO,08:37 a. m.,8400,8800,05/11/2025
ML,6,189,ROLDANILLO,08:37 a. m.,9400,10000,05/11/2025
ML,4,148,ROLDANILLO,08:39 a. m.,9000,9300,05/11/2025
HL,1,240,LA VICTORIA,08:40 a. m.,8700,8750,05/11/2025
HV,1,250,LA VICTORIA,08:44 a. m.,7500,7850,05/11/2025
ML,1,165,LA VICTORIA,08:45 a. m.,8900,8900,05/11/2025
HL,1,235,LA VICTORIA,08:43 a. m.,7400,7700,05/11/2025
ML,3,72,LA VICTORIA,08:45 a. m.,8000,9200,05/11/2025
ML,2,105,LA VICTORIA,08:46 a. m.,10000,12200,05/11/2025
HL,1,125,LA VICTORIA,08:47 a. m.,8600,9400,05/11/2025
HL,3,117,LA VICTORIA,08:48 a. m.,9800,10400,05/11/2025
HV,1,285,ZARZAL,08:49 a. m.,6700,7500,05/11/2025
HV,1,375,ZARZAL,08:51 a. m.,8100,8800,05/11/2025
VH,1,350,ZARZAL,08:52 a. m.,6500,7100,05/11/2025
HV,1,345,ZARZAL,08:52 a. m.,7500,7550,05/11/2025
ML,1,245,ZARZAL,08:52 a. m.,7800,8300,05/11/2025
HV,1,310,ZARZAL,08:54 a. m.,7800,8150,05/11/2025
HL,1,140,ZARZAL,08:54 a. m.,7000,8000,05/11/2025
VH,1,365,PLANETA RICA,09:02 a. m.,8100,8300,05/11/2025
HV,1,460,SEVILLA,08:54 a. m.,9000,9200,05/11/2025
TO,1,475,SEVILLA,08:57 a. m.,9500,9750,05/11/2025
VH,1,380,SEVILLA,08:58 a. m.,7500,8000,05/11/2025
TO,1,465,SEVILLA,08:59 a. m.,8800,9550,05/11/2025
VH,1,400,SEVILLA,08:59 a. m.,8400,8950,05/11/2025
VH,1,310,SEVILLA,09:01 a. m.,4800,8200,05/11/2025
HV,1,365,SEVILLA,09:00 a. m.,8400,8850,05/11/2025
VH,1,460,SEVILLA,09:01 a. m.,6500,7400,05/11/2025
ML,5,120,PLANETA RICA,09:06 a. m.,8600,9400,05/11/2025
HL,4,124,PLANETA RICA,09:07 a. m.,8000,8800,05/11/2025
HL,3,100,PLANETA RICA,09:08 a. m.,9000,9900,05/11/2025
ML,5,108,PLANETA RICA,09:09 a. m.,11000,11500,05/11/2025
ML,4,92,PLANETA RICA,09:11 a. m.,10200,12750,05/11/2025
ML,5,84,PLANETA RICA,09:14 a. m.,13000,14400,05/11/2025
ML,4,132,PLANETA RICA,09:16 a. m.,7800,8450,05/11/2025
HL,3,152,PLANETA RICA,09:17 a. m.,9000,10400,05/11/2025
ML,1,130,PLANETA RICA,09:18 a. m.,12000,13950,05/11/2025
ML,1,115,PLANETA RICA,09:21 a. m.,8800,10200,05/11/2025
ML,3,92,PLANETA RICA,09:21 a. m.,9000,10700,05/11/2025
HV,1,365,JAMUNDI,09:22 a. m.,8400,8600,05/11/2025
HV,1,350,JAMUNDI,09:24 a. m.,8500,8700,05/11/2025
HV,1,345,JAMUNDI,09:25 a. m.,9200,9300,05/11/2025
HV,1,395,JAMUNDI,09:24 a. m.,9400,9400,05/11/2025
HV,1,335,JAMUNDI,09:26 a. m.,9100,9000,05/11/2025
HV,1,355,JAMUNDI,09:26 a. m.,8800,9250,05/11/2025
HV,1,430,JAMUNDI,09:27 a. m.,9500,9500,05/11/2025
TR,1,340,JAMUNDI,09:28 a. m.,9400,9900,05/11/2025
ML,3,180,TORO,09:28 a. m.,9200,9400,05/11/2025
HL,2,158,TORO,09:30 a. m.,7600,7850,05/11/2025
HL,1,160,TORO,09:32 a. m.,8000,8000,05/11/2025
ML,2,170,TORO,09:32 a. m.,8200,8800,05/11/2025
MC,5,264,TRUJILLO,09:41 a. m.,6200,6700,05/11/2025
VH,1,490,TRUJILLO,09:42 a. m.,7200,7400,05/11/2025
VH,2,320,TRUJILLO,09:43 a. m.,6200,6900,05/11/2025
VI,1,420,TRUJILLO,09:44 a. m.,4400,5000,05/11/2025
MC,4,316,TRUJILLO,09:45 a. m.,7000,7650,05/11/2025
VH,1,420,ANSERMANUEVO,09:47 a. m.,7800,8450,05/11/2025
VH,1,435,ANSERMANUEVO,09:50 a. m.,8200,8650,05/11/2025
VH,1,410,ANSERMANUEVO,09:49 a. m.,8500,8800,05/11/2025
VH,2,330,ANSERMANUEVO,09:51 a. m.,7200,7200,05/11/2025
HV,2,372,ANSERMANUEVO,09:51 a. m.,8300,8500,05/11/2025
VH,2,412,ANSERMANUEVO,09:52 a. m.,8200,8400,05/11/2025
HV,1,350,ANSERMANUEVO,09:57 a. m.,7400,7950,05/11/2025
HV,1,335,ANSERMANUEVO,09:59 a. m.,7900,8080,05/11/2025
VH,1,335,ANSERMANUEVO,09:59 a. m.,7400,8000,05/11/2025
VH,1,350,ANSERMANUEVO,10:00 a. m.,7400,8100,05/11/2025
VH,1,320,ANSERMANUEVO,10:00 a. m.,7800,8150,05/11/2025
VH,3,402,ANSERMANUEVO,10:02 a. m.,7200,7800,05/11/2025
VH,1,330,ANSERMANUEVO,10:00 a. m.,6700,7000,05/11/2025
ML,3,105,ANSERMANUEVO,10:04 a. m.,12000,13800,05/11/2025
HL,1,165,ANSERMANUEVO,10:11 a. m.,7800,8800,05/11/2025
HL,5,160,ANSERMANUEVO,10:12 a. m.,8600,9100,05/11/2025
HL,7,86,ANSERMANUEVO,10:17 a. m.,9800,11800,05/11/2025
TO,2,335,CALI,10:23 a. m.,8700,9100,05/11/2025
HV,2,380,SAN PEDRO,10:35 a. m.,8800,9000,05/11/2025
TO,2,395,CALI,10:20 a. m.,9100,9300,05/11/2025
TR,2,388,CALI,10:22 a. m.,8700,9450,05/11/2025
TO,2,385,CALI,10:24 a. m.,9000,9000,05/11/2025
TO,1,400,CALI,10:25 a. m.,9000,9500,05/11/2025
TR,2,355,CALI,10:28 a. m.,9300,9500,05/11/2025
TR,3,345,CALI,10:28 a. m.,9000,9450,05/11/2025
HL,1,215,SAN PEDRO,10:33 a. m.,8200,9550,05/11/2025
HL,1,240,SAN PEDRO,10:31 a. m.,8400,8950,05/11/2025
HV,1,325,SAN PEDRO,10:30 a. m.,8300,8950,05/11/2025
HL,2,225,SAN PEDRO,10:33 a. m.,7800,7950,05/11/2025
HV,2,275,SAN PEDRO,10:34 a. m.,7900,8350,05/11/2025
ML,9,147,SAN MARCOS,10:37 a. m.,8800,9500,05/11/2025
HL,1,145,SAN MARCOS,10:39 a. m.,8400,9900,05/11/2025
ML,6,202,SAN MARCOS,10:42 a. m.,8500,8700,05/11/2025
ML,7,136,SAN MARCOS,10:50 a. m.,8700,9200,05/11/2025
VH,1,415,BOLIVAR,10:54 a. m.,7200,7400,05/11/2025
VH,1,445,BOLIVAR,10:58 a. m.,8400,8900,05/11/2025
ML,1,205,BOLIVAR,10:59 a. m.,4800,4800,05/11/2025
ML,1,190,BOLIVAR,11:00 a. m.,3000,3200,05/11/2025
HL,5,183,TRUJILLO,11:02 a. m.,7900,8080,05/11/2025
VH,1,380,EL DOVIO,11:11 a. m.,7600,8000,05/11/2025
HL,5,201,TRUJILLO,11:03 a. m.,7000,7550,05/11/2025
VH,2,245,ZARZAL,11:06 a. m.,7000,7200,05/11/2025
HL,1,225,ZARZAL,11:09 a. m.,8200,8650,05/11/2025
VH,1,460,ZARZAL,11:10 a. m.,7000,7000,05/11/2025
VH,1,320,ZARZAL,11:10 a. m.,6700,7300,05/11/2025
VP,1,415,BUGALAGRANDE,11:12 a. m.,8200,8300,05/11/2025
VH,1,555,BUGALAGRANDE,11:14 a. m.,6400,7500,05/11/2025
ML,1,240,SEVILLA,11:16 a. m.,8200,8750,05/11/2025
MC,1,270,SEVILLA,11:14 a. m.,7800,8800,05/11/2025
HV,1,255,SEVILLA,11:16 a. m.,6500,6800,05/11/2025
VH,1,470,BUGALAGRANDE,11:17 a. m.,9000,9000,05/11/2025
ML,3,172,BUGALAGRANDE,11:19 a. m.,9500,10750,05/11/2025
HL,3,178,BUGALAGRANDE,11:20 a. m.,8400,9450,05/11/2025
HL,10,164,CAUCASIA,11:21 a. m.,8500,8650,05/11/2025
HL,1,150,CAUCASIA,11:24 a. m.,8400,8400,05/11/2025
HL,4,158,CAUCASIA,11:29 a. m.,7800,8200,05/11/2025
HL,6,138,CAUCASIA,11:33 a. m.,8200,9020,05/11/2025
VI,1,405,CALI,11:35 a. m.,3600,4650,05/11/2025
VH,1,370,CALI,11:36 a. m.,5400,5600,05/11/2025
VH,1,445,CALI,11:37 a. m.,7200,7400,05/11/2025
ML,6,120,LA UNION,11:46 a. m.,7800,8150,05/11/2025
ML,1,80,LA UNION,11:51 a. m.,7800,7800,05/11/2025
HL,1,80,LA UNION,11:54 a. m.,5000,5400,05/11/2025
HL,1,90,LA UNION,11:53 a. m.,9400,9400,05/11/2025
HV,1,275,TRUJILLO,11:54 a. m.,7200,7200,05/11/2025
HV,1,285,TRUJILLO,11:56 a. m.,5800,6300,05/11/2025
HL,1,175,TRUJILLO,11:58 a. m.,7800,8000,05/11/2025
HL,1,180,TRUJILLO,11:56 a. m.,6800,7750,05/11/2025
HL,1,175,TRUJILLO,11:58 a. m.,7000,7900,05/11/2025
HV,1,230,TRUJILLO,11:59 a. m.,7600,7600,05/11/2025
MC,6,312,TRUJILLO,11:59 a. m.,8200,8650,05/11/2025
HV,3,195,TRUJILLO,12:00 p. m.,7000,7400,05/11/2025
VI,1,455,BUGALAGRANDE,12:00 p. m.,4400,4700,05/11/2025
HL,1,160,BUGALAGRANDE,12:02 p. m.,9000,10100,05/11/2025
ML,1,105,TRUJILLO,12:17 p. m.,6000,6400,05/11/2025
HV,1,300,TRUJILLO,12:17 p. m.,6200,6500,05/11/2025
TR,1,355,TRUJILLO,12:18 p. m.,6200,8300,05/11/2025
HL,1,110,TRUJILLO,12:23 p. m.,6800,7900,05/11/2025
HV,1,255,TRUJILLO,12:21 p. m.,7800,9400,05/11/2025
HV,1,290,TRUJILLO,12:18 p. m.,6200,6800,05/11/2025
VH,1,305,TRUJILLO,12:23 p. m.,7500,7800,05/11/2025
VH,1,340,TRUJILLO,12:24 p. m.,6400,6600,05/11/2025
HV,1,315,TRUJILLO,12:25 p. m.,7400,7400,05/11/2025
HV,1,275,TRUJILLO,12:26 p. m.,7400,7800,05/11/2025
HL,1,105,TRUJILLO,12:27 p. m.,7600,9200,05/11/2025
HV,1,300,TRUJILLO,12:28 p. m.,7700,7900,05/11/2025
VH,1,365,TRUJILLO,12:34 p. m.,7800,8200,05/11/2025
HL,1,220,TRUJILLO,12:35 p. m.,7800,10300,05/11/2025
VH,1,310,TRUJILLO,12:37 p. m.,6400,6800,05/11/2025
ML,1,85,TRUJILLO,12:38 p. m.,8400,8800,05/11/2025
VH,1,345,TRUJILLO,12:37 p. m.,6500,7400,05/11/2025
HV,1,335,TRUJILLO,12:38 p. m.,7800,8050,05/11/2025
VH,1,270,TRUJILLO,12:41 p. m.,6200,6200,05/11/2025
ML,1,240,TRUJILLO,12:41 p. m.,7800,8500,05/11/2025
MC,1,345,BUGALAGRANDE,12:47 p. m.,7400,8700,05/11/2025
HL,1,140,BUGALAGRANDE,12:49 p. m.,8800,10000,05/11/2025
HL,1,125,BUGALAGRANDE,12:53 p. m.,9400,11200,05/11/2025
VH,1,420,BUGALAGRANDE,12:50 p. m.,5700,7200,05/11/2025
HL,1,125,BUGALAGRANDE,12:52 p. m.,8400,10200,05/11/2025
HL,1,150,BUGALAGRANDE,12:50 p. m.,9200,10600,05/11/2025
ML,1,90,BUGALAGRANDE,12:52 p. m.,10000,14000,05/11/2025
HV,1,340,YOTOCO,12:55 p. m.,9200,9650,05/11/2025
VH,1,265,ZARZAL,12:59 p. m.,6600,7050,05/11/2025
VH,4,321,BUGALAGRANDE,01:00 p. m.,7800,8100,05/11/2025
VH,1,395,BUGALAGRANDE,01:02 p. m.,7500,8100,05/11/2025
HL,2,128,BUGALAGRANDE,01:03 p. m.,9000,9600,05/11/2025
HL,1,190,CARTAGO,01:06 p. m.,8200,8600,05/11/2025
HL,1,205,CARTAGO,01:07 p. m.,8700,8900,05/11/2025
HV,2,262,PEREIRA,01:08 p. m.,6800,7300,05/11/2025
HL,1,125,PEREIRA,01:09 p. m.,5000,6400,05/11/2025
VH,1,385,PEREIRA,01:11 p. m.,7800,8400,05/11/2025
HL,1,100,PEREIRA,01:11 p. m.,7000,8400,05/11/2025
HV,1,250,PEREIRA,01:12 p. m.,7400,7700,05/11/2025
HL,1,100,PEREIRA,01:16 p. m.,8400,9800,05/11/2025
ML,1,155,PEREIRA,01:13 p. m.,5000,6400,05/11/2025
ML,1,165,PEREIRA,01:15 p. m.,7400,8250,05/11/2025
HL,1,210,SEVILLA,01:16 p. m.,6400,7200,05/11/2025
HL,1,165,SEVILLA,01:19 p. m.,8000,8500,05/11/2025
MC,1,295,SEVILLA,01:19 p. m.,7200,7200,05/11/2025
HV,1,375,SEVILLA,01:20 p. m.,8500,8500,05/11/2025
MC,1,325,SEVILLA,01:21 p. m.,6700,7950,05/11/2025
TR,1,295,SEVILLA,01:22 p. m.,7800,8150,05/11/2025
MC,1,360,SEVILLA,01:22 p. m.,8200,8500,05/11/2025
TR,1,360,SEVILLA,01:23 p. m.,7800,8500,05/11/2025
HV,2,248,SEVILLA,01:23 p. m.,7000,7450,05/11/2025
ML,2,218,SEVILLA,01:24 p. m.,7900,8500,05/11/2025
VH,1,455,BUGALAGRANDE,01:24 p. m.,9000,10800,05/11/2025
VH,1,460,BUGALAGRANDE,01:26 p. m.,7500,7700,05/11/2025
VH,1,545,BUGALAGRANDE,01:26 p. m.,4800,5900,05/11/2025
VH,1,355,BUGALAGRANDE,01:27 p. m.,8200,8300,05/11/2025
VH,1,395,BUGALAGRANDE,01:28 p. m.,7700,8250,05/11/2025
HL,4,186,BUGALAGRANDE,01:29 p. m.,6000,6200,05/11/2025
ML,3,170,BUGALAGRANDE,01:32 p. m.,6800,7100,05/11/2025
MC,2,268,TULUA,01:34 p. m.,8000,8700,05/11/2025
ML,1,220,TULUA,01:36 p. m.,7800,9500,05/11/2025
ML,1,240,TULUA,01:37 p. m.,4800,6400,05/11/2025
TR,1,265,TULUA,01:38 p. m.,7600,8600,05/11/2025
ML,1,195,BUGALAGRANDE,01:40 p. m.,7800,9150,05/11/2025
HL,1,225,BUGALAGRANDE,01:39 p. m.,5000,6000,05/11/2025
HL,1,155,BUGALAGRANDE,01:41 p. m.,7800,8250,05/11/2025
ML,5,110,SAN VICENTE,01:46 p. m.,9000,9450,05/11/2025
HL,2,130,SAN VICENTE,01:49 p. m.,7800,8100,05/11/2025
ML,2,180,SAN VICENTE,01:49 p. m.,8600,8650,05/11/2025
HL,4,105,SAN VICENTE,01:51 p. m.,8400,8850,05/11/2025
ML,2,140,SAN VICENTE,01:54 p. m.,6800,7300,05/11/2025
HL,7,125,SAN VICENTE,01:55 p. m.,8400,8550,05/11/2025
HV,2,265,EL DOVIO,02:06 p. m.,7900,8150,05/11/2025
HL,3,152,SAN VICENTE,01:58 p. m.,7800,8150,05/11/2025
HL,1,85,SAN VICENTE,02:01 p. m.,9200,11200,05/11/2025
HL,3,88,SAN VICENTE,02:03 p. m.,9200,10300,05/11/2025
ML,2,220,EL DOVIO,02:08 p. m.,9000,9180,05/11/2025
HL,4,174,EL DOVIO,02:07 p. m.,8400,8720,05/11/2025
HL,1,190,EL DOVIO,02:08 p. m.,4000,4000,05/11/2025
HL,2,165,EL DOVIO,02:10 p. m.,7800,8350,05/11/2025
MC,4,316,TRUJILLO,11:18 p. m.,7500,7500,05/11/2025
ML,3,218,ZARZAL,08:46 a. m.,9800,9800,05/11/2025
ML,9,245,TULUA,06:43 a. m.,9800,11000,12/11/2025
ML,5,209,TULUA,06:44 a. m.,10500,10950,12/11/2025
HL,3,92,MONTERIA,06:53 a. m.,11000,12800,12/11/2025
ML,3,78,MONTERIA,07:08 a. m.,10000,12800,12/11/2025
HL,1,90,MONTERIA,07:13 a. m.,9000,10800,12/11/2025
HL,1,60,MONTERIA,07:13 a. m.,10200,11600,12/11/2025
HL,1,75,MONTERIA,07:13 a. m.,7800,9400,12/11/2025
ML,1,160,MONTERIA,07:14 a. m.,11000,11200,12/11/2025
VH,1,220,MONTERIA,07:14 a. m.,7000,7700,12/11/2025
ML,1,170,MONTERIA,07:14 a. m.,8400,10000,12/11/2025
ML,1,115,MONTERIA,07:15 a. m.,12000,12600,12/11/2025
HL,1,140,MONTERIA,07:15 a. m.,8400,9600,12/11/2025
HL,4,128,MONTERIA,07:20 a. m.,7800,9000,12/11/2025
HL,3,100,MONTERIA,07:21 a. m.,9000,10200,12/11/2025
ML,2,142,MONTERIA,07:26 a. m.,7000,7300,12/11/2025
HV,2,318,OBANDO,07:28 a. m.,7800,8400,12/11/2025
HV,1,395,OBANDO,07:31 a. m.,7500,7800,12/11/2025
HV,1,285,OBANDO,07:31 a. m.,7500,8050,12/11/2025
VH,1,450,OBANDO,07:32 a. m.,8200,8400,12/11/2025
HV,1,350,OBANDO,07:32 a. m.,7800,8100,12/11/2025
HV,1,265,OBANDO,07:33 a. m.,7400,7800,12/11/2025
HV,1,305,OBANDO,07:33 a. m.,8200,8300,12/11/2025
HV,1,375,OBANDO,07:35 a. m.,8700,8700,12/11/2025
VH,1,460,OBANDO,07:36 a. m.,7200,7200,12/11/2025
HL,1,210,OBANDO,07:35 a. m.,8000,8000,12/11/2025
HL,1,185,OBANDO,07:38 a. m.,7800,8200,12/11/2025
HL,1,135,OBANDO,07:39 a. m.,8000,8800,12/11/2025
VH,1,410,LA UNION,07:39 a. m.,6800,7300,12/11/2025
HL,4,164,OBANDO,08:01 a. m.,7800,8200,12/11/2025
HL,1,110,OBANDO,08:01 a. m.,9600,10800,12/11/2025
HL,3,130,RIOFRIO,07:41 a. m.,8400,9800,12/11/2025
ML,2,68,RIOFRIO,07:45 a. m.,8400,8800,12/11/2025
ML,4,115,RIOFRIO,07:47 a. m.,7600,8800,12/11/2025
HL,2,110,RIOFRIO,07:49 a. m.,7800,8300,12/11/2025
ML,5,87,RIOFRIO,07:51 a. m.,7800,7800,12/11/2025
HL,2,85,RIOFRIO,07:49 a. m.,8800,10800,12/11/2025
ML,4,98,RIOFRIO,07:54 a. m.,8400,8600,12/11/2025
ML,2,80,RIOFRIO,07:55 a. m.,6000,6600,12/11/2025
HL,2,88,RIOFRIO,07:56 a. m.,8800,9600,12/11/2025
ML,1,65,ROLDANILLO,07:57 a. m.,8000,9400,12/11/2025
ML,1,95,CAUCASIA,07:58 a. m.,9600,10200,12/11/2025
HL,1,160,CAUCASIA,08:00 a. m.,7800,8500,12/11/2025
HV,3,178,CAUCASIA,08:02 a. m.,8500,8900,12/11/2025
HL,5,138,CAUCASIA,08:03 a. m.,8700,9150,12/11/2025
HL,2,112,CAUCASIA,08:06 a. m.,12000,12200,12/11/2025
HL,1,125,CAUCASIA,08:13 a. m.,4500,4500,12/11/2025
ML,1,165,CAUCASIA,08:24 a. m.,7000,10000,12/11/2025
HL,1,110,CAUCASIA,08:25 a. m.,7000,9500,12/11/2025
HL,5,141,CAUCASIA,08:17 a. m.,9200,10350,12/11/2025
HL,5,110,CAUCASIA,08:20 a. m.,9600,10400,12/11/2025
HL,4,149,CAUCASIA,08:26 a. m.,8500,8850,12/11/2025
HL,1,115,CAUCASIA,08:26 a. m.,9000,9400,12/11/2025
HL,6,111,CAUCASIA,08:28 a. m.,9000,9700,12/11/2025
HL,1,75,CAUCASIA,08:30 a. m.,10000,11000,12/11/2025
HL,1,95,CAUCASIA,08:30 a. m.,12000,13200,12/11/2025
ML,1,115,CAUCASIA,08:28 a. m.,9500,11500,12/11/2025
HL,3,143,CAUCASIA,08:33 a. m.,8700,9100,12/11/2025
HL,5,99,CAUCASIA,08:38 a. m.,9400,9800,12/11/2025
HL,4,166,TAMESIS,08:40 a. m.,8400,8900,12/11/2025
HL,1,100,CAUCASIA,08:36 a. m.,9000,12000,12/11/2025
HL,4,200,TAMESIS,08:47 a. m.,8700,8700,12/11/2025
HL,4,219,TAMESIS,08:47 a. m.,8400,8600,12/11/2025
HL,1,80,CAUCASIA,08:33 a. m.,9200,12800,12/11/2025
HL,2,195,TAMESIS,08:49 a. m.,8100,8100,12/11/2025
HV,3,237,TAMESIS,08:45 a. m.,7800,8000,12/11/2025
HV,6,232,TAMESIS,08:51 a. m.,8300,8500,12/11/2025
HL,1,180,TAMESIS,08:54 a. m.,7000,8000,12/11/2025
ML,5,120,TAMESIS,09:02 a. m.,8400,9200,12/11/2025
HV,1,330,TAMESIS,08:53 a. m.,7700,7900,12/11/2025
VH,1,425,TAMESIS,08:52 a. m.,9200,10200,12/11/2025
HL,3,140,TAMESIS,08:55 a. m.,8700,8700,12/11/2025
HL,1,120,TAMESIS,09:03 a. m.,8800,10600,12/11/2025
HV,2,282,LA UNION,09:04 a. m.,8000,8000,12/11/2025
HV,1,320,LA UNION,09:06 a. m.,10000,10400,12/11/2025
MC,6,308,LA UNION,09:07 a. m.,7200,8200,12/11/2025
VH,3,420,BUGALAGRANDE,09:09 a. m.,5800,5800,12/11/2025
VH,1,425,BUGALAGRANDE,09:14 a. m.,7800,8250,12/11/2025
VH,3,403,BUGALAGRANDE,09:14 a. m.,7800,7950,12/11/2025
VH,4,429,BUGALAGRANDE,09:15 a. m.,6800,7000,12/11/2025
VH,3,373,BUGALAGRANDE,09:16 a. m.,7600,7600,12/11/2025
HV,2,360,BUGALAGRANDE,09:19 a. m.,8200,8400,12/11/2025
ML,3,152,SEVILLA,09:20 a. m.,11000,12450,12/11/2025
ML,4,194,SEVILLA,09:23 a. m.,10800,12000,12/11/2025
HL,2,210,SEVILLA,09:27 a. m.,9500,10750,12/11/2025
ML,1,85,SEVILLA,09:27 a. m.,11000,12800,12/11/2025
HL,1,110,SEVILLA,09:30 a. m.,11000,12000,12/11/2025
MC,4,224,TULUA,09:38 a. m.,9200,9200,12/11/2025
ML,3,218,TULUA,09:35 a. m.,9500,9500,12/11/2025
MC,1,320,BUGALAGRANDE,09:42 a. m.,9000,10550,12/11/2025
TR,1,355,BUGALAGRANDE,09:44 a. m.,8700,8700,12/11/2025
TR,1,335,BUGALAGRANDE,09:45 a. m.,8400,8500,12/11/2025
HV,1,240,TULUA,09:39 a. m.,7500,7600,12/11/2025
MC,1,350,TULUA,09:41 a. m.,8400,8600,12/11/2025
MC,1,355,TULUA,09:41 a. m.,8500,8750,12/11/2025
TR,1,255,TULUA,09:42 a. m.,7800,10300,12/11/2025
MC,7,291,BUGALAGRANDE,09:46 a. m.,9000,9200,12/11/2025
ML,2,248,BUGALAGRANDE,09:47 a. m.,9000,9700,12/11/2025
TR,1,450,JAMUNDI,09:50 a. m.,8700,9750,12/11/2025
TO,1,470,JAMUNDI,09:49 a. m.,9200,9700,12/11/2025
TR,1,455,JAMUNDI,09:51 a. m.,9400,9600,12/11/2025
TR,1,465,JAMUNDI,09:52 a. m.,8800,9600,12/11/2025
TR,1,460,JAMUNDI,09:52 a. m.,9000,9600,12/11/2025
TO,1,510,JAMUNDI,09:54 a. m.,9800,10400,12/11/2025
TO,1,500,JAMUNDI,09:56 a. m.,9400,9700,12/11/2025
TO,1,480,JAMUNDI,09:58 a. m.,9000,9100,12/11/2025
TO,1,485,JAMUNDI,09:57 a. m.,9400,10100,12/11/2025
TO,1,485,JAMUNDI,09:59 a. m.,9400,9500,12/11/2025
HL,6,196,TORO,10:00 a. m.,7400,7400,12/11/2025
TR,1,455,COROZAL,10:19 a. m.,9200,10000,12/11/2025
HL,1,205,COROZAL,10:19 a. m.,7700,7850,12/11/2025
HL,1,190,COROZAL,10:17 a. m.,8000,8300,12/11/2025
HV,1,270,COROZAL,10:20 a. m.,7200,7700,12/11/2025
HL,1,75,COROZAL,10:24 a. m.,10000,11600,12/11/2025
HV,1,260,TORO,10:02 a. m.,6000,6400,12/11/2025
HV,1,350,TORO,10:14 a. m.,5700,7200,12/11/2025
HL,1,180,TORO,10:15 a. m.,7900,8000,12/11/2025
HL,1,175,TORO,10:16 a. m.,7800,7800,12/11/2025
VI,1,295,TORO,10:16 a. m.,5000,5600,12/11/2025
VH,1,345,COROZAL,10:22 a. m.,2000,4750,12/11/2025
HV,1,255,COROZAL,10:26 a. m.,6500,7300,12/11/2025
HL,1,180,COROZAL,10:24 a. m.,7000,7750,12/11/2025
HV,1,280,COROZAL,10:25 a. m.,6400,7450,12/11/2025
HL,1,180,COROZAL,10:29 a. m.,6000,7600,12/11/2025
MC,1,275,LA UNION,10:27 a. m.,7500,7500,12/11/2025
HV,2,250,OBANDO,10:40 a. m.,6500,6500,12/11/2025
ML,2,172,VERSALLES,10:42 a. m.,8300,9200,12/11/2025
HL,2,190,VERSALLES,10:44 a. m.,7500,7750,12/11/2025
HL,1,145,OBANDO,10:40 a. m.,1000,5000,12/11/2025
ML,2,190,VERSALLES,10:44 a. m.,8500,8750,12/11/2025
HV,1,270,VERSALLES,10:45 a. m.,7500,7800,12/11/2025
HL,1,185,VERSALLES,10:49 a. m.,9200,9200,12/11/2025
ML,1,150,VERSALLES,10:46 a. m.,8000,8200,12/11/2025
HL,1,180,VERSALLES,10:48 a. m.,8600,8500,12/11/2025
ML,1,120,VERSALLES,10:52 a. m.,8000,8400,12/11/2025
ML,1,130,VERSALLES,10:52 a. m.,9000,10400,12/11/2025
HL,1,165,VERSALLES,10:50 a. m.,7800,8800,12/11/2025
HL,8,214,SEVILLA,10:53 a. m.,8000,8450,12/11/2025
HL,8,214,SEVILLA,10:57 a. m.,8350,8600,12/11/2025
HL,8,200,SEVILLA,10:58 a. m.,8500,8650,12/11/2025
HL,8,200,SEVILLA,11:02 a. m.,8300,8700,12/11/2025
ML,2,210,SAN VICENTE,11:17 a. m.,6800,7250,12/11/2025
HL,1,190,EL DOVIO,10:30 a. m.,8000,8400,12/11/2025
VH,1,390,EL DOVIO,10:32 a. m.,5900,6600,12/11/2025
ML,1,215,EL DOVIO,10:33 a. m.,7900,8400,12/11/2025
HL,1,135,EL DOVIO,10:33 a. m.,7500,8000,12/11/2025
HL,2,165,OBANDO,10:38 a. m.,6400,7800,12/11/2025
VH,1,390,TORO,10:34 a. m.,7400,7700,12/11/2025
VH,1,505,TORO,10:36 a. m.,7800,8200,12/11/2025
ML,1,100,TORO,10:37 a. m.,8400,10800,12/11/2025
HL,8,187,SEVILLA,11:05 a. m.,7700,7800,12/11/2025
HL,1,225,SEVILLA,11:11 a. m.,5000,6500,12/11/2025
HL,7,195,SEVILLA,11:13 a. m.,7500,8150,12/11/2025
HL,5,142,SAN VICENTE,11:22 a. m.,7900,8250,12/11/2025
HL,4,170,SAN VICENTE,11:33 a. m.,7200,7700,12/11/2025
HL,6,155,SAN VICENTE,11:35 a. m.,7500,7850,12/11/2025
HL,8,218,SAN VICENTE,11:39 a. m.,8000,8200,12/11/2025
HL,4,115,SAN VICENTE,11:41 a. m.,8200,9000,12/11/2025
HL,5,185,SAN VICENTE,11:44 a. m.,7500,7850,12/11/2025
HL,6,149,SAN VICENTE,11:47 a. m.,7800,7800,12/11/2025
HL,3,155,SAN VICENTE,11:50 a. m.,8500,8600,12/11/2025
HL,6,114,SAN VICENTE,11:53 a. m.,8400,8800,12/11/2025
HL,7,156,SAN VICENTE,11:55 a. m.,7900,8150,12/11/2025
HL,1,125,SAN VICENTE,12:00 p. m.,3500,4750,12/11/2025
ML,4,135,SAN VICENTE,12:01 p. m.,7800,8050,12/11/2025
HL,3,183,SAN VICENTE,12:03 p. m.,7800,8050,12/11/2025
HL,1,185,SAN VICENTE,12:04 p. m.,4500,5300,12/11/2025
ML,2,110,SAN VICENTE,12:05 p. m.,6600,8500,12/11/2025
HL,1,145,SAN VICENTE,12:07 p. m.,4500,5500,12/11/2025
HL,1,130,SAN VICENTE,12:08 p. m.,8000,9200,12/11/2025
HL,6,147,SAN VICENTE,12:09 p. m.,8200,8200,12/11/2025
HL,9,149,TESALIA,12:20 p. m.,9200,9550,12/11/2025
HL,4,108,TESALIA,12:24 p. m.,9800,11400,12/11/2025
HL,2,180,TESALIA,12:25 p. m.,7800,7900,12/11/2025
HL,2,142,TESALIA,12:27 p. m.,9000,10800,12/11/2025
HL,1,130,TESALIA,12:30 p. m.,10000,11400,12/11/2025
HL,1,210,TESALIA,12:28 p. m.,9000,9800,12/11/2025
HL,1,160,TESALIA,12:29 p. m.,7400,8000,12/11/2025
HL,4,156,TESALIA,12:31 p. m.,8000,8600,12/11/2025
HL,3,127,TESALIA,12:32 p. m.,8500,10200,12/11/2025
ML,7,138,TESALIA,12:32 p. m.,11000,11000,12/11/2025
ML,3,153,TESALIA,12:35 p. m.,9500,10100,12/11/2025
ML,2,128,TESALIA,12:39 p. m.,9400,10750,12/11/2025
ML,4,90,TESALIA,12:40 p. m.,11000,13800,12/11/2025
ML,4,128,TESALIA,12:42 p. m.,9400,10900,12/11/2025
HL,5,185,BOLIVAR,12:43 p. m.,8500,8700,12/11/2025
HL,3,138,BOLIVAR,12:45 p. m.,9000,9450,12/11/2025
HL,1,200,BOLIVAR,12:47 p. m.,7700,8100,12/11/2025
HL,2,218,BOLIVAR,12:48 p. m.,8200,8450,12/11/2025
HV,5,314,EL DOVIO,12:49 p. m.,8000,8300,12/11/2025
HV,4,366,EL DOVIO,12:51 p. m.,8500,8800,12/11/2025
HV,4,362,EL DOVIO,12:52 p. m.,8400,8500,12/11/2025
HV,4,375,EL DOVIO,12:53 p. m.,8200,8600,12/11/2025
VH,2,285,PEREIRA,12:55 p. m.,6700,6700,12/11/2025
ML,1,85,PEREIRA,01:06 p. m.,10000,12800,12/11/2025
VH,1,325,PEREIRA,12:57 p. m.,6200,6800,12/11/2025
HL,1,60,PEREIRA,12:59 p. m.,9000,10600,12/11/2025
ML,1,190,PEREIRA,01:00 p. m.,8100,8350,12/11/2025
HL,1,125,PEREIRA,01:00 p. m.,4000,6500,12/11/2025
VH,1,360,PEREIRA,01:02 p. m.,7300,7700,12/11/2025
VH,1,445,PEREIRA,01:03 p. m.,7000,7550,12/11/2025
HL,1,200,PEREIRA,01:04 p. m.,7500,7700,12/11/2025
HV,1,300,PEREIRA,01:04 p. m.,8000,8100,12/11/2025
ML,1,190,PEREIRA,01:05 p. m.,5900,6300,12/11/2025
VH,1,430,ZARZAL,01:09 p. m.,7800,8000,12/11/2025
VH,1,400,ZARZAL,01:12 p. m.,8200,8800,12/11/2025
VH,1,495,ZARZAL,01:12 p. m.,9200,11400,12/11/2025
VH,1,505,ZARZAL,01:13 p. m.,7000,8200,12/11/2025
VH,1,475,ZARZAL,01:14 p. m.,5400,5850,12/11/2025
VH,1,540,ZARZAL,01:14 p. m.,7200,7850,12/11/2025
VH,1,525,ZARZAL,01:15 p. m.,9000,10000,12/11/2025
VH,1,445,ZARZAL,01:16 p. m.,8400,9600,12/11/2025
VH,1,395,SEVILLA,01:16 p. m.,6900,7400,12/11/2025
HV,1,425,ZARZAL,01:17 p. m.,8200,8600,12/11/2025
HV,1,285,ZARZAL,01:19 p. m.,7700,8150,12/11/2025
HV,1,290,ZARZAL,01:20 p. m.,7700,8300,12/11/2025
BH,1,360,ZARZAL,01:20 p. m.,7900,7900,12/11/2025
BH,1,375,ZARZAL,01:21 p. m.,7600,7600,12/11/2025
ML,1,140,ZARZAL,01:21 p. m.,8400,8600,12/11/2025
HV,1,310,ZARZAL,01:22 p. m.,8200,8450,12/11/2025
BH,1,380,ZARZAL,01:22 p. m.,8500,8500,12/11/2025
HV,1,300,ZARZAL,01:23 p. m.,7800,8200,12/11/2025
VH,1,390,ZARZAL,01:24 p. m.,7800,8500,12/11/2025
HL,2,228,PLANETA RICA,01:28 p. m.,4800,6300,12/11/2025
VH,1,385,ROLDANILLO,01:25 p. m.,4400,5100,12/11/2025
HV,3,265,PLANETA RICA,01:32 p. m.,7800,8100,12/11/2025
HV,4,264,LA VICTORIA,01:34 p. m.,7800,7900,12/11/2025
HV,6,255,PLANETA RICA,01:36 p. m.,7800,8050,12/11/2025
TO,1,530,LA VICTORIA,01:37 p. m.,9800,10300,12/11/2025
HV,1,295,LA UNION,01:40 p. m.,7400,7900,12/11/2025
HL,1,230,LA UNION,01:41 p. m.,6400,6800,12/11/2025
ML,5,63,PEREIRA,01:42 p. m.,9000,11400,12/11/2025
VH,1,445,SEVILLA,01:46 p. m.,2500,3750,12/11/2025
ML,1,155,SEVILLA,01:48 p. m.,1500,4500,12/11/2025
HL,1,150,PEREIRA,01:51 p. m.,9000,11100,12/11/2025
HL,1,80,PEREIRA,01:54 p. m.,9500,12500,12/11/2025
HL,1,65,PEREIRA,01:54 p. m.,5000,6500,12/11/2025
HL,1,80,PEREIRA,01:53 p. m.,2000,4000,12/11/2025
HL,1,75,PEREIRA,01:52 p. m.,8400,10400,12/11/2025
ML,5,59,PEREIRA,01:55 p. m.,7800,8600,12/11/2025
ML,2,128,SEVILLA,02:00 p. m.,5000,7300,12/11/2025
ML,2,102,SEVILLA,01:57 p. m.,5000,5600,12/11/2025
HL,8,177,SEVILLA,02:01 p. m.,8650,8700,12/11/2025
HL,8,210,SEVILLA,02:03 p. m.,8400,8650,12/11/2025
HL,8,215,SEVILLA,02:04 p. m.,8500,9000,12/11/2025
VH,1,445,JAMUNDI,02:35 p. m.,9000,9700,12/11/2025
BF,2,390,JAMUNDI,02:45 p. m.,7800,8350,12/11/2025
BF,4,320,JAMUNDI,02:43 p. m.,7500,7900,12/11/2025
BF,3,355,JAMUNDI,02:43 p. m.,7200,7350,12/11/2025
BF,2,430,JAMUNDI,02:46 p. m.,8000,8600,12/11/2025
VH,5,395,BUGALAGRANDE,02:51 p. m.,7800,8180,12/11/2025
VH,5,317,BUGALAGRANDE,02:58 p. m.,7500,7950,12/11/2025
VH,1,420,BUGALAGRANDE,03:02 p. m.,6400,6700,12/11/2025
HL,5,94,BUGALAGRANDE,03:03 p. m.,8600,8800,12/11/2025
ML,2,102,BUGALAGRANDE,03:31 p. m.,10000,10600,12/11/2025
TO,5,413,ALCALA,04:08 p. m.,9000,9000,12/11/2025
HV,5,275,ALCALA,04:09 p. m.,8300,8300,12/11/2025
VH,3,454,ALCALA,04:09 p. m.,8800,8800,12/11/2025
ML,2,108,GINEBRA,06:03 a. m.,12000,15400,19/11/2025
HL,2,115,GINEBRA,06:05 a. m.,11000,11600,19/11/2025
HL,1,125,GINEBRA,06:08 a. m.,9400,11000,19/11/2025
VH,1,495,GINEBRA,06:13 a. m.,6700,7800,19/11/2025
VH,1,365,GINEBRA,06:15 a. m.,6700,6700,19/11/2025
VH,1,325,GINEBRA,06:16 a. m.,5300,6100,19/11/2025
ML,1,145,GINEBRA,06:11 a. m.,11000,12000,19/11/2025
VH,3,370,GINEBRA,06:18 a. m.,8100,8300,19/11/2025
VH,1,340,GINEBRA,06:20 a. m.,7800,7800,19/11/2025
HL,1,145,ROLDANILLO,06:26 a. m.,8400,8600,19/11/2025
HL,1,145,ROLDANILLO,06:24 a. m.,8400,9200,19/11/2025
HL,1,150,ROLDANILLO,06:26 a. m.,8200,8600,19/11/2025
HL,1,130,ROLDANILLO,06:31 a. m.,8000,9200,19/11/2025
HL,1,220,ROLDANILLO,06:30 a. m.,7900,8400,19/11/2025
HL,1,150,ROLDANILLO,06:28 a. m.,7400,7800,19/11/2025
ML,1,125,LA UNION,06:36 a. m.,12000,12800,19/11/2025
ML,1,225,LA UNION,06:38 a. m.,9400,9400,19/11/2025
HL,1,115,LA UNION,06:34 a. m.,9000,10600,19/11/2025
ML,1,135,LA UNION,06:39 a. m.,8400,10200,19/11/2025
ML,1,190,LA UNION,06:40 a. m.,9400,9400,19/11/2025
ML,1,205,LA UNION,06:44 a. m.,8700,9100,19/11/2025
HV,1,365,LA UNION,06:41 a. m.,6800,7800,19/11/2025
ML,1,195,ZARZAL,06:58 a. m.,8200,8300,19/11/2025
ML,1,100,ZARZAL,07:04 a. m.,9000,10400,19/11/2025
HL,1,120,ZARZAL,07:06 a. m.,8400,9200,19/11/2025
ML,1,110,ZARZAL,07:03 a. m.,12000,12000,19/11/2025
VH,1,420,LA UNION,07:09 a. m.,8400,9200,19/11/2025
VH,1,485,LA UNION,07:10 a. m.,9000,9700,19/11/2025
VH,1,495,LA UNION,07:11 a. m.,8900,9300,19/11/2025
VH,1,420,LA UNION,07:12 a. m.,9200,9600,19/11/2025
VH,1,515,LA UNION,07:13 a. m.,8700,9400,19/11/2025
VH,1,455,LA UNION,07:14 a. m.,8700,9150,19/11/2025
VH,1,405,LA UNION,07:16 a. m.,9000,9450,19/11/2025
HL,1,90,CAUCASIA,07:20 a. m.,10000,10000,19/11/2025
HL,1,100,CAUCASIA,07:17 a. m.,8800,10800,19/11/2025
ML,1,115,CAUCASIA,07:20 a. m.,11000,12000,19/11/2025
HL,1,100,CAUCASIA,07:18 a. m.,8000,10800,19/11/2025
VH,1,390,SEVILLA,07:23 a. m.,7900,8550,19/11/2025
ML,1,210,CAUCASIA,07:24 a. m.,4800,7200,19/11/2025
HL,1,125,CAUCASIA,07:24 a. m.,8400,9800,19/11/2025
ML,4,129,CAUCASIA,07:22 a. m.,8400,9900,19/11/2025
ML,4,122,CAUCASIA,07:22 a. m.,9400,10900,19/11/2025
ML,3,115,CAUCASIA,07:25 a. m.,8800,10800,19/11/2025
ML,4,111,CAUCASIA,07:28 a. m.,9000,10900,19/11/2025
ML,3,113,CAUCASIA,07:33 a. m.,8200,9700,19/11/2025
HV,1,360,LA UNION,07:38 a. m.,8300,8500,19/11/2025
HV,1,285,LA UNION,07:40 a. m.,7700,7800,19/11/2025
HV,1,230,LA UNION,07:40 a. m.,8200,8400,19/11/2025
ML,4,112,CAUCASIA,07:34 a. m.,10000,11000,19/11/2025
VH,1,350,LA UNION,07:41 a. m.,7100,7700,19/11/2025
HV,1,330,LA UNION,07:41 a. m.,8400,8600,19/11/2025
HV,4,298,LA UNION,07:41 a. m.,7500,8500,19/11/2025
HV,1,250,OBANDO,07:43 a. m.,6400,6800,19/11/2025
HL,1,165,OBANDO,07:45 a. m.,6000,6800,19/11/2025
HL,1,160,OBANDO,07:45 a. m.,7200,7600,19/11/2025
HL,3,233,OBANDO,07:46 a. m.,8350,8350,19/11/2025
VH,1,405,LA UNION,07:50 a. m.,5800,6050,19/11/2025
HL,1,90,LA UNION,07:52 a. m.,10000,10800,19/11/2025
HL,7,175,OBANDO,07:52 a. m.,8800,8800,19/11/2025
HL,2,175,OBANDO,07:54 a. m.,7600,7700,19/11/2025
ML,1,180,TRUJILLO,07:55 a. m.,11000,11400,19/11/2025
HL,1,145,TRUJILLO,07:57 a. m.,8000,8400,19/11/2025
HV,1,305,OBANDO,08:01 a. m.,7800,8100,19/11/2025
VH,1,300,BUGALAGRANDE,08:06 a. m.,8300,8300,19/11/2025
HL,1,245,OBANDO,08:01 a. m.,8000,8300,19/11/2025
HL,1,135,OBANDO,07:59 a. m.,10000,10200,19/11/2025
HL,1,115,OBANDO,08:00 a. m.,9000,9400,19/11/2025
VH,1,357,OBANDO,08:05 a. m.,6800,7500,19/11/2025
VH,1,405,BUGALAGRANDE,08:09 a. m.,7800,8500,19/11/2025
VH,1,290,BUGALAGRANDE,08:10 a. m.,4800,7400,19/11/2025
VH,1,335,BUGALAGRANDE,08:11 a. m.,8100,8300,19/11/2025
HV,1,310,BUGALAGRANDE,08:11 a. m.,8100,8500,19/11/2025
VH,1,310,BUGALAGRANDE,08:12 a. m.,6200,7600,19/11/2025
HV,1,370,BUGALAGRANDE,08:12 a. m.,7000,7800,19/11/2025
HV,1,210,CAUCASIA,08:13 a. m.,4000,4600,19/11/2025
HL,1,105,CAUCASIA,08:14 a. m.,5000,5000,19/11/2025
HL,1,130,CAUCASIA,08:14 a. m.,7200,9000,19/11/2025
HL,1,180,CAUCASIA,08:16 a. m.,6800,7600,19/11/2025
HL,1,60,CAUCASIA,08:17 a. m.,13000,14200,19/11/2025
ML,3,95,CAUCASIA,08:19 a. m.,11000,11400,19/11/2025
ML,1,155,CAUCASIA,08:20 a. m.,9500,9800,19/11/2025
HL,1,150,CAUCASIA,08:28 a. m.,9400,10600,19/11/2025
ML,1,180,CAUCASIA,08:21 a. m.,9600,10400,19/11/2025
HL,1,125,CAUCASIA,08:23 a. m.,10000,10600,19/11/2025
ML,5,113,CAUCASIA,08:25 a. m.,9400,10300,19/11/2025
HL,2,195,CAUCASIA,08:30 a. m.,8200,8200,19/11/2025
HV,1,300,BUGALAGRANDE,08:31 a. m.,8000,8400,19/11/2025
HV,1,280,BUGALAGRANDE,08:33 a. m.,6900,7900,19/11/2025
HV,1,235,BUGALAGRANDE,08:33 a. m.,8400,8800,19/11/2025
TR,1,370,BUGALAGRANDE,08:34 a. m.,8800,8900,19/11/2025
HV,2,272,BUGALAGRANDE,08:35 a. m.,8200,9350,19/11/2025
VH,1,320,BUGALAGRANDE,08:36 a. m.,3000,4000,19/11/2025
TR,1,390,BUGALAGRANDE,08:37 a. m.,8500,8500,19/11/2025
TR,1,365,BUGALAGRANDE,08:37 a. m.,7900,8300,19/11/2025
ML,1,285,BUGALAGRANDE,08:40 a. m.,9300,9600,19/11/2025
HV,1,340,BUGALAGRANDE,08:40 a. m.,8400,8400,19/11/2025
VH,1,460,BUGALAGRANDE,08:39 a. m.,6200,7100,19/11/2025
TO,1,375,BUGALAGRANDE,08:41 a. m.,8500,8600,19/11/2025
MC,1,360,BUGALAGRANDE,08:41 a. m.,7800,8300,19/11/2025
TR,1,340,BUGALAGRANDE,08:42 a. m.,7800,8400,19/11/2025
HV,1,290,BUGALAGRANDE,08:44 a. m.,8200,8250,19/11/2025
HV,1,300,BUGALAGRANDE,08:44 a. m.,7900,8200,19/11/2025
MC,1,290,BUGALAGRANDE,08:45 a. m.,5800,5800,19/11/2025
TO,1,430,BUGALAGRANDE,08:46 a. m.,8400,9300,19/11/2025
MC,1,385,BUGALAGRANDE,08:48 a. m.,8200,8600,19/11/2025
TR,1,330,BUGALAGRANDE,08:47 a. m.,8700,8800,19/11/2025
VH,1,365,BUGALAGRANDE,08:48 a. m.,5800,6400,19/11/2025
MC,1,340,BUGALAGRANDE,08:50 a. m.,8400,8600,19/11/2025
HV,1,340,BUGALAGRANDE,08:51 a. m.,8400,8700,19/11/2025
HV,2,265,BOLIVAR,08:51 a. m.,8500,8800,19/11/2025
HL,2,240,BOLIVAR,08:53 a. m.,8000,8300,19/11/2025
HL,4,245,BOLIVAR,08:56 a. m.,8200,8500,19/11/2025
HV,2,288,BOLIVAR,08:56 a. m.,8500,8700,19/11/2025
HL,6,148,CAQUETA,08:59 a. m.,8400,9300,19/11/2025
HL,3,135,CAQUETA,09:04 a. m.,8600,9500,19/11/2025
HL,8,144,CAQUETA,09:01 a. m.,9000,9400,19/11/2025
HL,5,154,CAQUETA,09:06 a. m.,8200,8550,19/11/2025
HL,2,118,CAQUETA,09:08 a. m.,8200,10000,19/11/2025
HL,1,140,CAQUETA,09:12 a. m.,7800,8400,19/11/2025
HL,1,130,CAQUETA,09:12 a. m.,10000,10800,19/11/2025
HL,1,165,CAQUETA,09:10 a. m.,8200,8000,19/11/2025
HL,1,125,CAQUETA,09:12 a. m.,9000,10000,19/11/2025
ML,1,155,SAN PEDRO,09:16 a. m.,8000,10400,19/11/2025
ML,1,170,SAN PEDRO,09:14 a. m.,10000,10200,19/11/2025
ML,1,185,SAN PEDRO,09:15 a. m.,9500,9600,19/11/2025
ML,1,200,SAN PEDRO,09:13 a. m.,9200,9600,19/11/2025
MC,1,290,SAN PEDRO,09:16 a. m.,7400,7650,19/11/2025
ML,1,210,SAN PEDRO,09:17 a. m.,7800,7900,19/11/2025
ML,1,215,SAN PEDRO,09:17 a. m.,9200,9300,19/11/2025
ML,1,160,SAN PEDRO,09:19 a. m.,4600,6400,19/11/2025
HV,1,310,SAN PEDRO,09:18 a. m.,6200,7300,19/11/2025
ML,1,105,SAN PEDRO,09:18 a. m.,8200,8200,19/11/2025
VH,1,270,ZARZAL,09:19 a. m.,4000,6600,19/11/2025
ML,1,135,ZARZAL,09:24 a. m.,6000,6000,19/11/2025
ML,1,110,ZARZAL,09:23 a. m.,6800,7600,19/11/2025
VP,1,405,ZARZAL,09:25 a. m.,6800,7400,19/11/2025
ML,1,155,SAN PEDRO,09:22 a. m.,8700,9250,19/11/2025
ML,1,170,SAN PEDRO,09:22 a. m.,8500,8750,19/11/2025
MC,3,263,LA UNION,09:26 a. m.,8000,8100,19/11/2025
HL,1,110,TULUA,09:44 a. m.,7800,12600,19/11/2025
MC,4,254,LA UNION,09:30 a. m.,8700,9300,19/11/2025
VP,1,510,VERSALLES,09:30 a. m.,7700,7700,19/11/2025
VP,1,415,VERSALLES,09:33 a. m.,8000,10300,19/11/2025
VP,1,395,VERSALLES,09:34 a. m.,8000,9050,19/11/2025
VH,1,245,LA UNION,09:35 a. m.,6700,7000,19/11/2025
ML,1,100,LA UNION,09:37 a. m.,8000,9000,19/11/2025
VH,1,505,TULUA,09:40 a. m.,6700,7200,19/11/2025
ML,3,137,LA UNION,09:37 a. m.,8400,9600,19/11/2025
VH,1,385,TULUA,09:42 a. m.,7000,7450,19/11/2025
VH,1,410,TULUA,09:43 a. m.,5400,6300,19/11/2025
ML,1,145,TULUA,09:45 a. m.,6400,6800,19/11/2025
ML,4,66,SEVILLA,09:54 a. m.,11000,11800,19/11/2025
ML,1,115,SEVILLA,09:47 a. m.,10000,17600,19/11/2025
ML,1,90,SEVILLA,09:49 a. m.,9000,10600,19/11/2025
ML,1,80,SEVILLA,09:49 a. m.,13000,14200,19/11/2025
HL,4,68,SEVILLA,09:56 a. m.,10000,12600,19/11/2025
HV,3,228,TORO,09:58 a. m.,8300,8500,19/11/2025
VH,1,480,EL DOVIO,10:09 a. m.,4600,5300,19/11/2025
ML,1,245,EL DOVIO,10:12 a. m.,8200,8450,19/11/2025
MC,1,275,EL DOVIO,10:12 a. m.,7800,8100,19/11/2025
MC,1,280,EL DOVIO,10:13 a. m.,8900,8900,19/11/2025
VI,1,335,EL DOVIO,10:14 a. m.,3000,3600,19/11/2025
HV,7,232,TORO,09:59 a. m.,8500,8750,19/11/2025
HV,8,258,TORO,10:02 a. m.,8300,8750,19/11/2025
HV,8,264,TORO,10:03 a. m.,8400,8750,19/11/2025
HV,5,260,TORO,10:06 a. m.,7900,8550,19/11/2025
HV,4,270,TORO,10:07 a. m.,7600,7850,19/11/2025
ML,3,162,SAN PEDRO,10:14 a. m.,9400,10400,19/11/2025
VP,1,335,CIRCASIA,10:23 a. m.,7400,7950,19/11/2025
ML,2,162,SAN PEDRO,10:15 a. m.,8000,8400,19/11/2025
TR,1,315,CIRCASIA,10:17 a. m.,7500,8300,19/11/2025
MC,1,320,CIRCASIA,10:22 a. m.,8200,8200,19/11/2025
ML,2,182,CIRCASIA,10:22 a. m.,7500,7600,19/11/2025
VH,1,420,LA UNION,10:28 a. m.,5400,5700,19/11/2025
HL,2,208,LA UNION,10:29 a. m.,8200,8300,19/11/2025
ML,2,105,CIRCASIA,10:24 a. m.,13000,13600,19/11/2025
ML,1,130,CIRCASIA,10:26 a. m.,9400,10000,19/11/2025
MC,1,355,TRUJILLO,10:34 a. m.,8400,8700,19/11/2025
TR,1,430,TRUJILLO,10:36 a. m.,9200,9400,19/11/2025
TR,1,390,TRUJILLO,10:37 a. m.,8700,8800,19/11/2025
MC,1,375,TRUJILLO,10:37 a. m.,8700,8850,19/11/2025
TR,1,410,TRUJILLO,10:38 a. m.,8500,8800,19/11/2025
HV,1,355,LA UNION,10:30 a. m.,8400,8500,19/11/2025
MC,1,250,LA UNION,10:33 a. m.,9200,9200,19/11/2025
HL,1,200,LA UNION,10:32 a. m.,7900,8300,19/11/2025
ML,3,93,BUGALAGRANDE,10:38 a. m.,7400,7400,19/11/2025
HL,3,142,BUGALAGRANDE,10:41 a. m.,7400,8050,19/11/2025
TR,1,300,TRUJILLO,10:45 a. m.,6700,7700,19/11/2025
HL,4,124,BUGALAGRANDE,10:43 a. m.,8400,8550,19/11/2025
MC,4,269,TRUJILLO,10:50 a. m.,8500,9100,19/11/2025
HV,3,252,TRUJILLO,10:52 a. m.,8200,8500,19/11/2025
MC,1,260,TRUJILLO,10:48 a. m.,6200,7900,19/11/2025
ML,4,226,TRUJILLO,10:50 a. m.,8700,9500,19/11/2025
VH,1,315,BUGALAGRANDE,10:56 a. m.,6700,7050,19/11/2025
ML,1,125,BUGALAGRANDE,10:57 a. m.,12000,13400,19/11/2025
HL,1,85,BUGALAGRANDE,10:53 a. m.,10000,14000,19/11/2025
VP,1,435,BUGALAGRANDE,10:58 a. m.,7800,8200,19/11/2025
MC,1,260,CAMPO ALEGRE,11:02 a. m.,6900,7500,19/11/2025
HL,2,225,CAMPO ALEGRE,10:59 a. m.,7800,8650,19/11/2025
HV,1,255,CAMPO ALEGRE,11:02 a. m.,4800,7000,19/11/2025
HL,1,200,CAMPO ALEGRE,11:03 a. m.,4000,4000,19/11/2025
HV,1,245,CAMPO ALEGRE,11:03 a. m.,7500,7500,19/11/2025
ML,2,45,CAMPO ALEGRE,11:04 a. m.,13000,13000,19/11/2025
HL,2,208,SAN VICENTE,11:10 a. m.,6400,6800,19/11/2025
HV,1,340,CAMPO ALEGRE,11:05 a. m.,6900,7450,19/11/2025
HL,1,225,CAMPO ALEGRE,11:07 a. m.,7200,7600,19/11/2025
HL,1,200,CAMPO ALEGRE,11:06 a. m.,6000,7600,19/11/2025
HL,1,245,CAMPO ALEGRE,11:07 a. m.,5700,7000,19/11/2025
ML,1,200,CAMPO ALEGRE,11:08 a. m.,7900,8500,19/11/2025
HL,1,170,CAMPO ALEGRE,11:09 a. m.,4000,6200,19/11/2025
HL,2,200,SAN VICENTE,11:13 a. m.,6100,6800,19/11/2025
HL,1,190,SAN VICENTE,11:15 a. m.,7900,8200,19/11/2025
HL,2,128,SAN VICENTE,11:15 a. m.,8200,8600,19/11/2025
HL,1,110,SAN VICENTE,11:17 a. m.,8200,10200,19/11/2025
HV,6,274,EL DOVIO,11:21 a. m.,8600,8750,19/11/2025
HV,3,288,EL DOVIO,11:24 a. m.,8200,8650,19/11/2025
HL,1,245,EL DOVIO,11:25 a. m.,7400,7400,19/11/2025
HL,3,233,EL DOVIO,11:26 a. m.,8500,8700,19/11/2025
HV,5,282,EL DOVIO,11:27 a. m.,8300,8600,19/11/2025
HV,4,370,EL DOVIO,11:28 a. m.,8300,8900,19/11/2025
HV,4,369,EL DOVIO,11:30 a. m.,8780,8780,19/11/2025
HV,4,368,EL DOVIO,11:31 a. m.,8200,8750,19/11/2025
VH,2,280,EL DOVIO,11:32 a. m.,7000,7900,19/11/2025
VH,1,390,EL DOVIO,11:34 a. m.,7500,7900,19/11/2025
HV,1,310,EL DOVIO,11:36 a. m.,7800,8500,19/11/2025
HV,1,325,EL DOVIO,11:34 a. m.,7400,7950,19/11/2025
VI,1,360,TULUA,11:36 a. m.,2800,3400,19/11/2025
VH,1,395,TULUA,11:39 a. m.,3800,5000,19/11/2025
TO,1,565,TORO,11:39 a. m.,8000,9300,19/11/2025
VI,1,365,TULUA,11:41 a. m.,4400,5200,19/11/2025
TR,2,292,ROLDANILLO,11:48 a. m.,7500,7500,19/11/2025
MC,1,355,ROLDANILLO,11:50 a. m.,7900,8200,19/11/2025
HV,4,316,CAICEDONIA,11:45 a. m.,7800,8250,19/11/2025
HV,1,285,CAICEDONIA,11:52 a. m.,8500,8650,19/11/2025
TR,1,295,CAICEDONIA,11:53 a. m.,6500,6600,19/11/2025
HL,1,185,CAICEDONIA,11:53 a. m.,8500,9900,19/11/2025
TR,1,310,CAICEDONIA,11:54 a. m.,6800,7500,19/11/2025
HL,1,180,CAICEDONIA,11:54 a. m.,7400,8000,19/11/2025
HL,3,92,CAICEDONIA,11:55 a. m.,8000,9600,19/11/2025
VH,1,380,TULUA,12:04 p. m.,7200,7950,19/11/2025
VI,1,390,TULUA,11:57 a. m.,4400,5800,19/11/2025
VH,1,460,TULUA,12:05 p. m.,4800,5100,19/11/2025
VH,1,440,TULUA,12:06 p. m.,6500,6700,19/11/2025
ML,1,205,TULUA,12:06 p. m.,6700,6900,19/11/2025
HV,1,280,TULUA,12:07 p. m.,6500,6500,19/11/2025
VH,1,315,TULUA,12:07 p. m.,7400,8900,19/11/2025
VH,1,360,TULUA,12:08 p. m.,8200,9700,19/11/2025
VI,1,400,GUACARI,12:08 p. m.,3800,4900,19/11/2025
MC,2,275,GUACARI,12:23 p. m.,5800,6200,19/11/2025
HL,1,210,TULUA,12:14 p. m.,6400,6600,19/11/2025
HL,1,240,TULUA,12:11 p. m.,7400,7700,19/11/2025
ML,1,215,TULUA,12:15 p. m.,5800,7600,19/11/2025
ML,1,180,TULUA,12:17 p. m.,8400,8800,19/11/2025
ML,1,155,TULUA,12:16 p. m.,7400,8700,19/11/2025
HL,1,190,TULUA,12:18 p. m.,6400,6400,19/11/2025
ML,1,105,TULUA,12:18 p. m.,7800,8500,19/11/2025
HL,1,175,TULUA,12:15 p. m.,4800,6800,19/11/2025
MC,1,320,GUACARI,12:24 p. m.,6700,7400,19/11/2025
HL,1,215,GUACARI,12:31 p. m.,7950,7950,19/11/2025
HL,1,190,GUACARI,12:26 p. m.,7400,8100,19/11/2025
HL,2,95,TULUA,12:21 p. m.,9000,9600,19/11/2025
MC,1,260,GUACARI,12:27 p. m.,6400,7000,19/11/2025
MC,1,255,GUACARI,12:27 p. m.,6900,8100,19/11/2025
ML,1,225,GUACARI,12:26 p. m.,8200,8400,19/11/2025
HL,1,220,GUACARI,12:28 p. m.,7500,8100,19/11/2025
TR,1,310,GUACARI,12:27 p. m.,6800,7650,19/11/2025
ML,1,170,GUACARI,12:29 p. m.,7000,8200,19/11/2025
HV,1,255,GUACARI,12:31 p. m.,7500,7500,19/11/2025
HL,1,130,GUACARI,12:30 p. m.,8000,8400,19/11/2025
HL,1,155,PEREIRA,12:37 p. m.,6800,7600,19/11/2025
HL,1,150,PEREIRA,12:36 p. m.,3800,4600,19/11/2025
HL,1,115,PEREIRA,12:38 p. m.,8400,9000,19/11/2025
HL,1,125,PEREIRA,12:36 p. m.,5000,5000,19/11/2025
TR,1,255,PEREIRA,12:34 p. m.,5500,7000,19/11/2025
HL,1,225,PEREIRA,12:41 p. m.,7800,8200,19/11/2025
HV,1,265,PEREIRA,12:42 p. m.,7500,7700,19/11/2025
HL,2,228,PEREIRA,12:42 p. m.,7800,8450,19/11/2025
VI,1,265,PEREIRA,12:43 p. m.,2800,5000,19/11/2025
ML,2,72,PEREIRA,12:38 p. m.,7000,7200,19/11/2025
VH,1,380,PEREIRA,12:48 p. m.,3400,5300,19/11/2025
VH,1,400,PEREIRA,12:49 p. m.,6400,7400,19/11/2025
ML,3,148,PEREIRA,12:53 p. m.,5400,5800,19/11/2025
HL,1,185,PEREIRA,12:57 p. m.,6800,7400,19/11/2025
HL,1,115,ZARZAL,12:54 p. m.,5000,8900,19/11/2025
HL,1,225,BUGALAGRANDE,12:59 p. m.,7750,7900,19/11/2025
HL,1,235,BUGALAGRANDE,12:58 p. m.,7200,7400,19/11/2025
HV,1,310,BUGALAGRANDE,01:00 p. m.,7700,7700,19/11/2025
VH,1,380,BUGALAGRANDE,01:00 p. m.,7400,8400,19/11/2025
HV,1,285,BUGALAGRANDE,01:01 p. m.,8000,8300,19/11/2025
VP,1,495,BUGALAGRANDE,01:02 p. m.,8500,9600,19/11/2025
BH,1,520,PEREIRA,01:04 p. m.,8100,8300,19/11/2025
BH,1,360,PEREIRA,01:05 p. m.,8200,8450,19/11/2025
BF,1,435,PEREIRA,01:05 p. m.,8200,8550,19/11/2025
BH,1,490,PEREIRA,01:06 p. m.,8000,8600,19/11/2025
BF,1,480,PEREIRA,01:07 p. m.,8300,8550,19/11/2025
BH,1,520,PEREIRA,01:08 p. m.,6900,7850,19/11/2025
VH,2,310,TULUA,01:09 p. m.,5900,6400,19/11/2025
VH,3,325,TULUA,01:11 p. m.,7000,7600,19/11/2025
VH,3,372,TULUA,01:12 p. m.,5800,5800,19/11/2025
HV,1,335,TULUA,01:13 p. m.,8200,8450,19/11/2025
ML,1,145,TULUA,01:24 p. m.,8600,8700,19/11/2025
VI,1,385,TULUA,01:24 p. m.,4000,4400,19/11/2025
ML,1,155,TULUA,01:20 p. m.,8900,9100,19/11/2025
HL,1,105,TULUA,01:24 p. m.,7000,7600,19/11/2025
ML,1,100,TULUA,01:20 p. m.,9400,10200,19/11/2025
HL,4,94,TULUA,01:25 p. m.,9000,9600,19/11/2025
VH,1,290,BOLIVAR,01:28 p. m.,5800,7200,19/11/2025
HL,1,130,BOLIVAR,01:28 p. m.,8500,8500,19/11/2025
VH,1,475,BOLIVAR,01:29 p. m.,5000,6100,19/11/2025
HL,1,95,BOLIVAR,01:30 p. m.,10000,10400,19/11/2025
HL,1,120,BOLIVAR,01:29 p. m.,7800,9000,19/11/2025
HL,1,130,BOLIVAR,01:31 p. m.,8100,8500,19/11/2025
VH,5,379,BUGALAGRANDE,01:51 p. m.,7200,7950,19/11/2025
ML,1,120,BOLIVAR,01:32 p. m.,7600,8400,19/11/2025
HL,1,75,BOLIVAR,01:45 p. m.,7000,9600,19/11/2025
HL,1,135,BOLIVAR,01:44 p. m.,7900,8750,19/11/2025
HL,1,110,BOLIVAR,01:34 p. m.,9000,9300,19/11/2025
HL,1,155,BOLIVAR,01:33 p. m.,9000,9400,19/11/2025
HL,1,120,BOLIVAR,01:35 p. m.,8500,9350,19/11/2025
ML,1,160,BOLIVAR,01:36 p. m.,8200,9200,19/11/2025
HL,1,90,BOLIVAR,01:43 p. m.,8400,9200,19/11/2025
HL,1,130,BOLIVAR,01:38 p. m.,7200,8500,19/11/2025
HL,1,135,BOLIVAR,01:42 p. m.,7400,7400,19/11/2025
ML,1,100,BOLIVAR,01:40 p. m.,9000,10300,19/11/2025
HL,1,110,BOLIVAR,01:42 p. m.,8700,10400,19/11/2025
VH,7,324,BUGALAGRANDE,01:53 p. m.,7500,7850,19/11/2025
VH,7,346,BUGALAGRANDE,01:55 p. m.,6900,7750,19/11/2025
HL,6,120,BUGALAGRANDE,01:59 p. m.,9600,9600,19/11/2025
ML,1,130,BUGALAGRANDE,02:05 p. m.,9000,10700,19/11/2025
ML,2,92,BUGALAGRANDE,02:00 p. m.,12000,14200,19/11/2025
ML,2,145,BUGALAGRANDE,02:04 p. m.,11000,12800,19/11/2025
HL,1,225,BUGALAGRANDE,02:11 p. m.,7900,8600,19/11/2025
ML,8,143,SEVILLA,02:19 p. m.,8400,8400,19/11/2025
ML,6,204,SEVILLA,02:12 p. m.,6000,6200,19/11/2025
ML,3,180,SEVILLA,02:20 p. m.,6800,7000,19/11/2025
ML,1,170,SEVILLA,02:31 p. m.,4000,5500,19/11/2025
ML,1,120,SEVILLA,02:40 p. m.,8500,8500,19/11/2025
ML,4,152,SEVILLA,02:33 p. m.,6000,6450,19/11/2025
ML,5,210,SEVILLA,02:37 p. m.,8500,8500,19/11/2025
MC,1,270,SEVILLA,02:29 p. m.,8400,8400,19/11/2025
HL,1,130,BOLIVAR,03:02 p. m.,7800,8000,19/11/2025
ML,3,228,SEVILLA,02:36 p. m.,8200,8450,19/11/2025
MC,3,312,SEVILLA,02:39 p. m.,5000,5400,19/11/2025
ML,8,207,SEVILLA,02:40 p. m.,7500,8000,19/11/2025
ML,6,198,SEVILLA,02:45 p. m.,6800,6800,19/11/2025
ML,3,228,SEVILLA,02:44 p. m.,8600,8650,19/11/2025
ML,7,204,SEVILLA,02:46 p. m.,7800,8100,19/11/2025
MC,1,285,ZARZAL,06:14 a. m.,6800,7300,26/11/2025
HL,1,220,ZARZAL,06:16 a. m.,7400,8000,26/11/2025
ML,1,110,ZARZAL,06:20 a. m.,8500,8500,26/11/2025
HL,2,178,ZARZAL,06:21 a. m.,8000,8200,26/11/2025
HL,2,152,ZARZAL,06:22 a. m.,7900,8100,26/11/2025
VP,1,455,ZARZAL,06:24 a. m.,7000,8000,26/11/2025
ML,2,208,SEVILLA,06:33 a. m.,7500,7800,26/11/2025
ML,1,105,SEVILLA,06:35 a. m.,9000,9000,26/11/2025
VP,1,515,SEVILLA,06:35 a. m.,8000,8600,26/11/2025
VP,1,450,SEVILLA,06:38 a. m.,7800,8000,26/11/2025
VH,1,375,SEVILLA,06:39 a. m.,7800,7900,26/11/2025
VP,1,415,SEVILLA,06:41 a. m.,6500,7500,26/11/2025
VH,1,420,SEVILLA,06:44 a. m.,8200,8200,26/11/2025
TO,1,595,SEVILLA,06:42 a. m.,9400,9700,26/11/2025
VH,4,388,SEVILLA,06:46 a. m.,7800,8500,26/11/2025
HL,2,188,SEVILLA,06:47 a. m.,8700,9700,26/11/2025
HV,3,302,SEVILLA,06:50 a. m.,8000,8550,26/11/2025
VH,1,355,SEVILLA,06:51 a. m.,7600,8050,26/11/2025
HL,1,115,SEVILLA,06:56 a. m.,9400,10600,26/11/2025
HV,1,400,ZARZAL,06:54 a. m.,7900,8000,26/11/2025
HL,1,165,ZARZAL,06:53 a. m.,8000,8750,26/11/2025
VI,1,375,BUGALAGRANDE,07:02 a. m.,2800,2800,26/11/2025
HL,3,95,RIOFRIO,07:17 a. m.,8200,10200,26/11/2025
HL,1,140,RIOFRIO,07:23 a. m.,8400,8600,26/11/2025
ML,4,91,RIOFRIO,07:24 a. m.,9000,10350,26/11/2025
ML,4,110,RIOFRIO,07:27 a. m.,8400,8500,26/11/2025
HL,1,150,ZARZAL,07:30 a. m.,9200,9500,26/11/2025
ML,2,115,RIOFRIO,07:34 a. m.,10400,10800,26/11/2025
HV,1,295,CALARCA,07:37 a. m.,7800,8100,26/11/2025
HV,1,335,CALARCA,07:38 a. m.,7200,8000,26/11/2025
ML,1,205,CAUCASIA,07:42 a. m.,8700,9000,26/11/2025
ML,1,165,CAUCASIA,07:40 a. m.,7400,8400,26/11/2025
HL,1,125,CAUCASIA,07:44 a. m.,7800,8600,26/11/2025
HV,3,337,CALARCA,07:39 a. m.,8000,8700,26/11/2025
HL,1,110,CAUCASIA,07:46 a. m.,8200,10200,26/11/2025
HL,3,128,CAUCASIA,07:46 a. m.,8400,9050,26/11/2025
HL,3,117,CAUCASIA,07:47 a. m.,8500,8950,26/11/2025
HL,6,112,CAUCASIA,07:51 a. m.,11400,12200,26/11/2025
HL,4,101,CAUCASIA,07:50 a. m.,12000,13400,26/11/2025
HL,4,101,CAUCASIA,07:52 a. m.,12000,13000,26/11/2025
HL,3,90,CAUCASIA,07:56 a. m.,11000,13600,26/11/2025
HL,3,77,CAUCASIA,07:58 a. m.,12000,12000,26/11/2025
HL,3,87,CAUCASIA,08:01 a. m.,11000,13000,26/11/2025
HL,2,75,CAUCASIA,08:06 a. m.,11000,11800,26/11/2025
MC,1,330,BUGALAGRANDE,08:17 a. m.,8500,8750,26/11/2025
VI,1,510,JAMUNDI,08:19 a. m.,3900,4100,26/11/2025
HV,3,330,JAMUNDI,08:20 a. m.,6000,6700,26/11/2025
HL,1,225,JAMUNDI,08:21 a. m.,7500,7500,26/11/2025
TR,1,380,LA UNION,08:22 a. m.,8200,8700,26/11/2025
VH,1,455,LA UNION,08:25 a. m.,7000,7900,26/11/2025
HL,1,95,CAUCASIA,08:12 a. m.,9000,11000,26/11/2025
HL,1,80,CAUCASIA,08:14 a. m.,9000,10200,26/11/2025
VH,1,400,LA UNION,08:26 a. m.,6900,7500,26/11/2025
HL,1,100,CAUCASIA,08:17 a. m.,7000,10000,26/11/2025
HL,1,190,JAMUNDI,08:30 a. m.,7900,8500,26/11/2025
HL,1,150,JAMUNDI,08:27 a. m.,8200,9000,26/11/2025
HL,1,95,JAMUNDI,08:33 a. m.,7800,8800,26/11/2025
HL,1,100,JAMUNDI,08:33 a. m.,9000,10200,26/11/2025
HL,1,145,JAMUNDI,08:32 a. m.,7900,7900,26/11/2025
HL,1,120,JAMUNDI,08:31 a. m.,10000,11600,26/11/2025
HL,1,95,JAMUNDI,08:31 a. m.,10000,11400,26/11/2025
HL,7,111,JAMUNDI,08:35 a. m.,7800,8350,26/11/2025
HL,8,155,JAMUNDI,08:37 a. m.,8500,9150,26/11/2025
HL,1,115,JAMUNDI,08:34 a. m.,9000,9800,26/11/2025
HL,1,105,JAMUNDI,08:34 a. m.,9000,12000,26/11/2025
HL,9,128,JAMUNDI,08:44 a. m.,8500,9300,26/11/2025
HL,9,178,JAMUNDI,08:44 a. m.,8100,8850,26/11/2025
HL,5,156,JAMUNDI,08:46 a. m.,8000,8650,26/11/2025
HL,6,163,JAMUNDI,08:49 a. m.,7000,7250,26/11/2025
HL,7,123,JAMUNDI,08:50 a. m.,8400,9300,26/11/2025
VI,1,305,BUGALAGRANDE,08:57 a. m.,3000,3000,26/11/2025
HL,1,75,BUGALAGRANDE,09:03 a. m.,8400,9600,26/11/2025
HL,1,70,BUGALAGRANDE,09:01 a. m.,9000,11000,26/11/2025
HL,1,90,BUGALAGRANDE,09:04 a. m.,10000,11800,26/11/2025
HL,1,75,BUGALAGRANDE,09:06 a. m.,8400,11200,26/11/2025
ML,1,85,BUGALAGRANDE,09:04 a. m.,8200,9800,26/11/2025
HL,3,103,BUGALAGRANDE,09:09 a. m.,9400,10600,26/11/2025
ML,7,101,BUGALAGRANDE,09:11 a. m.,11000,11900,26/11/2025
HV,1,425,LA UNION,09:12 a. m.,7900,9000,26/11/2025
HV,1,400,LA UNION,09:13 a. m.,8100,8700,26/11/2025
TR,1,340,LA UNION,09:13 a. m.,8700,9000,26/11/2025
HV,1,395,LA UNION,09:14 a. m.,8200,9000,26/11/2025
HV,1,355,LA UNION,09:15 a. m.,8500,8800,26/11/2025
HV,1,365,LA UNION,09:15 a. m.,7000,7400,26/11/2025
TR,1,295,PLANETA RICA,09:16 a. m.,7200,8500,26/11/2025
HV,1,350,LA PRIMAVERA,09:44 a. m.,8300,8800,26/11/2025
HV,1,400,LA PRIMAVERA,09:45 a. m.,9200,9200,26/11/2025
HV,1,385,LA PRIMAVERA,09:48 a. m.,9200,9450,26/11/2025
ML,1,225,PLANETA RICA,09:17 a. m.,9500,9750,26/11/2025
ML,1,120,PLANETA RICA,09:18 a. m.,9200,10350,26/11/2025
HV,1,405,LA PRIMAVERA,09:49 a. m.,9400,9600,26/11/2025
HL,1,120,PLANETA RICA,09:21 a. m.,8000,10600,26/11/2025
ML,1,140,PLANETA RICA,09:24 a. m.,7000,8100,26/11/2025
HL,1,135,PLANETA RICA,09:24 a. m.,7800,9400,26/11/2025
ML,1,75,PLANETA RICA,09:23 a. m.,13000,13000,26/11/2025
ML,8,106,PLANETA RICA,09:27 a. m.,11200,11600,26/11/2025
HL,4,122,PLANETA RICA,09:28 a. m.,8400,9000,26/11/2025
ML,1,140,PLANETA RICA,09:32 a. m.,7800,8600,26/11/2025
ML,1,120,PLANETA RICA,09:33 a. m.,10200,12400,26/11/2025
HV,2,300,LA PRIMAVERA,09:44 a. m.,8300,8600,26/11/2025
HL,1,140,TULUA,09:38 a. m.,11000,11800,26/11/2025
HL,1,110,TULUA,09:39 a. m.,12000,13800,26/11/2025
HL,1,180,TULUA,09:37 a. m.,11000,11000,26/11/2025
HL,1,145,TULUA,09:37 a. m.,13800,14000,26/11/2025
HL,1,105,TULUA,09:39 a. m.,10000,12400,26/11/2025
HL,1,95,TULUA,09:34 a. m.,12800,14000,26/11/2025
HL,1,245,LA PRIMAVERA,09:42 a. m.,8500,8700,26/11/2025
HV,1,260,LA PRIMAVERA,09:43 a. m.,8200,8400,26/11/2025
ML,1,155,LA PRIMAVERA,09:43 a. m.,8500,9400,26/11/2025
HV,1,255,LA PRIMAVERA,09:42 a. m.,7800,9100,26/11/2025
ML,1,180,LA PRIMAVERA,09:40 a. m.,8200,8600,26/11/2025
HV,6,268,SAN VICENTE,09:51 a. m.,8450,8650,26/11/2025
HV,4,279,SAN VICENTE,09:49 a. m.,8300,8450,26/11/2025
HV,1,360,LA VICTORIA,09:53 a. m.,7400,8050,26/11/2025
MC,1,275,LA VICTORIA,10:04 a. m.,6200,6400,26/11/2025
HV,1,265,LA VICTORIA,10:03 a. m.,8200,8400,26/11/2025
HV,10,270,SAN VICENTE,10:01 a. m.,8300,8750,26/11/2025
HL,7,194,LA VICTORIA,10:04 a. m.,8500,9300,26/11/2025
HL,8,186,LA VICTORIA,10:10 a. m.,8200,8850,26/11/2025
ML,1,180,ZARZAL,10:14 a. m.,8500,9000,26/11/2025
HV,1,310,ZARZAL,10:13 a. m.,7500,8000,26/11/2025
ML,1,190,ZARZAL,10:13 a. m.,4800,5000,26/11/2025
TR,1,310,ZARZAL,10:10 a. m.,7900,7900,26/11/2025
HL,3,175,ZARZAL,10:12 a. m.,7800,8300,26/11/2025
TO,1,440,EL DOVIO,10:17 a. m.,8400,8900,26/11/2025
VH,1,400,EL DOVIO,10:15 a. m.,7800,8550,26/11/2025
VH,1,380,SAN PEDRO,10:17 a. m.,8500,8550,26/11/2025
VH,1,360,SAN PEDRO,10:19 a. m.,6000,7200,26/11/2025
VH,1,480,BUGALAGRANDE,10:20 a. m.,6700,7000,26/11/2025
MC,1,270,BUGALAGRANDE,10:22 a. m.,6500,7100,26/11/2025
HV,1,300,BUGALAGRANDE,10:24 a. m.,7500,7900,26/11/2025
VI,1,360,BUGALAGRANDE,10:25 a. m.,4800,4800,26/11/2025
HL,1,75,BUGALAGRANDE,10:24 a. m.,8000,9600,26/11/2025
MC,3,260,BUGALAGRANDE,10:26 a. m.,7500,7650,26/11/2025
HV,3,255,BOLIVAR,10:29 a. m.,7400,7400,26/11/2025
ML,3,227,BUGALAGRANDE,10:28 a. m.,8500,9150,26/11/2025
VH,1,460,BOLIVAR,10:34 a. m.,7800,7800,26/11/2025
HL,1,190,BOLIVAR,10:34 a. m.,6400,7400,26/11/2025
ML,2,168,BUGALAGRANDE,10:32 a. m.,8200,8800,26/11/2025
ML,2,235,BUGALAGRANDE,10:32 a. m.,6500,7000,26/11/2025
VH,1,395,YOTOCO,10:35 a. m.,6500,6800,26/11/2025
VH,1,470,YOTOCO,10:36 a. m.,8000,8600,26/11/2025
VH,1,420,YOTOCO,10:37 a. m.,4400,4800,26/11/2025
HL,1,225,YOTOCO,10:38 a. m.,4800,5800,26/11/2025
VH,1,360,YOTOCO,10:38 a. m.,5800,5900,26/11/2025
HV,1,250,YOTOCO,10:39 a. m.,8500,11000,26/11/2025
HL,1,235,YOTOCO,10:41 a. m.,7400,7600,26/11/2025
HL,1,220,YOTOCO,10:40 a. m.,6400,7200,26/11/2025
ML,1,135,YOTOCO,10:43 a. m.,6000,6800,26/11/2025
VH,1,255,YOTOCO,10:48 a. m.,6700,7450,26/11/2025
VH,1,305,YOTOCO,10:44 a. m.,7500,7900,26/11/2025
ML,1,115,YOTOCO,10:44 a. m.,12000,12800,26/11/2025
ML,1,150,YOTOCO,10:45 a. m.,7000,8850,26/11/2025
TR,1,295,VERSALLES,10:50 a. m.,7800,8050,26/11/2025
HV,1,375,VERSALLES,10:52 a. m.,8400,8600,26/11/2025
TR,1,305,VERSALLES,10:53 a. m.,7900,8300,26/11/2025
VH,1,375,VERSALLES,10:54 a. m.,7500,8550,26/11/2025
HV,1,330,VERSALLES,10:53 a. m.,7800,8200,26/11/2025
TR,1,360,VERSALLES,10:54 a. m.,7400,8300,26/11/2025
ML,1,85,YOTOCO,10:48 a. m.,6800,7200,26/11/2025
VH,1,360,LA UNION,11:00 a. m.,6800,6800,26/11/2025
TR,1,425,LA UNION,11:02 a. m.,7500,8450,26/11/2025
VI,1,455,ROLDANILLO,10:55 a. m.,4000,4000,26/11/2025
VH,1,365,ROLDANILLO,10:59 a. m.,7800,7800,26/11/2025
ML,2,112,ANDALUCIA,11:17 a. m.,9000,10000,26/11/2025
VI,1,375,LA UNION,11:03 a. m.,3900,5000,26/11/2025
VH,1,445,EL DOVIO,11:03 a. m.,5900,5900,26/11/2025
VI,1,305,EL DOVIO,11:05 a. m.,3800,3800,26/11/2025
ML,4,169,ANDALUCIA,11:20 a. m.,8700,10000,26/11/2025
HL,1,130,LA UNION,11:07 a. m.,7800,8800,26/11/2025
HV,1,295,EL DOVIO,11:12 a. m.,7400,7900,26/11/2025
ML,5,226,TEBAIDA,11:21 a. m.,9500,10100,26/11/2025
HL,1,135,ANDALUCIA,11:17 a. m.,12000,12200,26/11/2025
ML,1,145,ANDALUCIA,11:15 a. m.,9000,10300,26/11/2025
VI,1,275,ANDALUCIA,11:16 a. m.,2800,3600,26/11/2025
MC,2,262,TEBAIDA,11:23 a. m.,9500,9600,26/11/2025
MC,1,255,TEBAIDA,11:25 a. m.,9400,10250,26/11/2025
HL,1,210,TEBAIDA,11:24 a. m.,8700,9000,26/11/2025
TR,1,340,YOTOCO,11:26 a. m.,8200,8600,26/11/2025
VH,1,310,YOTOCO,11:29 a. m.,6700,8100,26/11/2025
ML,1,200,YOTOCO,11:31 a. m.,9000,9500,26/11/2025
VH,1,405,YOTOCO,11:30 a. m.,5000,6500,26/11/2025
HL,1,100,YOTOCO,11:33 a. m.,8400,11000,26/11/2025
ML,1,110,YOTOCO,11:33 a. m.,5000,5800,26/11/2025
TR,1,305,ROLDANILLO,12:00 p. m.,9400,9400,26/11/2025
ML,1,150,SEVILLA,11:44 a. m.,6100,6200,26/11/2025
TR,1,275,SEVILLA,11:46 a. m.,6000,6900,26/11/2025
ML,2,185,SEVILLA,11:48 a. m.,5000,5600,26/11/2025
ML,1,200,SEVILLA,11:48 a. m.,5000,6100,26/11/2025
ML,2,104,SEVILLA,11:51 a. m.,1000,3800,26/11/2025
VP,1,370,SEVILLA,11:50 a. m.,6900,7600,26/11/2025
ML,2,218,ROLDANILLO,11:56 a. m.,5700,5700,26/11/2025
HL,4,159,ROLDANILLO,11:52 a. m.,8300,8650,26/11/2025
TR,1,315,ROLDANILLO,11:59 a. m.,9500,10050,26/11/2025
ML,1,165,ROLDANILLO,12:05 p. m.,9000,10800,26/11/2025
VH,1,400,ROLDANILLO,12:06 p. m.,7500,7900,26/11/2025
VH,1,385,ROLDANILLO,12:07 p. m.,8200,8350,26/11/2025
HL,1,205,ROLDANILLO,12:02 p. m.,7700,7700,26/11/2025
HL,1,190,ROLDANILLO,12:01 p. m.,7500,7800,26/11/2025
HL,2,175,ROLDANILLO,12:03 p. m.,7500,8000,26/11/2025
VH,1,410,ROLDANILLO,12:07 p. m.,7800,8200,26/11/2025
VP,1,365,TULUA,12:09 p. m.,5500,5850,26/11/2025
BF,1,210,MARSELLA,12:16 p. m.,4000,6500,26/11/2025
VI,1,390,TULUA,12:11 p. m.,3400,3400,26/11/2025
HL,1,245,TULUA,12:12 p. m.,7800,8200,26/11/2025
BF,4,222,MARSELLA,12:19 p. m.,7500,7950,26/11/2025
MC,1,275,ROLDANILLO,12:14 p. m.,9000,9400,26/11/2025
HL,1,245,ROLDANILLO,12:15 p. m.,8000,8300,26/11/2025
BF,5,246,MARSELLA,12:18 p. m.,7000,7800,26/11/2025
VH,1,515,BOLIVAR,12:21 p. m.,6500,6500,26/11/2025
TO,2,445,BOLIVAR,12:23 p. m.,9000,9000,26/11/2025
TR,2,405,BOLIVAR,12:24 p. m.,8700,9250,26/11/2025
TO,3,492,BOLIVAR,12:25 p. m.,9300,9300,26/11/2025
HV,1,255,BOLIVAR,12:26 p. m.,5800,6400,26/11/2025
MC,1,300,BOLIVAR,12:27 p. m.,6900,7400,26/11/2025
HV,1,275,PEREIRA,12:39 p. m.,5000,5000,26/11/2025
HL,1,215,VERSALLES,12:29 p. m.,6200,6900,26/11/2025
ML,1,90,VERSALLES,12:31 p. m.,8800,9600,26/11/2025
HL,3,185,PEREIRA,12:41 p. m.,4800,6200,26/11/2025
HL,1,80,VERSALLES,12:35 p. m.,10000,10600,26/11/2025
VH,1,405,VERSALLES,12:34 p. m.,5700,6800,26/11/2025
VH,1,520,VERSALLES,12:36 p. m.,6000,6300,26/11/2025
HL,1,80,VERSALLES,12:36 p. m.,10000,10600,26/11/2025
ML,1,130,VERSALLES,12:38 p. m.,4800,5400,26/11/2025
ML,5,127,PEREIRA,12:43 p. m.,5000,5600,26/11/2025
ML,4,72,PEREIRA,12:42 p. m.,11000,12600,26/11/2025
ML,1,105,PEREIRA,12:49 p. m.,5800,7200,26/11/2025
HL,3,88,PEREIRA,12:50 p. m.,8000,8300,26/11/2025
HL,6,174,TRUJILLO,12:52 p. m.,7800,8250,26/11/2025
HV,1,220,PEREIRA,12:58 p. m.,4600,4900,26/11/2025
VH,1,295,PEREIRA,12:59 p. m.,6700,7050,26/11/2025
ML,1,130,PEREIRA,12:59 p. m.,8000,8700,26/11/2025
VH,1,235,PEREIRA,12:55 p. m.,5000,5200,26/11/2025
HL,1,110,PEREIRA,01:00 p. m.,8200,9250,26/11/2025
VH,1,355,PEREIRA,01:01 p. m.,5000,5400,26/11/2025
HL,9,163,TRUJILLO,01:04 p. m.,8000,8550,26/11/2025
HL,10,166,TRUJILLO,01:06 p. m.,7400,8400,26/11/2025
HL,6,142,TRUJILLO,01:07 p. m.,8200,8260,26/11/2025
HL,6,161,TRUJILLO,01:12 p. m.,8300,8350,26/11/2025
HL,6,138,TRUJILLO,01:12 p. m.,8400,8950,26/11/2025
HL,1,110,TRUJILLO,01:15 p. m.,6400,7200,26/11/2025
HL,2,165,TRUJILLO,01:21 p. m.,6800,7150,26/11/2025
HL,2,158,TRUJILLO,01:23 p. m.,7500,7850,26/11/2025
HL,6,169,VERSALLES,01:25 p. m.,8500,8900,26/11/2025
HL,2,172,VERSALLES,01:34 p. m.,7500,8350,26/11/2025
HL,7,101,SANTANDER DE QUILICHAO,01:46 p. m.,11000,11000,26/11/2025
VI,1,325,EL DOVIO,01:51 p. m.,2400,2400,26/11/2025
VI,1,375,SANTANDER DE QUILICHAO,01:36 p. m.,4000,4000,26/11/2025
MC,1,275,SANTANDER DE QUILICHAO,01:41 p. m.,6500,6800,26/11/2025
HL,1,185,SANTANDER DE QUILICHAO,01:42 p. m.,7900,8100,26/11/2025
ML,2,205,EL DOVIO,01:48 p. m.,4500,5750,26/11/2025
TR,1,395,EL DOVIO,01:52 p. m.,5000,5000,26/11/2025
HV,4,251,SANTANDER DE QUILICHAO,01:45 p. m.,8100,8450,26/11/2025
MC,1,265,EL DOVIO,01:53 p. m.,7000,6900,26/11/2025
HV,3,383,GINEBRA,02:00 p. m.,8000,8550,26/11/2025
VH,2,348,GINEBRA,02:02 p. m.,6500,7700,26/11/2025
HL,1,200,GINEBRA,02:02 p. m.,7800,7800,26/11/2025
HV,1,385,GINEBRA,02:03 p. m.,8300,8300,26/11/2025
HV,1,250,GINEBRA,02:04 p. m.,8000,8500,26/11/2025
VH,2,445,GINEBRA,02:03 p. m.,7500,7800,26/11/2025
HV,11,266,MONTENEGRO,02:05 p. m.,8200,8550,26/11/2025
ML,4,170,BUGALAGRANDE,02:33 p. m.,6900,7250,26/11/2025
HL,8,152,MONTENEGRO,02:16 p. m.,8500,8800,26/11/2025
HV,8,239,MONTENEGRO,02:10 p. m.,7800,8300,26/11/2025
VH,1,360,EL DOVIO,02:23 p. m.,4900,4900,26/11/2025
HL,2,150,EL DOVIO,02:27 p. m.,8000,8000,26/11/2025
HV,1,395,EL DOVIO,02:25 p. m.,5800,6900,26/11/2025
VH,1,325,EL DOVIO,02:25 p. m.,5400,6150,26/11/2025
VH,1,410,EL DOVIO,02:26 p. m.,6500,7700,26/11/2025
HL,1,135,EL DOVIO,02:29 p. m.,7800,8800,26/11/2025
HV,2,285,EL DOVIO,02:28 p. m.,7500,7750,26/11/2025
VH,1,400,ZARZAL,02:38 p. m.,4800,4800,26/11/2025
ML,2,165,EL DOVIO,02:29 p. m.,8500,8800,26/11/2025
VP,1,485,SAN PEDRO,02:30 p. m.,5000,5600,26/11/2025
VH,1,445,ZARZAL,02:41 p. m.,5000,5000,26/11/2025
TR,1,650,LA UNION,02:42 p. m.,9500,10500,26/11/2025
VH,1,465,CAICEDONIA,02:44 p. m.,7700,8200,26/11/2025
ML,1,230,CAICEDONIA,02:46 p. m.,9200,9250,26/11/2025
MC,1,280,CAICEDONIA,02:46 p. m.,5800,6850,26/11/2025
MC,1,275,CAICEDONIA,02:47 p. m.,5700,6750,26/11/2025
VH,1,380,BUGALAGRANDE,02:48 p. m.,8000,8550,26/11/2025
VH,1,390,BUGALAGRANDE,02:51 p. m.,7500,7800,26/11/2025
HV,1,340,LA CUMBRE,02:58 p. m.,9200,9200,26/11/2025
VH,1,355,LA CUMBRE,03:00 p. m.,8400,8400,26/11/2025
VH,1,395,LA CUMBRE,03:00 p. m.,5400,6150,26/11/2025
HV,1,385,LA CUMBRE,03:00 p. m.,8700,9050,26/11/2025
HV,1,330,LA CUMBRE,03:01 p. m.,8400,8800,26/11/2025
HL,1,195,LA CUMBRE,02:52 p. m.,8500,8800,26/11/2025
HL,1,120,LA CUMBRE,02:55 p. m.,7000,7000,26/11/2025
HL,1,120,LA CUMBRE,02:55 p. m.,7000,7000,26/11/2025
VH,1,285,LA CUMBRE,03:01 p. m.,8000,8450,26/11/2025
VH,1,360,LA CUMBRE,03:02 p. m.,8500,8850,26/11/2025
HV,2,352,CAICEDONIA,03:07 p. m.,8500,8650,26/11/2025
HV,2,405,CAICEDONIA,03:08 p. m.,8200,8450,26/11/2025
HL,2,90,LA CUMBRE,03:02 p. m.,9000,12200,26/11/2025
HL,2,122,LA CUMBRE,03:05 p. m.,8700,9700,26/11/2025
HV,2,310,CAICEDONIA,03:09 p. m.,8300,8550,26/11/2025
HV,2,335,CAICEDONIA,03:10 p. m.,8300,8500,26/11/2025
HV,3,338,CAICEDONIA,03:11 p. m.,7800,8400,26/11/2025
HL,1,215,CAICEDONIA,03:13 p. m.,4000,4000,26/11/2025
TR,3,277,ZARZAL,04:44 p. m.,9800,9800,26/11/2025
HV,1,345,ZARZAL,07:05 a. m.,7800,8200,03/12/2025
HV,1,290,ZARZAL,07:06 a. m.,8100,8100,03/12/2025
VH,2,378,ZARZAL,07:06 a. m.,6000,7100,03/12/2025
HV,5,384,ZARZAL,07:06 a. m.,7900,8300,03/12/2025
HV,1,330,LA VICTORIA,07:07 a. m.,7000,8250,03/12/2025
VH,1,380,LA VICTORIA,07:08 a. m.,8000,8000,03/12/2025
ML,8,155,MONTERIA,07:10 a. m.,9000,10100,03/12/2025
ML,3,123,MONTERIA,07:13 a. m.,9400,11000,03/12/2025
ML,3,115,MONTERIA,07:14 a. m.,7400,7700,03/12/2025
ML,3,123,MONTERIA,07:15 a. m.,7000,7500,03/12/2025
ML,8,131,MONTERIA,07:16 a. m.,10000,11300,03/12/2025
ML,5,147,MONTERIA,07:18 a. m.,9500,10550,03/12/2025
ML,2,140,MONTERIA,07:20 a. m.,8000,8350,03/12/2025
ML,3,117,MONTERIA,07:22 a. m.,7000,8400,03/12/2025
ML,1,185,MONTERIA,07:25 a. m.,11000,11400,03/12/2025
ML,1,130,MONTERIA,07:27 a. m.,11000,12000,03/12/2025
HL,1,125,MONTERIA,07:24 a. m.,5000,6200,03/12/2025
HL,4,108,MONTERIA,07:29 a. m.,8400,8400,03/12/2025
ML,3,93,MONTERIA,07:30 a. m.,7400,9000,03/12/2025
HL,3,130,MONTERIA,07:31 a. m.,8300,8300,03/12/2025
HL,5,121,BUGALAGRANDE,07:33 a. m.,9000,9200,03/12/2025
HL,6,156,BUGALAGRANDE,07:36 a. m.,8700,9200,03/12/2025
HL,5,100,BUGALAGRANDE,07:39 a. m.,8000,9600,03/12/2025
HL,1,195,BUGALAGRANDE,07:43 a. m.,7600,7600,03/12/2025
ML,1,145,BUGALAGRANDE,07:43 a. m.,6400,8000,03/12/2025
ML,1,175,BUGALAGRANDE,07:41 a. m.,7800,9100,03/12/2025
ML,1,140,BUGALAGRANDE,07:44 a. m.,8000,10200,03/12/2025
HL,2,195,BUGALAGRANDE,07:47 a. m.,7500,8350,03/12/2025
ML,1,160,BUGALAGRANDE,07:45 a. m.,8200,9900,03/12/2025
ML,1,155,BUGALAGRANDE,07:45 a. m.,8600,9900,03/12/2025
ML,1,95,BUGALAGRANDE,07:46 a. m.,6400,7700,03/12/2025
ML,1,105,BUGALAGRANDE,07:45 a. m.,7000,7700,03/12/2025
ML,1,150,BUGALAGRANDE,07:50 a. m.,12000,14400,03/12/2025
HL,5,148,BUGALAGRANDE,07:52 a. m.,8500,8600,03/12/2025
HL,1,95,BUGALAGRANDE,07:55 a. m.,9400,12400,03/12/2025
HL,1,120,BUGALAGRANDE,07:56 a. m.,10000,10200,03/12/2025
ML,1,140,CAUCASIA,08:03 a. m.,8000,8400,03/12/2025
ML,2,222,CAUCASIA,08:09 a. m.,9000,9450,03/12/2025
ML,4,110,CAUCASIA,08:11 a. m.,10000,10600,03/12/2025
ML,1,150,CAUCASIA,08:15 a. m.,11000,11700,03/12/2025
ML,2,162,CAUCASIA,08:16 a. m.,9400,10200,03/12/2025
ML,1,135,CAUCASIA,08:17 a. m.,11000,11400,03/12/2025
ML,1,120,CAUCASIA,08:24 a. m.,11000,11200,03/12/2025
ML,1,120,CAUCASIA,08:24 a. m.,7000,7800,03/12/2025
ML,2,130,CAUCASIA,08:25 a. m.,9400,10100,03/12/2025
ML,1,125,CAUCASIA,08:19 a. m.,9600,11400,03/12/2025
ML,2,95,CAUCASIA,08:25 a. m.,7600,7900,03/12/2025
HL,7,183,CAUCASIA,08:28 a. m.,8500,8850,03/12/2025
HL,1,130,CAUCASIA,08:30 a. m.,8400,9400,03/12/2025
HL,2,195,CAUCASIA,08:35 a. m.,8000,9200,03/12/2025
HL,6,150,CAUCASIA,08:35 a. m.,9000,9100,03/12/2025
HL,1,165,CAUCASIA,08:37 a. m.,8400,8600,03/12/2025
HL,3,162,CAUCASIA,08:36 a. m.,8700,8900,03/12/2025
HL,3,125,CAUCASIA,08:38 a. m.,9600,10400,03/12/2025
HL,2,138,CAUCASIA,08:39 a. m.,8600,9000,03/12/2025
HL,1,130,CAUCASIA,08:41 a. m.,10400,11200,03/12/2025
HL,1,130,CAUCASIA,08:40 a. m.,9000,9400,03/12/2025
HL,4,131,CAUCASIA,08:42 a. m.,9000,9100,03/12/2025
HL,2,132,CAUCASIA,08:43 a. m.,9000,9200,03/12/2025
HV,7,250,SAN VICENTE,08:44 a. m.,8000,8350,03/12/2025
HV,6,233,SAN VICENTE,08:50 a. m.,8000,8550,03/12/2025
HV,8,256,SAN VICENTE,08:54 a. m.,7700,8350,03/12/2025
HV,3,275,SAN VICENTE,08:57 a. m.,7000,8150,03/12/2025
VP,2,298,PLANETA RICA,08:57 a. m.,6000,6800,03/12/2025
VH,5,332,PLANETA RICA,09:00 a. m.,5500,7700,03/12/2025
VH,1,420,PLANETA RICA,09:04 a. m.,7000,8100,03/12/2025
ML,1,170,PLANETA RICA,09:07 a. m.,5000,5000,03/12/2025
ML,1,100,PLANETA RICA,09:08 a. m.,11000,11200,03/12/2025
HL,1,70,PLANETA RICA,09:10 a. m.,11000,11000,03/12/2025
HL,1,90,PLANETA RICA,09:13 a. m.,10000,12200,03/12/2025
ML,1,100,PLANETA RICA,09:10 a. m.,9400,10600,03/12/2025
HL,1,165,PLANETA RICA,09:12 a. m.,9000,9300,03/12/2025
VH,1,260,PLANETA RICA,09:13 a. m.,3000,3700,03/12/2025
TR,1,330,EL DOVIO,09:14 a. m.,7400,8500,03/12/2025
VP,1,485,EL DOVIO,09:16 a. m.,7800,10200,03/12/2025
VH,4,316,SAN VICENTE,09:17 a. m.,6000,7100,03/12/2025
VH,3,355,SAN VICENTE,09:19 a. m.,5600,7800,03/12/2025
VH,3,320,SAN VICENTE,09:21 a. m.,5400,6100,03/12/2025
VH,1,300,SAN VICENTE,09:19 a. m.,5600,5600,03/12/2025
VH,1,400,SAN VICENTE,09:20 a. m.,6500,7850,03/12/2025
ML,1,105,SAN VICENTE,09:26 a. m.,10000,10800,03/12/2025
HL,1,95,SAN VICENTE,09:24 a. m.,9600,11000,03/12/2025
HL,2,122,SAN VICENTE,09:27 a. m.,8000,9550,03/12/2025
HV,1,300,GUACARI,09:29 a. m.,7800,8000,03/12/2025
ML,1,135,GUACARI,09:33 a. m.,6200,7200,03/12/2025
VH,1,330,GUACARI,09:38 a. m.,6500,7200,03/12/2025
VH,1,325,GUACARI,09:40 a. m.,4400,6600,03/12/2025
HL,1,240,GUACARI,09:41 a. m.,3800,4800,03/12/2025
VP,1,385,GUACARI,09:33 a. m.,6000,7000,03/12/2025
TR,1,265,GUACARI,09:35 a. m.,7000,7800,03/12/2025
MC,1,295,GUACARI,09:36 a. m.,7000,7900,03/12/2025
ML,1,175,GUACARI,09:38 a. m.,4400,5200,03/12/2025
VH,1,460,LA UNION,09:42 a. m.,5000,6900,03/12/2025
HL,1,165,CAQUETA,09:44 a. m.,7200,7200,03/12/2025
VH,1,380,CAQUETA,09:43 a. m.,5800,7100,03/12/2025
VH,1,340,CAQUETA,09:46 a. m.,4000,5800,03/12/2025
VH,1,425,CAQUETA,09:47 a. m.,5400,6100,03/12/2025
HL,4,166,CAQUETA,09:48 a. m.,8000,8300,03/12/2025
HL,1,145,CAQUETA,09:50 a. m.,7900,8900,03/12/2025
HL,2,170,SEVILLA,11:16 a. m.,8700,9950,03/12/2025
HL,1,155,CAQUETA,09:49 a. m.,9000,13400,03/12/2025
HL,1,190,CAQUETA,09:51 a. m.,8500,9100,03/12/2025
HL,1,130,CAQUETA,09:52 a. m.,7600,7800,03/12/2025
HL,1,130,CAQUETA,09:51 a. m.,7000,7200,03/12/2025
ML,5,156,RESTREPO,10:12 a. m.,10500,10500,03/12/2025
ML,2,168,RESTREPO,10:14 a. m.,8700,9600,03/12/2025
HL,1,175,CAQUETA,09:53 a. m.,6800,9000,03/12/2025
HL,1,180,CAQUETA,09:54 a. m.,8500,9800,03/12/2025
HL,1,120,CAQUETA,09:54 a. m.,9000,10600,03/12/2025
HL,3,108,CAQUETA,09:57 a. m.,10000,10000,03/12/2025
HL,2,152,ZARZAL,10:05 a. m.,8950,8950,03/12/2025
HL,3,148,CAQUETA,09:57 a. m.,8500,8650,03/12/2025
HL,4,136,CAQUETA,09:58 a. m.,8000,8900,03/12/2025
ML,1,110,CAQUETA,10:01 a. m.,10000,10400,03/12/2025
ML,6,125,RESTREPO,10:06 a. m.,10500,10900,03/12/2025
ML,3,130,RESTREPO,10:08 a. m.,7600,8200,03/12/2025
ML,2,118,RESTREPO,10:11 a. m.,8800,10000,03/12/2025
HV,1,345,RESTREPO,10:15 a. m.,7400,8400,03/12/2025
VH,1,510,RESTREPO,10:16 a. m.,7000,8100,03/12/2025
TR,1,420,RESTREPO,10:17 a. m.,9800,9800,03/12/2025
HV,1,340,RESTREPO,10:19 a. m.,8000,8000,03/12/2025
TR,1,300,RESTREPO,10:20 a. m.,8100,8400,03/12/2025
VH,1,395,JAMUNDI,10:23 a. m.,5600,6600,03/12/2025
HV,1,255,JAMUNDI,10:24 a. m.,7000,7600,03/12/2025
VH,1,365,JAMUNDI,10:25 a. m.,5800,6200,03/12/2025
HL,1,240,JAMUNDI,10:22 a. m.,7000,7600,03/12/2025
HL,1,125,JAMUNDI,10:32 a. m.,8000,8000,03/12/2025
VH,1,325,JAMUNDI,10:26 a. m.,6000,7800,03/12/2025
VH,1,525,LA UNION,10:38 a. m.,7600,8700,03/12/2025
TR,1,295,JAMUNDI,10:27 a. m.,8000,8400,03/12/2025
HL,1,185,RESTREPO,10:21 a. m.,8400,8400,03/12/2025
ML,3,77,SEVILLA,10:33 a. m.,7800,7800,03/12/2025
VI,1,205,JAMUNDI,10:29 a. m.,4800,5400,03/12/2025
TR,1,385,JAMUNDI,10:29 a. m.,9000,9400,03/12/2025
HL,1,165,JAMUNDI,10:30 a. m.,7000,8000,03/12/2025
HL,1,155,JAMUNDI,10:32 a. m.,8000,9800,03/12/2025
VH,1,405,LA UNION,10:36 a. m.,7000,7000,03/12/2025
HL,1,230,JAMUNDI,10:28 a. m.,7600,9000,03/12/2025
HV,1,280,ZARZAL,10:44 a. m.,7900,8100,03/12/2025
HV,1,500,LA GRAN HACIENDA,10:46 a. m.,7000,8850,03/12/2025
VH,1,505,SEVILLA,10:48 a. m.,5000,5300,03/12/2025
ML,1,145,LA UNION,10:41 a. m.,8000,9000,03/12/2025
VH,1,455,SEVILLA,10:54 a. m.,6000,7000,03/12/2025
VH,1,465,SEVILLA,10:55 a. m.,3600,3700,03/12/2025
VH,1,430,SEVILLA,10:56 a. m.,5000,5600,03/12/2025
MC,2,312,SEVILLA,10:59 a. m.,7200,7850,03/12/2025
MC,2,378,SEVILLA,10:59 a. m.,7800,8550,03/12/2025
HV,1,370,SEVILLA,11:00 a. m.,7800,8850,03/12/2025
HV,1,320,ZARZAL,11:01 a. m.,7200,7800,03/12/2025
ML,1,110,LA UNION,11:03 a. m.,10000,10400,03/12/2025
TR,1,380,ZARZAL,11:04 a. m.,8600,8900,03/12/2025
HL,2,118,SEVILLA,11:14 a. m.,10000,13800,03/12/2025
HL,2,178,SEVILLA,11:15 a. m.,7800,8000,03/12/2025
ML,1,240,SEVILLA,11:15 a. m.,7000,7200,03/12/2025
ML,5,142,SEVILLA,11:17 a. m.,9000,10000,03/12/2025
VH,1,300,PEREIRA,11:21 a. m.,5000,5800,03/12/2025
VH,6,282,PEREIRA,11:24 a. m.,7400,7550,03/12/2025
VH,7,269,PEREIRA,11:23 a. m.,7000,7600,03/12/2025
VH,6,273,PEREIRA,11:25 a. m.,6500,7650,03/12/2025
ML,1,130,PEREIRA,11:27 a. m.,9600,10400,03/12/2025
HL,1,235,SAN PEDRO,11:29 a. m.,7500,8100,03/12/2025
HV,1,360,SAN PEDRO,11:31 a. m.,8000,8300,03/12/2025
HL,1,175,SAN PEDRO,11:31 a. m.,5800,5800,03/12/2025
ML,6,179,SAN PEDRO,11:32 a. m.,7500,8100,03/12/2025
HL,8,141,SAN PEDRO,11:43 a. m.,7000,7650,03/12/2025
TR,1,365,BOLIVAR,11:44 a. m.,8000,9400,03/12/2025
HV,2,328,BOLIVAR,11:50 a. m.,8000,8300,03/12/2025
HV,2,282,BOLIVAR,11:51 a. m.,7500,8100,03/12/2025
HL,2,238,BOLIVAR,11:52 a. m.,7600,8300,03/12/2025
ML,1,220,BOLIVAR,11:58 a. m.,9700,10800,03/12/2025
ML,1,235,BOLIVAR,11:59 a. m.,12000,12000,03/12/2025
ML,1,225,BOLIVAR,12:00 p. m.,12000,12000,03/12/2025
HL,4,218,BOLIVAR,11:54 a. m.,9000,10600,03/12/2025
MC,3,342,BOLIVAR,12:00 p. m.,9000,9200,03/12/2025
HL,3,228,TRUJILLO,12:02 p. m.,6700,7200,03/12/2025
ML,4,142,TRUJILLO,12:04 p. m.,6200,8050,03/12/2025
VH,2,298,TRUJILLO,12:04 p. m.,7000,7800,03/12/2025
HL,4,146,TRUJILLO,12:08 p. m.,8500,8650,03/12/2025
ML,4,211,TRUJILLO,12:06 p. m.,7000,7900,03/12/2025
HV,4,270,EL DOVIO,12:09 p. m.,7000,7400,03/12/2025
HL,1,225,EL DOVIO,12:11 p. m.,3000,3800,03/12/2025
VH,1,320,EL DOVIO,12:10 p. m.,7000,7400,03/12/2025
VH,1,375,RESTREPO,12:12 p. m.,6400,7600,03/12/2025
HL,1,115,RESTREPO,12:19 p. m.,8000,8000,03/12/2025
ML,1,135,RESTREPO,12:15 p. m.,8000,9600,03/12/2025
ML,1,145,RESTREPO,12:19 p. m.,7000,8200,03/12/2025
TR,1,320,RESTREPO,12:20 p. m.,6000,6600,03/12/2025
ML,1,125,RESTREPO,12:22 p. m.,6000,7000,03/12/2025
ML,1,105,RESTREPO,12:21 p. m.,8000,8400,03/12/2025
ML,1,135,RESTREPO,12:22 p. m.,6000,6800,03/12/2025
ML,1,110,RESTREPO,12:23 p. m.,7000,7800,03/12/2025
HV,5,292,EL DOVIO,12:24 p. m.,7500,7850,03/12/2025
ML,2,135,BUGALAGRANDE,12:32 p. m.,9700,10700,03/12/2025
ML,1,140,BUGALAGRANDE,12:35 p. m.,1500,4500,03/12/2025
ML,2,128,BUGALAGRANDE,12:39 p. m.,9400,9400,03/12/2025
ML,1,125,BUGALAGRANDE,12:37 p. m.,5000,6600,03/12/2025
ML,2,100,BUGALAGRANDE,12:38 p. m.,10000,10000,03/12/2025
ML,1,125,BUGALAGRANDE,12:40 p. m.,8000,8400,03/12/2025
VH,1,485,EL DOVIO,12:50 p. m.,5800,6050,03/12/2025
VH,1,375,EL DOVIO,12:54 p. m.,5600,5900,03/12/2025
VH,1,340,EL DOVIO,12:55 p. m.,5000,6000,03/12/2025
HL,1,120,EL DOVIO,12:56 p. m.,8000,8400,03/12/2025
VH,1,405,EL DOVIO,12:57 p. m.,3800,4600,03/12/2025
MC,4,328,EL DOVIO,12:59 p. m.,7500,8100,03/12/2025
HV,1,330,ZARZAL,01:06 p. m.,7400,8450,03/12/2025
HV,1,340,ZARZAL,01:00 p. m.,7400,8400,03/12/2025
HV,1,260,ZARZAL,01:07 p. m.,2000,4000,03/12/2025
HL,1,165,ZARZAL,01:04 p. m.,8000,8000,03/12/2025
HL,1,140,ZARZAL,01:09 p. m.,1500,4500,03/12/2025
HL,1,120,ZARZAL,01:08 p. m.,4000,4000,03/12/2025
MC,2,268,EL DOVIO,01:09 p. m.,9000,9350,03/12/2025
MC,3,255,EL DOVIO,01:11 p. m.,9000,9300,03/12/2025
ML,1,160,EL DOVIO,01:12 p. m.,6000,6200,03/12/2025
TO,1,575,EL DOVIO,01:12 p. m.,8700,8700,03/12/2025
TO,2,438,ANDALUCIA,01:14 p. m.,8600,8900,03/12/2025
TO,2,468,ANDALUCIA,01:15 p. m.,8000,8600,03/12/2025
TO,3,455,ANDALUCIA,01:16 p. m.,8200,8700,03/12/2025
HL,1,170,BUGALAGRANDE,01:17 p. m.,7800,8000,03/12/2025
ML,1,150,BUGALAGRANDE,01:19 p. m.,6400,6400,03/12/2025
HL,3,128,BUGALAGRANDE,01:23 p. m.,9000,11900,03/12/2025
VH,1,425,BUGALAGRANDE,01:23 p. m.,5400,6150,03/12/2025
VH,2,442,BUGALAGRANDE,01:32 p. m.,5800,5850,03/12/2025
VH,1,450,BUGALAGRANDE,01:44 p. m.,8400,8800,03/12/2025
TO,1,445,BUGALAGRANDE,01:28 p. m.,9400,9650,03/12/2025
TO,1,485,BUGALAGRANDE,01:29 p. m.,7200,7600,03/12/2025
TO,1,495,BUGALAGRANDE,01:30 p. m.,7900,8550,03/12/2025
HV,3,337,BUGALAGRANDE,01:33 p. m.,7000,7650,03/12/2025
VH,2,385,BUGALAGRANDE,01:32 p. m.,7000,7600,03/12/2025
HL,9,119,TRUJILLO,01:34 p. m.,8700,8900,03/12/2025
ML,7,139,TRUJILLO,01:47 p. m.,8000,8750,03/12/2025
VH,1,410,PEREIRA,01:58 p. m.,2000,5200,03/12/2025
MC,1,325,PEREIRA,01:58 p. m.,4000,5850,03/12/2025
VH,1,290,PEREIRA,01:59 p. m.,4800,5800,03/12/2025
HV,2,258,PEREIRA,02:09 p. m.,7000,7750,03/12/2025
ML,10,186,SEVILLA,02:12 p. m.,9500,9700,03/12/2025
ML,10,237,SEVILLA,02:14 p. m.,9500,9950,03/12/2025
HL,5,107,TEBAIDA,02:16 p. m.,10000,10800,03/12/2025
ML,1,195,TEBAIDA,02:20 p. m.,8400,9000,03/12/2025
HL,1,160,TEBAIDA,02:23 p. m.,9000,9400,03/12/2025
VH,4,332,TEBAIDA,02:25 p. m.,6500,6500,03/12/2025
VH,5,324,TEBAIDA,02:27 p. m.,6800,7400,03/12/2025
ML,3,98,TEBAIDA,02:23 p. m.,11000,12400,03/12/2025
HL,1,235,TEBAIDA,02:29 p. m.,8000,8300,03/12/2025
ML,1,170,TEBAIDA,02:29 p. m.,8000,9000,03/12/2025
HL,6,230,VERSALLES,02:31 p. m.,7200,7400,03/12/2025
HL,3,202,VERSALLES,02:33 p. m.,7000,7300,03/12/2025
HL,4,242,VERSALLES,02:35 p. m.,5000,6300,03/12/2025
HL,1,190,VERSALLES,02:36 p. m.,8200,8200,03/12/2025
ML,1,130,VERSALLES,02:41 p. m.,8400,10600,03/12/2025
ML,1,105,VERSALLES,02:37 p. m.,9000,10600,03/12/2025
TR,1,360,JAMUNDI,02:42 p. m.,8000,8400,03/12/2025
TO,1,635,VERSALLES,02:45 p. m.,9600,10800,03/12/2025
VH,4,341,JAMUNDI,02:49 p. m.,7000,7750,03/12/2025
HV,1,320,JAMUNDI,02:45 p. m.,8000,8800,03/12/2025
VH,1,290,JAMUNDI,02:49 p. m.,6000,7600,03/12/2025
ML,2,152,JAMUNDI,02:50 p. m.,9400,9600,03/12/2025
MC,1,305,ZARZAL,02:55 p. m.,7000,7800,03/12/2025
HL,2,182,JAMUNDI,02:52 p. m.,8000,8000,03/12/2025
HL,1,235,JAMUNDI,02:53 p. m.,8000,8300,03/12/2025
HL,5,160,LA UNION,02:56 p. m.,6000,7000,03/12/2025
HL,1,115,LA UNION,02:59 p. m.,4000,4200,03/12/2025
HL,1,135,LA UNION,03:00 p. m.,5000,6400,03/12/2025
ML,1,185,LA UNION,02:59 p. m.,2000,3500,03/12/2025
HL,1,145,LA UNION,03:00 p. m.,7500,8000,03/12/2025
ML,3,93,LA UNION,03:01 p. m.,4000,4800,03/12/2025
MC,7,375,ZARZAL,03:32 p. m.,8300,8300,03/12/2025
MC,7,375,ZARZAL,03:33 p. m.,8300,8300,03/12/2025
MC,6,375,ZARZAL,03:33 p. m.,8300,8300,03/12/2025
HV,6,375,ZARZAL,03:34 p. m.,8850,8850,03/12/2025
ML,1,135,ROLDANILLO,06:05 a. m.,9700,10900,10/12/2025
VH,1,305,ZARZAL,06:08 a. m.,7000,7700,10/12/2025
ML,1,130,ZARZAL,06:10 a. m.,6000,6550,10/12/2025
ML,1,145,ZARZAL,06:11 a. m.,7600,8950,10/12/2025
ML,1,110,ZARZAL,06:13 a. m.,8000,8400,10/12/2025
HL,1,110,ZARZAL,06:14 a. m.,8000,8400,10/12/2025
ML,1,120,ZARZAL,06:15 a. m.,7000,7400,10/12/2025
HL,1,170,CAUCASIA,06:41 a. m.,7000,7400,10/12/2025
HL,1,140,CAUCASIA,06:39 a. m.,8000,9000,10/12/2025
ML,1,160,CAUCASIA,06:42 a. m.,9000,10500,10/12/2025
HL,1,115,CAUCASIA,06:53 a. m.,8400,8800,10/12/2025
HL,1,150,CAUCASIA,06:44 a. m.,8600,9200,10/12/2025
HL,1,110,CAUCASIA,06:43 a. m.,8400,8400,10/12/2025
ML,1,95,CAUCASIA,06:45 a. m.,7000,7000,10/12/2025
HL,1,145,CAUCASIA,06:49 a. m.,7000,7800,10/12/2025
VP,1,445,BUGALAGRANDE,06:50 a. m.,7000,8400,10/12/2025
HV,1,395,ZARZAL,06:56 a. m.,8000,9400,10/12/2025
HV,1,360,ZARZAL,06:59 a. m.,9200,10200,10/12/2025
HV,1,390,ZARZAL,06:59 a. m.,8200,9600,10/12/2025
HV,1,395,ZARZAL,07:00 a. m.,8400,9000,10/12/2025
HV,1,365,ZARZAL,07:00 a. m.,10000,11300,10/12/2025
HV,1,405,ZARZAL,07:02 a. m.,7600,9000,10/12/2025
HV,1,375,ZARZAL,07:05 a. m.,9400,10900,10/12/2025
MC,3,292,ROLDANILLO,07:06 a. m.,7000,8000,10/12/2025
ML,1,180,ROLDANILLO,07:09 a. m.,7600,7800,10/12/2025
TR,1,215,LA UNION,07:11 a. m.,10000,10200,10/12/2025
ML,1,150,LA UNION,10:06 a. m.,8000,9300,10/12/2025
ML,1,95,ROLDANILLO,07:08 a. m.,10000,11400,10/12/2025
HL,10,111,CAUCASIA,07:09 a. m.,9500,10050,10/12/2025
ML,8,169,MONTERIA,07:24 a. m.,8700,9700,10/12/2025
ML,5,154,MONTERIA,07:26 a. m.,8500,9450,10/12/2025
HL,1,125,MONTERIA,07:28 a. m.,8600,9600,10/12/2025
ML,1,80,MONTERIA,07:32 a. m.,12000,14500,10/12/2025
ML,1,115,MONTERIA,07:33 a. m.,9000,11000,10/12/2025
ML,1,105,MONTERIA,07:29 a. m.,10000,11700,10/12/2025
HL,1,95,MONTERIA,07:32 a. m.,9000,10400,10/12/2025
HL,1,145,MONTERIA,07:34 a. m.,7000,7200,10/12/2025
ML,1,160,MONTERIA,07:35 a. m.,6000,6200,10/12/2025
ML,1,95,MONTERIA,07:37 a. m.,10000,12600,10/12/2025
ML,1,125,MONTERIA,07:36 a. m.,9000,9600,10/12/2025
ML,1,100,MONTERIA,07:37 a. m.,11000,11800,10/12/2025
ML,7,150,MONTERIA,07:38 a. m.,8000,10700,10/12/2025
ML,1,220,LA VICTORIA,07:40 a. m.,8000,8200,10/12/2025
HV,1,290,LA VICTORIA,07:44 a. m.,8000,8500,10/12/2025
ML,1,155,LA VICTORIA,07:42 a. m.,10000,10200,10/12/2025
HL,1,110,LA VICTORIA,07:53 a. m.,12000,12400,10/12/2025
ML,1,120,LA VICTORIA,07:51 a. m.,9600,10800,10/12/2025
ML,1,120,LA VICTORIA,07:45 a. m.,10000,10400,10/12/2025
VH,1,425,LA VICTORIA,07:48 a. m.,6400,7900,10/12/2025
HV,1,325,LA VICTORIA,07:47 a. m.,8600,8600,10/12/2025
HL,1,125,LA VICTORIA,07:50 a. m.,9400,10800,10/12/2025
HL,1,145,LA VICTORIA,07:50 a. m.,8000,10600,10/12/2025
HL,1,140,LA VICTORIA,07:53 a. m.,8000,8000,10/12/2025
HL,4,211,CAQUETA,07:54 a. m.,6700,7800,10/12/2025
HL,5,238,CAQUETA,07:59 a. m.,8200,8500,10/12/2025
HL,4,225,CAQUETA,07:57 a. m.,7000,8550,10/12/2025
HL,6,148,CAQUETA,08:00 a. m.,8500,8850,10/12/2025
HL,1,135,CAQUETA,08:04 a. m.,9000,9500,10/12/2025
HL,1,135,CAQUETA,08:02 a. m.,8600,10200,10/12/2025
HL,1,120,CAQUETA,08:03 a. m.,8000,9400,10/12/2025
HL,3,120,CAQUETA,08:07 a. m.,9200,9300,10/12/2025
HL,3,127,CAQUETA,08:05 a. m.,8000,8400,10/12/2025
VH,1,390,CARTAGO,08:08 a. m.,6000,6000,10/12/2025
HV,1,310,CARTAGO,08:10 a. m.,6000,7000,10/12/2025
VH,1,370,CARTAGO,08:11 a. m.,5000,5400,10/12/2025
HV,1,315,LA UNION,08:13 a. m.,7000,8600,10/12/2025
HV,1,300,LA UNION,08:12 a. m.,7000,8200,10/12/2025
HV,1,280,LA UNION,08:14 a. m.,6600,8100,10/12/2025
HL,1,245,LA UNION,08:14 a. m.,8000,9600,10/12/2025
HL,1,245,LA UNION,08:14 a. m.,7200,7600,10/12/2025
HV,1,385,LA UNION,08:15 a. m.,6000,6800,10/12/2025
HV,1,355,LA UNION,08:16 a. m.,8800,9400,10/12/2025
HV,1,340,LA UNION,08:17 a. m.,8000,8800,10/12/2025
HL,1,85,BOLIVAR,08:17 a. m.,13000,16400,10/12/2025
ML,2,185,BOLIVAR,08:19 a. m.,8500,9050,10/12/2025
TR,1,315,BOLIVAR,08:20 a. m.,8000,8000,10/12/2025
MC,1,265,BOLIVAR,08:21 a. m.,8400,8400,10/12/2025
VH,1,390,BOLIVAR,08:23 a. m.,6000,6400,10/12/2025
HL,1,225,BOLIVAR,08:24 a. m.,5400,5400,10/12/2025
MC,1,365,BOLIVAR,08:23 a. m.,8000,9200,10/12/2025
HL,1,140,BOLIVAR,08:30 a. m.,7600,7700,10/12/2025
HV,1,260,BOLIVAR,08:25 a. m.,6600,7600,10/12/2025
ML,3,180,BOLIVAR,08:25 a. m.,7000,8650,10/12/2025
ML,6,117,BOLIVAR,08:26 a. m.,8000,8500,10/12/2025
HL,1,115,BOLIVAR,08:27 a. m.,7000,7200,10/12/2025
HL,1,95,BOLIVAR,08:29 a. m.,8000,10000,10/12/2025
ML,1,140,BOLIVAR,08:30 a. m.,8000,11300,10/12/2025
BF,1,490,SEVILLA,08:34 a. m.,6000,7800,10/12/2025
BF,1,580,SEVILLA,08:31 a. m.,6000,6200,10/12/2025
ML,1,170,HACIENDA EL LIBANO,08:53 a. m.,9000,9600,10/12/2025
ML,1,140,HACIENDA EL LIBANO,08:56 a. m.,9000,11200,10/12/2025
ML,1,145,HACIENDA EL LIBANO,08:50 a. m.,7400,11000,10/12/2025
ML,1,140,HACIENDA EL LIBANO,08:56 a. m.,10000,11000,10/12/2025
ML,1,145,HACIENDA EL LIBANO,08:55 a. m.,9000,11400,10/12/2025
ML,1,205,HACIENDA EL LIBANO,08:57 a. m.,8200,8800,10/12/2025
HL,8,181,ROLDANILLO,08:39 a. m.,9500,10800,10/12/2025
HL,3,218,ROLDANILLO,08:46 a. m.,9000,9300,10/12/2025
HL,1,200,LA UNION,08:58 a. m.,8400,8400,10/12/2025
HL,1,140,LA UNION,09:01 a. m.,9000,9600,10/12/2025
HL,3,198,ROLDANILLO,08:47 a. m.,8700,9400,10/12/2025
HL,5,178,ROLDANILLO,08:48 a. m.,9000,9200,10/12/2025
HL,7,174,ROLDANILLO,09:01 a. m.,8800,9000,10/12/2025
HL,1,165,ROLDANILLO,09:08 a. m.,9000,9800,10/12/2025
VP,1,340,CAICEDONIA,09:08 a. m.,7000,7400,10/12/2025
HL,9,116,CAICEDONIA,09:14 a. m.,9000,9600,10/12/2025
HV,6,339,BUGALAGRANDE,09:17 a. m.,8500,8600,10/12/2025
ML,1,180,BUGALAGRANDE,09:19 a. m.,8600,9100,10/12/2025
HV,2,255,BUGALAGRANDE,09:23 a. m.,8500,8500,10/12/2025
HV,5,317,BUGALAGRANDE,09:20 a. m.,8000,9000,10/12/2025
VH,1,560,TULUA,09:26 a. m.,7600,10400,10/12/2025
VH,1,465,TULUA,09:30 a. m.,6000,8400,10/12/2025
HL,2,230,BUGALAGRANDE,09:24 a. m.,8500,8500,10/12/2025
HV,2,332,BUGALAGRANDE,09:26 a. m.,7500,8500,10/12/2025
VH,1,540,TULUA,09:33 a. m.,4400,4800,10/12/2025
VH,1,555,TULUA,09:33 a. m.,5000,5300,10/12/2025
ML,1,205,LA UNION,09:37 a. m.,6000,8000,10/12/2025
MC,1,290,LA UNION,09:36 a. m.,7600,8000,10/12/2025
HL,1,215,LA UNION,09:38 a. m.,8000,8300,10/12/2025
HV,1,250,EL DOVIO,09:35 a. m.,7000,8100,10/12/2025
MC,1,320,EL DOVIO,09:34 a. m.,7400,8300,10/12/2025
ML,1,165,LA UNION,09:38 a. m.,6000,8200,10/12/2025
VH,1,240,YOTOCO,09:43 a. m.,6800,7200,10/12/2025
HL,1,125,YOTOCO,09:43 a. m.,10000,18600,10/12/2025
HL,1,85,YOTOCO,09:38 a. m.,12000,15100,10/12/2025
VH,1,380,YOTOCO,09:42 a. m.,7400,8200,10/12/2025
VH,1,340,YOTOCO,09:47 a. m.,8000,9600,10/12/2025
VH,1,390,YOTOCO,09:47 a. m.,5600,7400,10/12/2025
VH,1,510,YOTOCO,09:48 a. m.,6600,8200,10/12/2025
HL,1,80,YOTOCO,09:46 a. m.,10000,10000,10/12/2025
HV,1,335,YOTOCO,09:51 a. m.,7000,8200,10/12/2025
TO,1,270,YOTOCO,09:51 a. m.,7400,8800,10/12/2025
HV,1,385,YOTOCO,09:52 a. m.,8000,11600,10/12/2025
VH,1,345,YOTOCO,09:53 a. m.,4400,4400,10/12/2025
MC,5,465,SEVILLA,10:13 a. m.,9000,9300,10/12/2025
MC,1,270,TULUA,10:03 a. m.,9000,9600,10/12/2025
ML,1,240,TULUA,10:05 a. m.,7600,8200,10/12/2025
TR,1,270,TULUA,10:07 a. m.,9000,10200,10/12/2025
TR,1,260,TULUA,10:10 a. m.,7600,8600,10/12/2025
HL,1,125,TULUA,10:10 a. m.,8000,9400,10/12/2025
ML,2,150,TULUA,10:10 a. m.,10000,10500,10/12/2025
ML,2,202,TULUA,10:11 a. m.,11500,11900,10/12/2025
HL,2,175,TULUA,10:13 a. m.,8100,8850,10/12/2025
MC,3,413,SEVILLA,10:19 a. m.,9000,9700,10/12/2025
HL,1,165,ZARZAL,10:24 a. m.,8000,8000,10/12/2025
HL,1,220,ZARZAL,10:25 a. m.,7000,7200,10/12/2025
HL,1,185,ZARZAL,10:26 a. m.,8000,8800,10/12/2025
VH,1,420,ROLDANILLO,10:33 a. m.,5000,5800,10/12/2025
HL,2,172,ZARZAL,10:27 a. m.,8500,9050,10/12/2025
ML,1,95,ROLDANILLO,10:34 a. m.,7000,8600,10/12/2025
ML,1,100,ROLDANILLO,10:35 a. m.,7000,7000,10/12/2025
ML,1,95,ROLDANILLO,10:36 a. m.,9000,9200,10/12/2025
HL,3,228,ZARZAL,10:29 a. m.,7000,7500,10/12/2025
TO,1,415,EL DOVIO,10:46 a. m.,8400,9200,10/12/2025
TR,1,375,EL DOVIO,10:42 a. m.,8000,8600,10/12/2025
MC,1,285,EL DOVIO,10:39 a. m.,9000,9000,10/12/2025
TR,1,385,EL DOVIO,10:41 a. m.,8000,9000,10/12/2025
TR,1,335,EL DOVIO,10:47 a. m.,7000,7900,10/12/2025
MC,1,335,EL DOVIO,10:47 a. m.,8000,8700,10/12/2025
HL,3,215,ZARZAL,10:39 a. m.,8000,9000,10/12/2025
TR,3,363,EL DOVIO,10:48 a. m.,8500,9400,10/12/2025
MC,3,292,CAICEDONIA,10:52 a. m.,8000,8200,10/12/2025
VP,1,530,EL DOVIO,10:49 a. m.,7000,7400,10/12/2025
HV,3,340,MARSELLA,10:56 a. m.,7700,8700,10/12/2025
ML,4,180,CAICEDONIA,10:54 a. m.,10000,10600,10/12/2025
VH,1,325,ZARZAL,11:14 a. m.,6000,6500,10/12/2025
HV,1,310,ZARZAL,11:15 a. m.,6000,7500,10/12/2025
HV,1,250,ZARZAL,11:12 a. m.,5000,5000,10/12/2025
HV,1,375,LA UNION,10:58 a. m.,5000,6200,10/12/2025
VH,1,325,LA UNION,11:00 a. m.,6000,7200,10/12/2025
HV,1,305,LA UNION,11:00 a. m.,6000,8000,10/12/2025
TO,1,520,CAICEDONIA,11:02 a. m.,9500,10200,10/12/2025
VH,1,395,CAICEDONIA,11:03 a. m.,5400,5800,10/12/2025
TR,1,395,CAICEDONIA,11:04 a. m.,9000,9100,10/12/2025
ML,4,89,TRUJILLO,11:06 a. m.,7000,8100,10/12/2025
ML,1,100,TRUJILLO,11:11 a. m.,8000,8000,10/12/2025
HL,1,90,TRUJILLO,11:07 a. m.,8000,8800,10/12/2025
HL,1,95,TRUJILLO,11:10 a. m.,9200,9000,10/12/2025
HV,1,340,ZARZAL,11:15 a. m.,5600,5600,10/12/2025
VH,1,345,ZARZAL,11:16 a. m.,6600,7900,10/12/2025
ML,5,106,ZARZAL,11:17 a. m.,12000,13700,10/12/2025
ML,3,183,BUGALAGRANDE,11:23 a. m.,9000,9850,10/12/2025
HL,3,117,ZARZAL,11:18 a. m.,9500,11000,10/12/2025
ML,3,173,BUGALAGRANDE,11:32 a. m.,9000,9100,10/12/2025
HL,1,140,OBANDO,11:44 a. m.,6000,9000,10/12/2025
HL,1,135,OBANDO,11:41 a. m.,8000,9800,10/12/2025
ML,1,120,OBANDO,11:45 a. m.,6000,6800,10/12/2025
VH,1,520,BUGALAGRANDE,11:45 a. m.,6000,6000,10/12/2025
TO,1,580,BUGALAGRANDE,11:47 a. m.,8600,8900,10/12/2025
ML,2,170,BUGALAGRANDE,11:40 a. m.,8000,9000,10/12/2025
ML,2,118,VIJES,11:47 a. m.,8000,9100,10/12/2025
HL,1,185,VIJES,11:50 a. m.,6000,7400,10/12/2025
HV,1,275,VIJES,11:55 a. m.,6500,6900,10/12/2025
HV,1,250,VIJES,11:56 a. m.,6000,7300,10/12/2025
HV,1,245,VIJES,11:54 a. m.,7000,7400,10/12/2025
ML,1,120,VIJES,11:48 a. m.,6000,7400,10/12/2025
ML,2,102,VIJES,11:50 a. m.,8000,9750,10/12/2025
VH,1,400,VIJES,11:57 a. m.,7000,8100,10/12/2025
VH,2,435,BUGALAGRANDE,12:00 p. m.,6500,6500,10/12/2025
VH,1,530,BUGALAGRANDE,12:01 p. m.,8500,8700,10/12/2025
VH,2,460,BUGALAGRANDE,12:02 p. m.,7500,8750,10/12/2025
VH,3,457,BUGALAGRANDE,12:03 p. m.,7600,7700,10/12/2025
VH,1,475,BUGALAGRANDE,11:57 a. m.,8500,8800,10/12/2025
VH,2,512,BUGALAGRANDE,12:05 p. m.,8000,9100,10/12/2025
VH,2,500,BUGALAGRANDE,12:06 p. m.,8500,9050,10/12/2025
VH,2,338,BUGALAGRANDE,12:07 p. m.,6000,7200,10/12/2025
ML,2,245,TRUJILLO,12:10 p. m.,8500,9100,10/12/2025
ML,4,231,TRUJILLO,12:12 p. m.,8200,8950,10/12/2025
HV,3,277,BUGALAGRANDE,12:18 p. m.,8000,8650,10/12/2025
ML,1,190,TRUJILLO,12:13 p. m.,8000,8400,10/12/2025
ML,2,218,TRUJILLO,12:15 p. m.,8000,8700,10/12/2025
HL,3,228,BUGALAGRANDE,12:16 p. m.,8000,8300,10/12/2025
HV,4,266,BUGALAGRANDE,12:18 p. m.,8500,8700,10/12/2025
HV,1,255,BUGALAGRANDE,12:24 p. m.,7600,8200,10/12/2025
VH,1,375,RIOFRIO,12:33 p. m.,4400,5100,10/12/2025
TO,2,438,RIOFRIO,12:34 p. m.,8000,9100,10/12/2025
TO,1,740,RIOFRIO,12:36 p. m.,8200,8600,10/12/2025
TR,2,352,RIOFRIO,12:39 p. m.,7500,8400,10/12/2025
HV,1,260,RIOFRIO,12:36 p. m.,7000,7400,10/12/2025
HV,1,435,RIOFRIO,12:41 p. m.,7000,9100,10/12/2025
VH,1,390,RIOFRIO,12:41 p. m.,4600,5600,10/12/2025
ML,1,240,RIOFRIO,12:42 p. m.,6600,7000,10/12/2025
MC,1,250,RIOFRIO,12:43 p. m.,8200,8400,10/12/2025
ML,1,215,RIOFRIO,12:44 p. m.,8000,8600,10/12/2025
ML,5,142,CIRCASIA,12:52 p. m.,9000,10100,10/12/2025
ML,1,100,RIOFRIO,12:44 p. m.,8400,9600,10/12/2025
ML,2,140,RIOFRIO,12:45 p. m.,8000,9400,10/12/2025
HL,4,199,SAN VICENTE,12:47 p. m.,7900,8550,10/12/2025
HL,3,198,SAN VICENTE,12:50 p. m.,7500,8100,10/12/2025
HL,3,193,SAN VICENTE,12:55 p. m.,8000,8500,10/12/2025
ML,4,118,SAN VICENTE,12:55 p. m.,9500,10900,10/12/2025
HL,2,128,SANTANDER DE QUILICHAO,01:05 p. m.,9000,9800,10/12/2025
VH,1,515,BUGALAGRANDE,01:02 p. m.,5000,5400,10/12/2025
VH,1,410,BUGALAGRANDE,12:59 p. m.,8000,10700,10/12/2025
HL,2,240,LA UNION,01:03 p. m.,7500,7550,10/12/2025
HL,3,130,SANTANDER DE QUILICHAO,01:07 p. m.,9000,9100,10/12/2025
HL,4,241,SANTANDER DE QUILICHAO,01:08 p. m.,8000,8600,10/12/2025
HV,1,270,SANTANDER DE QUILICHAO,01:09 p. m.,7000,7000,10/12/2025
MC,1,385,SANTANDER DE QUILICHAO,01:10 p. m.,8400,8900,10/12/2025
HL,1,230,SANTANDER DE QUILICHAO,01:12 p. m.,8000,8000,10/12/2025
HL,1,105,SANTANDER DE QUILICHAO,01:13 p. m.,8000,9800,10/12/2025
HL,1,135,SANTANDER DE QUILICHAO,01:13 p. m.,8000,8600,10/12/2025
HL,3,182,URIBE,01:15 p. m.,8600,8900,10/12/2025
ML,8,243,URIBE,01:17 p. m.,10000,10300,10/12/2025
ML,2,172,URIBE,01:24 p. m.,8500,9300,10/12/2025
HL,4,165,URIBE,01:27 p. m.,8500,8900,10/12/2025
ML,4,194,URIBE,01:30 p. m.,10000,10100,10/12/2025
HV,5,261,ALCALA,01:32 p. m.,8000,8500,10/12/2025
ML,6,176,ALCALA,01:34 p. m.,7800,8200,10/12/2025
HV,2,270,ALCALA,01:35 p. m.,7000,7900,10/12/2025
HL,1,135,PALMIRA,01:38 p. m.,8000,9200,10/12/2025
ML,4,100,SEVILLA,01:40 p. m.,9000,9800,10/12/2025
ML,4,140,PALMIRA,01:43 p. m.,9400,10400,10/12/2025
MC,5,252,RESTREPO,01:47 p. m.,8000,8600,10/12/2025
HL,1,170,RESTREPO,01:49 p. m.,7000,7200,10/12/2025
HV,1,315,RESTREPO,01:49 p. m.,7200,7800,10/12/2025
HL,4,275,RESTREPO,01:50 p. m.,7500,7800,10/12/2025
HV,1,290,RESTREPO,01:55 p. m.,5000,5800,10/12/2025
ML,1,145,SEVILLA,01:56 p. m.,8000,9600,10/12/2025
VH,1,290,SEVILLA,01:59 p. m.,5000,5000,10/12/2025
ML,1,240,SEVILLA,02:00 p. m.,7000,7200,10/12/2025
HL,1,140,SEVILLA,02:00 p. m.,7000,7400,10/12/2025
VH,1,420,SEVILLA,02:01 p. m.,7000,7600,10/12/2025
VP,1,495,SEVILLA,02:06 p. m.,7000,7000,10/12/2025
HL,2,165,SEVILLA,02:06 p. m.,8500,9000,10/12/2025
VH,1,475,SEVILLA,02:09 p. m.,5400,5400,10/12/2025
ML,1,130,SEVILLA,02:07 p. m.,6000,7600,10/12/2025
ML,1,110,SEVILLA,02:08 p. m.,7000,7400,10/12/2025
ML,1,240,VIRGINIA,02:14 p. m.,12000,13500,10/12/2025
ML,1,140,SEVILLA,02:10 p. m.,5000,6400,10/12/2025
MC,11,389,LA UNION,04:15 p. m.,8300,8300,10/12/2025
TO,7,418,LA UNION,04:17 p. m.,8300,8300,10/12/2025
TO,2,443,LA UNION,04:21 p. m.,8400,8400,10/12/2025
HL,2,242,ZARZAL,10:19 a. m.,8300,8300,10/12/2025
VH,2,330,ZARZAL,05:57 a. m.,6600,7800,17/12/2025
HV,2,262,ZARZAL,06:05 a. m.,7400,7900,17/12/2025
HV,1,395,ZARZAL,06:06 a. m.,6000,7200,17/12/2025
HL,1,165,ZARZAL,06:08 a. m.,6400,7000,17/12/2025
HV,5,255,EL GUAMO,06:10 a. m.,8000,8900,17/12/2025
HL,1,235,EL GUAMO,06:22 a. m.,8200,9400,17/12/2025
HL,5,231,EL GUAMO,06:23 a. m.,8500,8950,17/12/2025
VH,1,335,EL GUAMO,06:25 a. m.,7200,8100,17/12/2025
HV,1,340,EL GUAMO,06:28 a. m.,8000,9100,17/12/2025
HV,1,305,EL GUAMO,06:27 a. m.,6000,7400,17/12/2025
HV,1,315,EL GUAMO,06:29 a. m.,8000,8400,17/12/2025
HV,4,274,EL GUAMO,06:30 a. m.,8500,9100,17/12/2025
HV,3,253,EL GUAMO,06:36 a. m.,8000,8650,17/12/2025
HV,3,280,EL GUAMO,06:36 a. m.,7500,8250,17/12/2025
HV,2,275,EL GUAMO,06:39 a. m.,8200,8700,17/12/2025
HV,1,320,EL GUAMO,06:40 a. m.,6400,8800,17/12/2025
HL,1,195,EL GUAMO,06:49 a. m.,8400,8400,17/12/2025
HL,1,150,ZARZAL,06:46 a. m.,6400,7400,17/12/2025
HL,1,150,ZARZAL,06:43 a. m.,4000,5000,17/12/2025
HL,1,195,ZARZAL,06:47 a. m.,8000,8400,17/12/2025
HV,2,338,EL GUAMO,06:49 a. m.,8500,8800,17/12/2025
VH,1,420,SEVILLA,06:50 a. m.,4600,5300,17/12/2025
HL,1,225,ROLDANILLO,06:52 a. m.,6000,7400,17/12/2025
ML,1,180,ROLDANILLO,06:54 a. m.,6600,6800,17/12/2025
MC,1,265,ROLDANILLO,06:57 a. m.,6000,7600,17/12/2025
ML,1,235,ROLDANILLO,06:55 a. m.,5000,5400,17/12/2025
HL,1,130,LA UNION,07:04 a. m.,8600,9700,17/12/2025
HL,1,160,LA UNION,07:07 a. m.,9000,9000,17/12/2025
HL,1,150,LA UNION,07:02 a. m.,8000,9200,17/12/2025
ML,1,145,LA UNION,07:05 a. m.,9000,9000,17/12/2025
ML,1,185,LA UNION,07:09 a. m.,7000,7200,17/12/2025
HL,1,110,LA UNION,07:11 a. m.,10000,11000,17/12/2025
ML,1,145,LA UNION,07:09 a. m.,10000,10650,17/12/2025
ML,3,125,LA UNION,07:12 a. m.,10000,10500,17/12/2025
ML,4,111,LA UNION,07:14 a. m.,8400,10000,17/12/2025
ML,1,175,LA UNION,07:15 a. m.,8000,8400,17/12/2025
ML,1,155,LA UNION,07:16 a. m.,9000,9400,17/12/2025
ML,4,225,MONTERIA,07:19 a. m.,8000,8400,17/12/2025
ML,5,185,MONTERIA,07:23 a. m.,8500,9050,17/12/2025
ML,7,154,MONTERIA,07:24 a. m.,7800,8400,17/12/2025
ML,5,162,MONTERIA,07:27 a. m.,8500,9250,17/12/2025
ML,6,152,MONTERIA,07:30 a. m.,8500,8900,17/12/2025
ML,2,175,MONTERIA,07:33 a. m.,8000,8200,17/12/2025
ML,2,82,MONTERIA,07:33 a. m.,10000,13800,17/12/2025
ML,3,85,MONTERIA,07:36 a. m.,11000,13200,17/12/2025
ML,3,68,MONTERIA,07:38 a. m.,12000,12600,17/12/2025
HL,1,170,MONTERIA,07:39 a. m.,7000,8400,17/12/2025
ML,7,142,MONTERIA,07:41 a. m.,9000,9450,17/12/2025
ML,1,165,MONTERIA,07:47 a. m.,9000,9800,17/12/2025
HL,1,140,MONTERIA,07:47 a. m.,8000,9400,17/12/2025
HL,4,150,CAQUETA,07:53 a. m.,8600,9000,17/12/2025
ML,4,139,MONTERIA,07:50 a. m.,8000,8900,17/12/2025
HL,7,154,CAQUETA,07:55 a. m.,9000,9300,17/12/2025
ML,1,110,CAQUETA,07:57 a. m.,9000,10000,17/12/2025
HL,1,110,CAQUETA,07:56 a. m.,7600,8400,17/12/2025
ML,1,160,CAQUETA,07:59 a. m.,9400,9400,17/12/2025
HL,1,170,CAQUETA,07:58 a. m.,8600,8800,17/12/2025
ML,1,135,CAQUETA,07:59 a. m.,7600,8550,17/12/2025
HL,6,138,CAQUETA,08:00 a. m.,9000,9650,17/12/2025
HL,3,136,CAQUETA,08:03 a. m.,8600,8900,17/12/2025
HL,3,112,CAQUETA,08:05 a. m.,9000,9800,17/12/2025
ML,7,96,PLANETA RICA,08:09 a. m.,9000,9350,17/12/2025
HL,2,95,PLANETA RICA,08:11 a. m.,10000,10200,17/12/2025
HL,1,200,CAQUETA,08:15 a. m.,8000,8350,17/12/2025
HL,1,145,CAQUETA,08:13 a. m.,9000,9400,17/12/2025
HL,1,130,CAQUETA,08:15 a. m.,9000,9800,17/12/2025
VH,1,245,CAQUETA,08:20 a. m.,6600,7000,17/12/2025
HL,1,105,CAQUETA,08:16 a. m.,9000,11000,17/12/2025
HL,5,166,CAQUETA,08:20 a. m.,8500,8900,17/12/2025
HL,5,126,CAQUETA,08:22 a. m.,8500,8900,17/12/2025
HV,2,305,TULUA,08:28 a. m.,8500,8700,17/12/2025
HV,2,252,TULUA,08:52 a. m.,8300,8700,17/12/2025
MC,1,345,TULUA,08:49 a. m.,8000,8600,17/12/2025
MC,1,295,TULUA,08:51 a. m.,6000,7400,17/12/2025
ML,1,220,TULUA,08:51 a. m.,7000,8500,17/12/2025
HL,1,195,JAMUNDI,08:56 a. m.,8000,8700,17/12/2025
ML,1,195,JAMUNDI,08:48 a. m.,8600,9200,17/12/2025
HL,1,135,JAMUNDI,08:56 a. m.,9000,9700,17/12/2025
ML,1,200,JAMUNDI,08:57 a. m.,7000,8100,17/12/2025
ML,3,103,JAMUNDI,08:58 a. m.,10000,11400,17/12/2025
ML,2,88,JAMUNDI,08:59 a. m.,10000,11400,17/12/2025
VH,1,485,PLANETA RICA,09:04 a. m.,4600,6100,17/12/2025
ML,3,137,JAMUNDI,09:01 a. m.,9000,10000,17/12/2025
ML,1,135,PLANETA RICA,09:06 a. m.,6000,7400,17/12/2025
ML,1,210,PLANETA RICA,09:07 a. m.,9000,9600,17/12/2025
ML,1,170,PLANETA RICA,09:11 a. m.,3000,3200,17/12/2025
ML,1,100,PLANETA RICA,09:12 a. m.,10000,12600,17/12/2025
HL,1,115,PLANETA RICA,09:08 a. m.,6000,6750,17/12/2025
HL,7,121,PLANETA RICA,09:14 a. m.,9000,9200,17/12/2025
ML,7,114,PLANETA RICA,09:15 a. m.,9000,9600,17/12/2025
HL,6,129,PLANETA RICA,09:17 a. m.,8500,9500,17/12/2025
ML,3,162,PLANETA RICA,09:18 a. m.,8000,9900,17/12/2025
ML,4,92,PLANETA RICA,09:20 a. m.,9000,9950,17/12/2025
HL,2,148,PLANETA RICA,09:21 a. m.,9000,9400,17/12/2025
HL,3,87,PLANETA RICA,09:30 a. m.,9200,9400,17/12/2025
VH,1,350,SEVILLA,09:43 a. m.,5400,5800,17/12/2025
TO,1,445,SEVILLA,09:46 a. m.,8800,9000,17/12/2025
HV,2,330,SEVILLA,09:47 a. m.,8200,8500,17/12/2025
ML,2,92,PLANETA RICA,09:31 a. m.,8000,8400,17/12/2025
ML,3,115,PLANETA RICA,09:33 a. m.,10200,10200,17/12/2025
ML,2,195,SEVILLA,09:36 a. m.,8000,9000,17/12/2025
HV,5,284,ZARZAL,09:52 a. m.,8000,8600,17/12/2025
MC,4,294,SEVILLA,09:50 a. m.,7000,8200,17/12/2025
HL,3,228,ZARZAL,09:53 a. m.,8000,8500,17/12/2025
HL,1,205,ZARZAL,09:56 a. m.,6200,7100,17/12/2025
HL,1,240,ZARZAL,09:56 a. m.,7600,7800,17/12/2025
HV,2,250,ZARZAL,09:55 a. m.,8000,8600,17/12/2025
ML,2,165,LA UNION,09:58 a. m.,9400,10100,17/12/2025
ML,5,210,LA UNION,09:59 a. m.,9500,10000,17/12/2025
ML,3,200,LA UNION,10:10 a. m.,10100,10100,17/12/2025
VP,1,390,BOLIVAR,10:13 a. m.,6800,7000,17/12/2025
VH,1,375,BOLIVAR,10:17 a. m.,4600,6250,17/12/2025
VH,1,300,BOLIVAR,10:16 a. m.,5000,5600,17/12/2025
VH,2,325,BOLIVAR,10:18 a. m.,5200,6000,17/12/2025
ML,2,168,LA UNION,10:12 a. m.,9000,9000,17/12/2025
VP,1,420,BOLIVAR,10:19 a. m.,5000,6400,17/12/2025
ML,1,105,ZARZAL,10:35 a. m.,7000,7000,17/12/2025
HV,3,308,LA ESMERALDA,10:36 a. m.,8200,8550,17/12/2025
HL,1,215,LA ESMERALDA,10:37 a. m.,7000,8300,17/12/2025
HL,1,230,LA ESMERALDA,10:39 a. m.,7400,7800,17/12/2025
HL,1,240,LA ESMERALDA,10:40 a. m.,8000,8600,17/12/2025
ML,6,162,LA ESMERALDA,10:42 a. m.,8800,9400,17/12/2025
HL,3,247,LA ESMERALDA,10:44 a. m.,7000,7500,17/12/2025
HL,1,225,BUGALAGRANDE,10:49 a. m.,7000,7400,17/12/2025
HV,1,315,BUGALAGRANDE,10:46 a. m.,8200,8600,17/12/2025
HL,1,185,BUGALAGRANDE,10:48 a. m.,8400,8400,17/12/2025
HV,2,255,BUGALAGRANDE,10:49 a. m.,7500,8100,17/12/2025
HL,5,145,BUGALAGRANDE,10:53 a. m.,6500,7900,17/12/2025
HL,4,98,BUGALAGRANDE,10:54 a. m.,9000,9000,17/12/2025
HL,6,95,BUGALAGRANDE,10:58 a. m.,7600,8800,17/12/2025
HL,3,155,BUGALAGRANDE,10:59 a. m.,7600,8000,17/12/2025
VH,1,585,ANDALUCIA,11:01 a. m.,6400,7000,17/12/2025
VH,1,415,ANDALUCIA,11:11 a. m.,7000,7600,17/12/2025
VH,1,535,ANDALUCIA,11:11 a. m.,6400,7400,17/12/2025
VH,1,475,ANDALUCIA,11:15 a. m.,7000,8000,17/12/2025
VH,1,515,ANDALUCIA,11:16 a. m.,7600,8200,17/12/2025
VH,1,465,ANDALUCIA,11:17 a. m.,6000,7000,17/12/2025
TO,1,460,TULUA,11:18 a. m.,6000,7600,17/12/2025
VH,1,430,TULUA,11:19 a. m.,5400,6100,17/12/2025
VH,1,445,TULUA,11:20 a. m.,6000,6600,17/12/2025
VH,1,445,TULUA,11:20 a. m.,6000,6000,17/12/2025
TO,1,655,TULUA,11:22 a. m.,7000,8100,17/12/2025
VH,1,500,TULUA,11:22 a. m.,6000,8450,17/12/2025
VH,1,420,ROLDANILLO,11:26 a. m.,6000,7000,17/12/2025
ML,3,113,CALARCA,11:27 a. m.,9000,10200,17/12/2025
ML,2,82,CALARCA,11:29 a. m.,8000,12500,17/12/2025
HL,1,110,CALARCA,11:34 a. m.,9000,10300,17/12/2025
ML,1,215,CALARCA,11:35 a. m.,7000,7800,17/12/2025
ML,1,215,CALARCA,11:37 a. m.,8000,9600,17/12/2025
HL,1,200,CALARCA,11:35 a. m.,6000,7000,17/12/2025
ML,1,105,CALARCA,11:38 a. m.,6000,7200,17/12/2025
ML,1,150,CALARCA,11:37 a. m.,7000,8400,17/12/2025
VH,1,395,CALARCA,11:40 a. m.,6400,6700,17/12/2025
VH,1,380,CALARCA,11:39 a. m.,7000,7000,17/12/2025
VH,1,380,CALARCA,11:43 a. m.,6000,7000,17/12/2025
VH,1,345,CALARCA,11:43 a. m.,6000,6400,17/12/2025
ML,1,95,CALARCA,11:41 a. m.,10000,10800,17/12/2025
VH,1,335,SAN PEDRO,11:44 a. m.,6000,6700,17/12/2025
VH,1,480,SAN PEDRO,11:45 a. m.,7400,8600,17/12/2025
ML,1,180,SAN PEDRO,11:47 a. m.,8400,9400,17/12/2025
ML,1,110,SAN PEDRO,11:50 a. m.,8000,9600,17/12/2025
MC,1,265,SAN PEDRO,11:49 a. m.,8000,8750,17/12/2025
HL,1,115,SAN PEDRO,11:49 a. m.,6800,7200,17/12/2025
HL,2,192,SAN PEDRO,11:51 a. m.,8000,8200,17/12/2025
ML,2,215,SAN PEDRO,11:52 a. m.,7400,8400,17/12/2025
ML,2,128,SAN PEDRO,11:53 a. m.,6600,7400,17/12/2025
HL,2,162,SAN PEDRO,11:55 a. m.,6400,7400,17/12/2025
VP,1,485,LA UNION,11:56 a. m.,7800,7800,17/12/2025
ML,1,195,LA UNION,11:59 a. m.,5000,5200,17/12/2025
VP,1,325,LA UNION,12:01 p. m.,9000,9000,17/12/2025
HL,1,220,LA UNION,12:02 p. m.,4800,5700,17/12/2025
ML,1,155,LA UNION,12:03 p. m.,6000,8400,17/12/2025
VH,3,245,TEBAIDA,12:13 p. m.,6000,6000,17/12/2025
VH,1,335,TEBAIDA,12:16 p. m.,6700,7500,17/12/2025
ML,1,165,LA UNION,12:09 p. m.,7000,9900,17/12/2025
ML,1,180,LA UNION,12:10 p. m.,7000,8300,17/12/2025
ML,1,105,TEBAIDA,12:19 p. m.,9400,10400,17/12/2025
ML,1,95,TEBAIDA,12:21 p. m.,8800,11400,17/12/2025
HL,1,95,TEBAIDA,12:19 p. m.,4000,4000,17/12/2025
ML,1,115,TEBAIDA,12:22 p. m.,10000,11300,17/12/2025
HL,2,75,TEBAIDA,12:24 p. m.,8600,12400,17/12/2025
HL,5,155,TEBAIDA,12:26 p. m.,9000,9250,17/12/2025
VH,8,299,CARTAGO,12:28 p. m.,6500,7600,17/12/2025
VH,6,315,CARTAGO,12:31 p. m.,6200,7100,17/12/2025
HL,1,85,CARTAGO,12:43 p. m.,9000,11000,17/12/2025
ML,1,115,CARTAGO,12:43 p. m.,8000,9400,17/12/2025
ML,8,167,TULUA,12:44 p. m.,7000,8000,17/12/2025
HL,11,159,TRUJILLO,12:48 p. m.,9000,9000,17/12/2025
ML,3,123,TULUA,12:46 p. m.,8400,9400,17/12/2025
HL,3,212,TRUJILLO,12:54 p. m.,8300,8550,17/12/2025
HL,1,160,TRUJILLO,12:53 p. m.,7000,7000,17/12/2025
HL,6,139,TRUJILLO,12:57 p. m.,8000,8700,17/12/2025
HL,1,155,TRUJILLO,12:57 p. m.,5000,5200,17/12/2025
ML,8,194,BUGALAGRANDE,12:58 p. m.,9000,9800,17/12/2025
HV,2,302,BUGALAGRANDE,01:01 p. m.,7800,7900,17/12/2025
HV,2,308,BUGALAGRANDE,01:03 p. m.,7900,8200,17/12/2025
HL,1,110,MANIZALES,01:10 p. m.,5000,6600,17/12/2025
HL,1,110,MANIZALES,01:13 p. m.,7000,8200,17/12/2025
HL,1,245,BUGALAGRANDE,01:09 p. m.,6400,7300,17/12/2025
VH,1,500,TORO,01:20 p. m.,6400,7000,17/12/2025
VH,3,365,EL DOVIO,01:21 p. m.,8000,8800,17/12/2025
VH,3,358,EL DOVIO,01:22 p. m.,8200,8800,17/12/2025
HV,3,275,EL DOVIO,01:23 p. m.,7700,7700,17/12/2025
HV,1,350,EL DOVIO,01:24 p. m.,8600,8800,17/12/2025
HV,5,368,EL DOVIO,01:30 p. m.,7500,8900,17/12/2025
TR,2,398,BOLIVAR,01:31 p. m.,8500,8700,17/12/2025
TO,2,402,BOLIVAR,01:35 p. m.,8500,9050,17/12/2025
HV,2,268,CARTAGO,01:35 p. m.,6000,6800,17/12/2025
HL,6,140,CARTAGO,01:36 p. m.,8600,8900,17/12/2025
HV,4,304,CARTAGO,01:37 p. m.,8000,8650,17/12/2025
ML,6,93,BUGALAGRANDE,01:44 p. m.,8000,9400,17/12/2025
ML,1,195,BUGALAGRANDE,01:47 p. m.,6200,7700,17/12/2025
ML,1,115,BUGALAGRANDE,01:48 p. m.,7000,8200,17/12/2025
ML,1,125,BUGALAGRANDE,01:46 p. m.,8400,9400,17/12/2025
ML,1,110,BUGALAGRANDE,01:45 p. m.,7000,8800,17/12/2025
ML,1,125,BUGALAGRANDE,01:47 p. m.,6000,7600,17/12/2025
HL,5,91,BUGALAGRANDE,01:49 p. m.,8000,8400,17/12/2025
HL,6,118,BUGALAGRANDE,01:51 p. m.,7000,8900,17/12/2025
HL,1,140,BUGALAGRANDE,02:00 p. m.,6400,7500,17/12/2025
HL,1,135,BUGALAGRANDE,01:54 p. m.,5000,6400,17/12/2025
HL,3,188,LA VICTORIA,02:07 p. m.,7000,7800,17/12/2025
HL,5,151,LA VICTORIA,02:08 p. m.,9000,9300,17/12/2025
HL,3,185,LA VICTORIA,02:13 p. m.,6800,7800,17/12/2025
ML,5,190,LA VICTORIA,02:15 p. m.,9000,9450,17/12/2025
ML,2,160,LA VICTORIA,02:16 p. m.,9000,9450,17/12/2025
ML,1,130,LA VICTORIA,02:20 p. m.,6000,6200,17/12/2025
ML,1,210,LA VICTORIA,02:19 p. m.,5000,5600,17/12/2025
ML,1,130,LA VICTORIA,02:17 p. m.,8400,9200,17/12/2025
HV,3,285,YOTOCO,02:22 p. m.,7500,8100,17/12/2025
HV,7,266,YOTOCO,02:23 p. m.,7700,8200,17/12/2025
ML,1,200,BUGALAGRANDE,02:25 p. m.,8600,8600,17/12/2025
ML,1,225,BUGALAGRANDE,02:30 p. m.,7000,8200,17/12/2025
HL,2,120,BUGALAGRANDE,02:31 p. m.,7600,7800,17/12/2025
HV,2,295,LA UNION,02:31 p. m.,6500,7100,17/12/2025
ML,2,118,BUGALAGRANDE,02:34 p. m.,10000,12100,17/12/2025
ML,3,118,LA UNION,02:36 p. m.,5200,6000,17/12/2025
HV,2,365,TORO,02:37 p. m.,7000,7800,17/12/2025
VH,1,390,TORO,02:40 p. m.,5700,7400,17/12/2025
HV,1,355,TORO,02:40 p. m.,7900,8100,17/12/2025
HV,1,345,TORO,02:42 p. m.,8000,8650,17/12/2025
HV,1,340,TORO,02:43 p. m.,7500,7700,17/12/2025
HV,1,380,TORO,02:44 p. m.,7800,8500,17/12/2025
HV,1,360,TORO,02:46 p. m.,7700,7600,17/12/2025
HV,1,290,ZARZAL,02:47 p. m.,7800,8400,17/12/2025
HL,1,230,ZARZAL,02:49 p. m.,7000,7600,17/12/2025
HL,1,180,ZARZAL,02:48 p. m.,5800,6800,17/12/2025
HV,1,320,TULUA,02:50 p. m.,7200,7650,17/12/2025
HL,1,240,TULUA,02:51 p. m.,7600,8000,17/12/2025
HL,1,170,TULUA,02:52 p. m.,6800,7700,17/12/2025
HL,1,180,TULUA,02:53 p. m.,7000,7200,17/12/2025
HL,1,230,TULUA,02:55 p. m.,6600,6800,17/12/2025
HL,1,185,TULUA,02:56 p. m.,6000,6500,17/12/2025
HV,1,355,EL DOVIO,02:58 p. m.,7000,8000,17/12/2025
VH,1,445,EL DOVIO,03:01 p. m.,5000,7000,17/12/2025
VH,1,335,EL DOVIO,03:02 p. m.,7900,8550,17/12/2025
VH,1,470,EL DOVIO,03:03 p. m.,600,6000,17/12/2025
VH,1,385,EL DOVIO,03:04 p. m.,6000,6000,17/12/2025
VH,1,495,EL DOVIO,03:05 p. m.,5200,6200,17/12/2025
HL,1,90,TULUA,02:56 p. m.,7000,7000,17/12/2025
HV,8,271,MEDELLIN,03:06 p. m.,8350,8350,17/12/2025
HV,5,268,MEDELLIN,03:13 p. m.,7700,8250,17/12/2025
HL,10,178,MEDELLIN,03:14 p. m.,8000,8450,17/12/2025
VH,1,360,RIOFRIO,03:17 p. m.,5600,6800,17/12/2025
VH,1,480,RIOFRIO,03:21 p. m.,7400,7800,17/12/2025
HL,2,92,RIOFRIO,03:22 p. m.,7800,8800,17/12/2025
ML,1,130,RIOFRIO,03:21 p. m.,8700,9000,17/12/2025
HL,4,234,MEDELLIN,03:24 p. m.,7000,7400,17/12/2025
HL,8,171,MEDELLIN,03:27 p. m.,8000,8700,17/12/2025
HL,2,135,MEDELLIN,03:30 p. m.,5000,5800,17/12/2025
HL,8,174,MEDELLIN,03:34 p. m.,7000,7900,17/12/2025
HV,2,328,ARGELIA,03:37 p. m.,7700,8400,17/12/2025
HV,1,255,ARGELIA,03:43 p. m.,6000,7200,17/12/2025
HV,1,275,ARGELIA,03:42 p. m.,8000,8300,17/12/2025
HV,2,365,ARGELIA,03:39 p. m.,8500,8900,17/12/2025
HV,2,332,ARGELIA,03:45 p. m.,8000,8850,17/12/2025
VH,3,448,CAQUETA,03:46 p. m.,5500,6300,17/12/2025
VH,3,333,CAQUETA,03:50 p. m.,5000,5750,17/12/2025
VH,2,385,CAQUETA,03:51 p. m.,4600,5000,17/12/2025
VH,2,382,CAQUETA,03:54 p. m.,5000,6050,17/12/2025
VH,1,310,CAQUETA,03:55 p. m.,4000,5600,17/12/2025
HL,1,110,CAQUETA,03:55 p. m.,9000,11300,17/12/2025
ML,1,95,CAQUETA,03:58 p. m.,10000,12900,17/12/2025
VH,2,388,CAQUETA,04:01 p. m.,5000,5400,17/12/2025
VH,1,515,SEVILLA,04:01 p. m.,5200,6300,17/12/2025
HV,1,335,QUIMBAYA,04:04 p. m.,7700,8250,17/12/2025
HV,1,425,QUIMBAYA,04:06 p. m.,7200,7700,17/12/2025
HV,1,370,QUIMBAYA,04:07 p. m.,7500,8500,17/12/2025
HV,1,330,QUIMBAYA,04:08 p. m.,8100,8700,17/12/2025
HV,1,285,QUIMBAYA,04:08 p. m.,7400,7500,17/12/2025
HV,3,297,QUIMBAYA,04:09 p. m.,8500,8600,17/12/2025
HV,3,322,QUIMBAYA,04:10 p. m.,7900,8200,17/12/2025
HV,2,348,QUIMBAYA,04:11 p. m.,6500,7200,17/12/2025
HV,1,255,QUIMBAYA,04:13 p. m.,8000,8800,17/12/2025
HL,2,238,QUIMBAYA,04:12 p. m.,7900,8200,17/12/2025
HL,2,188,SAN MARCOS,04:15 p. m.,7200,7550,17/12/2025
TO,1,665,SAN MARCOS,04:17 p. m.,8400,8800,17/12/2025
ML,1,120,SEVILLA,04:22 p. m.,5000,7600,17/12/2025
ML,1,130,SEVILLA,04:22 p. m.,6000,7600,17/12/2025
HL,1,110,SEVILLA,04:18 p. m.,7000,8400,17/12/2025
ML,2,238,SAN MARCOS,04:24 p. m.,7000,8300,17/12/2025
VH,1,280,SEVILLA,04:26 p. m.,5000,5500,17/12/2025
HV,1,255,SEVILLA,04:31 p. m.,2000,5700,17/12/2025
HL,1,155,SEVILLA,04:30 p. m.,2000,3500,17/12/2025
HV,1,285,ZARZAL,08:51 a. m.,8000,8000,17/12/2025
VH,1,410,ZARZAL,06:09 a. m.,6800,7200,14/01/2026
HV,1,255,ZARZAL,06:11 a. m.,7400,7900,14/01/2026
ML,1,215,ZARZAL,06:13 a. m.,9000,9500,14/01/2026
HL,1,225,ZARZAL,06:17 a. m.,7200,8000,14/01/2026
HL,1,215,ZARZAL,06:21 a. m.,8600,8600,14/01/2026
HL,2,168,ZARZAL,06:24 a. m.,6600,7900,14/01/2026
HL,1,175,ZARZAL,06:33 a. m.,6600,7200,14/01/2026
HL,1,215,ZARZAL,06:35 a. m.,8000,8500,14/01/2026
HL,5,212,VERSALLES,06:44 a. m.,8700,8700,14/01/2026
HL,3,200,VERSALLES,06:51 a. m.,8200,8300,14/01/2026
HL,8,186,VERSALLES,06:53 a. m.,8000,8100,14/01/2026
HL,4,191,VERSALLES,06:52 a. m.,7000,7800,14/01/2026
HV,1,325,ZARZAL,06:53 a. m.,6600,7350,14/01/2026
HL,1,190,ZARZAL,06:55 a. m.,10000,10200,14/01/2026
ML,1,200,ZARZAL,07:01 a. m.,7000,8000,14/01/2026
HL,2,212,EL DOVIO,07:05 a. m.,7000,7150,14/01/2026
ML,2,198,EL DOVIO,07:07 a. m.,7800,8350,14/01/2026
HL,5,225,EL DOVIO,07:06 a. m.,8000,8750,14/01/2026
HL,5,119,EL DOVIO,07:08 a. m.,8000,9300,14/01/2026
TR,1,360,EL DOVIO,07:10 a. m.,8400,9400,14/01/2026
TR,1,305,EL DOVIO,07:11 a. m.,7000,7800,14/01/2026
HL,9,147,CAUCASIA,07:14 a. m.,8800,9200,14/01/2026
HL,1,210,CAUCASIA,07:17 a. m.,6600,6800,14/01/2026
HL,7,169,CAUCASIA,07:22 a. m.,8800,9200,14/01/2026
ML,3,132,EL DOVIO,07:12 a. m.,8500,9400,14/01/2026
HL,8,202,CAUCASIA,07:23 a. m.,8600,9150,14/01/2026
HL,4,232,CIRCASIA,07:25 a. m.,8500,8800,14/01/2026
HV,2,262,CIRCASIA,07:29 a. m.,7500,8600,14/01/2026
HL,1,195,CIRCASIA,07:31 a. m.,7000,8300,14/01/2026
HV,1,270,CIRCASIA,07:31 a. m.,6400,7400,14/01/2026
HV,4,256,CIRCASIA,07:30 a. m.,8000,8950,14/01/2026
HL,2,185,CIRCASIA,07:33 a. m.,7400,8400,14/01/2026
ML,4,204,LA UNION,07:33 a. m.,9000,9750,14/01/2026
ML,2,162,OBANDO,07:37 a. m.,6000,7200,14/01/2026
ML,1,130,OBANDO,07:39 a. m.,8400,9200,14/01/2026
ML,4,120,OBANDO,07:40 a. m.,5000,5000,14/01/2026
HL,8,173,CAUCASIA,07:41 a. m.,8800,9200,14/01/2026
HL,7,152,CAUCASIA,07:44 a. m.,8800,9400,14/01/2026
HL,5,209,CAUCASIA,07:47 a. m.,8000,8600,14/01/2026
HL,7,197,CAUCASIA,07:48 a. m.,8000,8250,14/01/2026
HV,1,310,CAUCASIA,07:50 a. m.,8000,8800,14/01/2026
ML,1,105,ROLDANILLO,07:53 a. m.,5000,5000,14/01/2026
TR,1,310,ROLDANILLO,07:52 a. m.,6800,7200,14/01/2026
HL,1,100,ROLDANILLO,07:54 a. m.,4800,6000,14/01/2026
BF,1,320,LA UNION,08:00 a. m.,7000,8400,14/01/2026
BH,1,155,LA UNION,08:02 a. m.,7000,11200,14/01/2026
BF,1,155,LA UNION,07:58 a. m.,9000,11000,14/01/2026
BF,1,140,LA UNION,08:06 a. m.,10400,12000,14/01/2026
BF,1,115,LA UNION,08:04 a. m.,11000,13000,14/01/2026
TO,1,525,SEVILLA,08:14 a. m.,6600,6600,14/01/2026
HL,1,140,SEVILLA,08:12 a. m.,6600,7300,14/01/2026
ML,1,170,TULUA,08:07 a. m.,9000,10200,14/01/2026
HL,1,105,TULUA,08:11 a. m.,5000,7200,14/01/2026
ML,1,185,TULUA,08:10 a. m.,9000,10100,14/01/2026
HV,3,292,SAN PEDRO,08:15 a. m.,8200,8900,14/01/2026
HV,2,268,SAN PEDRO,08:19 a. m.,8000,8750,14/01/2026
HV,2,312,SAN PEDRO,08:18 a. m.,6000,7200,14/01/2026
HV,1,305,SAN PEDRO,08:21 a. m.,7400,8400,14/01/2026
HL,1,235,SAN PEDRO,08:21 a. m.,8000,8200,14/01/2026
HL,1,165,SAN PEDRO,08:28 a. m.,7600,9500,14/01/2026
HL,4,174,SAN PEDRO,08:29 a. m.,9000,9450,14/01/2026
ML,1,220,SAN PEDRO,08:31 a. m.,8000,8400,14/01/2026
HL,2,210,SAN PEDRO,08:32 a. m.,7000,7900,14/01/2026
HV,1,305,ZARZAL,08:33 a. m.,7000,8400,14/01/2026
MC,1,300,ZARZAL,08:36 a. m.,7000,8000,14/01/2026
VH,1,380,CARTAGO,08:50 a. m.,6700,7150,14/01/2026
ML,1,180,TORO,08:54 a. m.,7000,9400,14/01/2026
ML,1,95,TORO,08:55 a. m.,9000,9800,14/01/2026
VH,1,335,TORO,08:51 a. m.,4900,5750,14/01/2026
ML,1,135,BUGALAGRANDE,08:45 a. m.,9400,10800,14/01/2026
ML,1,100,BUGALAGRANDE,08:47 a. m.,11000,12600,14/01/2026
HL,1,210,BUGALAGRANDE,08:43 a. m.,9600,10600,14/01/2026
HL,1,115,BUGALAGRANDE,08:46 a. m.,9000,10600,14/01/2026
ML,1,115,BUGALAGRANDE,08:46 a. m.,11000,11000,14/01/2026
HL,1,105,BUGALAGRANDE,08:48 a. m.,12000,15000,14/01/2026
HV,2,265,BUGALAGRANDE,09:18 a. m.,7400,8700,14/01/2026
HV,3,302,BOLIVAR,08:59 a. m.,8750,8700,14/01/2026
HL,4,202,BUGALAGRANDE,09:14 a. m.,7000,7800,14/01/2026
HV,1,280,BUGALAGRANDE,09:06 a. m.,7000,7600,14/01/2026
VH,1,395,BUGALAGRANDE,09:07 a. m.,7000,7200,14/01/2026
VH,1,330,BUGALAGRANDE,09:08 a. m.,7000,7000,14/01/2026
HV,1,295,BUGALAGRANDE,09:09 a. m.,6900,8000,14/01/2026
HV,1,360,BUGALAGRANDE,09:10 a. m.,7600,7600,14/01/2026
VH,3,405,BOLIVAR,08:56 a. m.,5200,5900,14/01/2026
HV,1,310,BUGALAGRANDE,09:08 a. m.,8000,8600,14/01/2026
HV,3,262,BUGALAGRANDE,09:04 a. m.,7700,9100,14/01/2026
HV,4,286,BUGALAGRANDE,09:20 a. m.,6500,8550,14/01/2026
HV,1,285,BUGALAGRANDE,09:22 a. m.,7200,8200,14/01/2026
VH,1,295,BUGALAGRANDE,09:23 a. m.,5400,6600,14/01/2026
HV,1,245,BUGALAGRANDE,09:24 a. m.,6000,7200,14/01/2026
HL,2,168,BUGALAGRANDE,09:25 a. m.,7400,7600,14/01/2026
HL,7,146,RIOFRIO,09:25 a. m.,9000,9200,14/01/2026
HL,2,152,RIOFRIO,09:33 a. m.,7400,7400,14/01/2026
HL,2,178,RIOFRIO,09:35 a. m.,8000,8350,14/01/2026
VH,2,360,EL DOVIO,09:36 a. m.,6500,6800,14/01/2026
VH,1,400,EL DOVIO,09:42 a. m.,5000,6300,14/01/2026
ML,1,130,EL DOVIO,09:41 a. m.,8800,9700,14/01/2026
VH,1,285,EL DOVIO,09:43 a. m.,7000,8700,14/01/2026
HV,1,330,TULUA,09:46 a. m.,5000,7000,14/01/2026
VH,1,435,TULUA,09:49 a. m.,6600,7450,14/01/2026
VI,1,415,EL DOVIO,09:47 a. m.,5000,5700,14/01/2026
HV,1,270,BOLIVAR,09:52 a. m.,6400,7700,14/01/2026
VH,1,425,BOLIVAR,09:58 a. m.,3600,4300,14/01/2026
HV,1,240,BOLIVAR,09:58 a. m.,7000,7400,14/01/2026
HL,2,168,BOLIVAR,09:59 a. m.,7600,7600,14/01/2026
ML,1,105,LA UNION,10:02 a. m.,8000,9800,14/01/2026
ML,1,90,LA UNION,10:05 a. m.,8400,10400,14/01/2026
ML,1,105,LA UNION,10:06 a. m.,9000,9400,14/01/2026
ML,1,110,LA UNION,10:05 a. m.,9400,10400,14/01/2026
TO,1,645,TORO,10:07 a. m.,7000,8200,14/01/2026
HV,1,330,TORO,10:08 a. m.,5000,7200,14/01/2026
HV,1,255,TORO,10:10 a. m.,4400,5100,14/01/2026
ML,4,122,SEVILLA,10:31 a. m.,7000,7400,14/01/2026
HV,2,260,GUACARI,10:53 a. m.,9000,10400,14/01/2026
HV,4,258,BOLIVAR,10:17 a. m.,8700,8800,14/01/2026
VH,1,465,SEVILLA,10:23 a. m.,6400,6500,14/01/2026
VI,1,360,SEVILLA,10:25 a. m.,3400,4200,14/01/2026
HV,1,275,BOLIVAR,10:18 a. m.,8400,8900,14/01/2026
VH,1,455,BOLIVAR,10:20 a. m.,8000,9000,14/01/2026
ML,1,210,BOLIVAR,10:22 a. m.,10600,10900,14/01/2026
HL,1,230,BOLIVAR,10:21 a. m.,8000,8500,14/01/2026
VP,1,435,GUACARI,10:38 a. m.,7800,8000,14/01/2026
VP,1,450,GUACARI,10:34 a. m.,7000,7100,14/01/2026
ML,4,110,SEVILLA,10:32 a. m.,8000,9300,14/01/2026
TR,2,322,GUACARI,10:37 a. m.,7500,8850,14/01/2026
VI,1,435,GUACARI,10:53 a. m.,4000,4000,14/01/2026
VP,1,415,GUACARI,10:50 a. m.,7000,7800,14/01/2026
VH,1,435,GUACARI,10:52 a. m.,8000,8600,14/01/2026
ML,2,170,BUGALAGRANDE,12:34 p. m.,8000,8400,14/01/2026
TR,2,365,GUACARI,10:46 a. m.,7500,7800,14/01/2026
TR,1,385,GUACARI,10:48 a. m.,7600,8300,14/01/2026
ML,10,186,SEVILLA,10:56 a. m.,11000,12600,14/01/2026
MC,1,255,SEVILLA,11:03 a. m.,6400,6800,14/01/2026
ML,4,138,SEVILLA,10:57 a. m.,9000,10600,14/01/2026
ML,3,163,SEVILLA,11:02 a. m.,9000,9600,14/01/2026
VH,1,520,ZARZAL,11:31 a. m.,5000,5200,14/01/2026
VH,6,268,TRUJILLO,11:35 a. m.,7500,8300,14/01/2026
VH,5,340,TRUJILLO,11:42 a. m.,7500,8350,14/01/2026
ML,2,210,SEVILLA,11:08 a. m.,8600,9600,14/01/2026
ML,2,168,SEVILLA,11:08 a. m.,10000,10400,14/01/2026
HV,2,330,BUGALAGRANDE,11:19 a. m.,8500,8800,14/01/2026
VH,1,305,BUGALAGRANDE,11:21 a. m.,7000,8000,14/01/2026
ML,2,110,SEVILLA,11:17 a. m.,10000,11400,14/01/2026
VP,1,435,ZARZAL,11:28 a. m.,8500,8700,14/01/2026
HL,1,115,ZARZAL,11:33 a. m.,11000,11600,14/01/2026
ML,1,215,GUACARI,11:16 a. m.,8000,8400,14/01/2026
VH,1,250,BUGALAGRANDE,11:25 a. m.,7400,7600,14/01/2026
VH,5,288,TRUJILLO,11:41 a. m.,6600,8400,14/01/2026
HV,2,252,DARIEN,11:43 a. m.,9000,9500,14/01/2026
HV,1,340,DARIEN,11:45 a. m.,9000,9400,14/01/2026
HL,1,210,DARIEN,11:45 a. m.,8000,8600,14/01/2026
TR,1,305,DARIEN,11:46 a. m.,9000,9600,14/01/2026
VH,1,380,LA UNION,11:47 a. m.,7600,7900,14/01/2026
VH,1,345,LA UNION,11:50 a. m.,6000,6600,14/01/2026
HV,1,265,LA UNION,11:51 a. m.,7000,7500,14/01/2026
VP,1,345,LA UNION,11:52 a. m.,6800,10200,14/01/2026
ML,1,110,ZARZAL,12:01 p. m.,8000,9900,14/01/2026
HV,1,300,ZARZAL,11:57 a. m.,7000,8100,14/01/2026
HV,1,305,ZARZAL,11:59 a. m.,7600,8100,14/01/2026
ML,1,135,ZARZAL,11:58 a. m.,11000,12400,14/01/2026
HV,1,305,ZARZAL,12:00 p. m.,7000,7700,14/01/2026
HV,1,300,ZARZAL,12:00 p. m.,7000,7800,14/01/2026
ML,1,90,ZARZAL,11:57 a. m.,10000,10000,14/01/2026
HV,1,300,BOLIVAR,12:04 p. m.,8000,8550,14/01/2026
HL,1,140,BOLIVAR,12:08 p. m.,8400,10100,14/01/2026
ML,1,170,BOLIVAR,12:08 p. m.,7000,8300,14/01/2026
ML,1,105,BOLIVAR,12:09 p. m.,6000,8000,14/01/2026
VH,1,480,OBANDO,12:04 p. m.,5800,7050,14/01/2026
ML,5,142,BUGALAGRANDE,12:21 p. m.,7500,8300,14/01/2026
ML,6,149,BUGALAGRANDE,12:25 p. m.,8000,8650,14/01/2026
ML,7,210,BUGALAGRANDE,12:25 p. m.,7500,9150,14/01/2026
ML,6,180,BUGALAGRANDE,12:27 p. m.,8500,8800,14/01/2026
ML,4,199,BUGALAGRANDE,12:31 p. m.,8500,8700,14/01/2026
VI,1,350,SEVILLA,12:49 p. m.,6000,6300,14/01/2026
HV,1,255,SEVILLA,12:35 p. m.,5000,7100,14/01/2026
VI,1,445,SEVILLA,12:50 p. m.,5000,6600,14/01/2026
VI,1,345,SEVILLA,12:50 p. m.,7000,8700,14/01/2026
VI,1,350,SEVILLA,12:51 p. m.,6000,7800,14/01/2026
HV,1,355,SEVILLA,12:52 p. m.,6000,7900,14/01/2026
HV,1,335,SEVILLA,12:53 p. m.,6000,6800,14/01/2026
HV,1,250,SEVILLA,12:54 p. m.,4000,6500,14/01/2026
ML,8,159,FLORIDA,01:00 p. m.,9500,10150,14/01/2026
ML,6,157,FLORIDA,01:10 p. m.,9000,9900,14/01/2026
VI,1,385,CARTAGO,01:12 p. m.,4000,5300,14/01/2026
VH,1,325,CARTAGO,01:14 p. m.,4000,4400,14/01/2026
VH,1,315,CARTAGO,01:16 p. m.,5000,5800,14/01/2026
VI,1,360,CARTAGO,01:17 p. m.,3000,4200,14/01/2026
VI,1,295,CARTAGO,01:17 p. m.,5000,5100,14/01/2026
ML,1,110,CARTAGO,01:19 p. m.,6600,7600,14/01/2026
ML,5,139,CARTAGO,01:22 p. m.,8500,9000,14/01/2026
HL,5,106,CARTAGO,01:23 p. m.,9200,9400,14/01/2026
HL,6,112,CARTAGO,01:26 p. m.,9500,9850,14/01/2026
VH,1,320,BUGALAGRANDE,01:30 p. m.,4000,4000,14/01/2026
VI,1,315,BUGALAGRANDE,01:31 p. m.,5000,5400,14/01/2026
VP,1,400,BUGALAGRANDE,01:32 p. m.,6600,7300,14/01/2026
VH,1,440,BUGALAGRANDE,01:34 p. m.,7000,10800,14/01/2026
VH,1,415,BUGALAGRANDE,01:33 p. m.,6600,6800,14/01/2026
HL,1,210,BUGALAGRANDE,01:35 p. m.,7000,7000,14/01/2026
VI,1,565,BUGALAGRANDE,01:36 p. m.,4000,5000,14/01/2026
HV,5,339,EL DOVIO,02:10 p. m.,8500,8800,14/01/2026
ML,5,232,EL DOVIO,03:41 p. m.,10000,10250,14/01/2026
HV,4,281,EL DOVIO,03:41 p. m.,8500,8900,14/01/2026
HV,5,297,EL DOVIO,03:41 p. m.,8500,9100,14/01/2026
HL,5,117,MONTERIA,06:51 a. m.,9500,10200,21/01/2026
HL,1,135,MONTERIA,07:08 a. m.,9000,9900,21/01/2026
HL,1,160,MONTERIA,07:06 a. m.,9600,9800,21/01/2026
HL,1,125,MONTERIA,07:09 a. m.,9000,9500,21/01/2026
ML,4,100,MONTERIA,07:12 a. m.,10000,11200,21/01/2026
HL,2,128,TORO,07:14 a. m.,11000,11500,21/01/2026
HL,2,95,TORO,07:15 a. m.,11000,12400,21/01/2026
HL,1,140,TORO,07:20 a. m.,9400,9800,21/01/2026
HL,1,110,TORO,07:19 a. m.,11000,13300,21/01/2026
HL,1,115,TORO,07:18 a. m.,10000,13800,21/01/2026
HL,2,248,ZARZAL,07:21 a. m.,7600,8300,21/01/2026
HV,2,255,ZARZAL,07:22 a. m.,8000,8500,21/01/2026
HL,2,248,ZARZAL,07:24 a. m.,6800,8200,21/01/2026
ML,1,130,ZARZAL,07:25 a. m.,8000,9300,21/01/2026
ML,1,145,ZARZAL,07:27 a. m.,7400,9400,21/01/2026
VH,1,335,ZARZAL,07:30 a. m.,6600,6800,21/01/2026
ML,1,125,ZARZAL,07:31 a. m.,6600,7000,21/01/2026
ML,1,150,ZARZAL,07:28 a. m.,9000,10200,21/01/2026
HL,1,190,ZARZAL,07:35 a. m.,8200,8800,21/01/2026
ML,3,228,ZARZAL,07:41 a. m.,9500,9900,21/01/2026
ML,2,170,ZARZAL,07:39 a. m.,9000,9600,21/01/2026
ML,1,155,ZARZAL,07:32 a. m.,7800,9000,21/01/2026
ML,1,140,ZARZAL,07:35 a. m.,10000,10900,21/01/2026
VH,1,405,PLANETA RICA,07:43 a. m.,5000,6100,21/01/2026
HV,1,285,PLANETA RICA,07:45 a. m.,8000,8100,21/01/2026
HL,1,155,PLANETA RICA,07:46 a. m.,8000,8300,21/01/2026
VH,1,325,ZARZAL,08:00 a. m.,8000,8400,21/01/2026
TR,1,310,ZARZAL,08:03 a. m.,7600,8200,21/01/2026
MC,1,350,ZARZAL,08:03 a. m.,7000,7800,21/01/2026
TR,1,305,ZARZAL,08:04 a. m.,8000,8200,21/01/2026
MC,1,250,ZARZAL,08:04 a. m.,6800,7600,21/01/2026
TR,1,305,ZARZAL,08:05 a. m.,8000,8400,21/01/2026
MC,1,265,ZARZAL,08:05 a. m.,8000,8700,21/01/2026
TR,1,255,ZARZAL,08:06 a. m.,7600,8200,21/01/2026
HV,1,345,ZARZAL,08:07 a. m.,8000,8900,21/01/2026
HV,1,260,ZARZAL,08:08 a. m.,8400,8800,21/01/2026
ML,6,172,PLANETA RICA,07:52 a. m.,8500,8700,21/01/2026
ML,7,151,PLANETA RICA,07:56 a. m.,8000,10000,21/01/2026
TR,5,255,DAGUA,08:08 a. m.,9700,9950,21/01/2026
TR,5,250,DAGUA,08:10 a. m.,9500,10150,21/01/2026
TR,5,267,DAGUA,08:11 a. m.,9500,9900,21/01/2026
VH,1,280,ANSERMANUEVO,08:25 a. m.,8000,8500,21/01/2026
HL,1,100,LA UNION,08:33 a. m.,8000,8800,21/01/2026
HL,1,140,LA UNION,08:32 a. m.,7400,8800,21/01/2026
HL,1,110,LA UNION,08:32 a. m.,8600,9400,21/01/2026
HV,1,275,TRUJILLO,08:38 a. m.,7600,7600,21/01/2026
HL,3,185,ANSERMANUEVO,08:30 a. m.,8000,8000,21/01/2026
HL,4,224,TRUJILLO,08:39 a. m.,6000,7000,21/01/2026
HL,4,188,TRUJILLO,08:35 a. m.,7500,7800,21/01/2026
HL,2,132,TRUJILLO,08:39 a. m.,7600,7600,21/01/2026
HL,1,245,TRUJILLO,08:42 a. m.,7600,8200,21/01/2026
ML,1,220,TRUJILLO,08:40 a. m.,9000,10200,21/01/2026
HL,1,160,MONTERIA,08:46 a. m.,8600,9600,21/01/2026
HL,1,95,MONTERIA,08:48 a. m.,9000,9600,21/01/2026
HV,1,315,SAN PEDRO,08:51 a. m.,8200,8600,21/01/2026
TR,1,300,SAN PEDRO,08:55 a. m.,8400,8400,21/01/2026
MC,1,270,SAN PEDRO,08:55 a. m.,6600,7400,21/01/2026
HL,12,148,CAUCASIA,08:59 a. m.,9000,11800,21/01/2026
ML,6,165,TULUA,08:56 a. m.,10000,10200,21/01/2026
ML,1,200,CAUCASIA,09:00 a. m.,10000,10200,21/01/2026
ML,1,145,CAUCASIA,09:05 a. m.,9000,12600,21/01/2026
HL,3,190,CAUCASIA,09:06 a. m.,8500,8600,21/01/2026
HL,6,173,CAUCASIA,09:06 a. m.,9000,9950,21/01/2026
HL,4,201,MONTERIA,09:08 a. m.,8000,8600,21/01/2026
HL,3,138,MONTERIA,09:09 a. m.,9000,9600,21/01/2026
HL,2,150,MONTERIA,09:10 a. m.,9000,9400,21/01/2026
ML,1,175,ZARZAL,09:12 a. m.,8400,8700,21/01/2026
ML,1,115,ZARZAL,09:15 a. m.,5000,5400,21/01/2026
ML,1,115,ZARZAL,09:12 a. m.,8400,8800,21/01/2026
ML,1,210,ZARZAL,09:10 a. m.,7000,8200,21/01/2026
HL,3,198,SAN VICENTE,09:16 a. m.,7000,7200,21/01/2026
VP,1,325,SAN VICENTE,09:18 a. m.,7400,8800,21/01/2026
VP,1,325,SAN VICENTE,09:18 a. m.,8000,9000,21/01/2026
HV,1,260,SAN VICENTE,09:21 a. m.,7000,7800,21/01/2026
HV,1,285,SAN VICENTE,09:19 a. m.,6000,6800,21/01/2026
VH,3,355,SAN VICENTE,09:21 a. m.,5500,5600,21/01/2026
VH,1,370,SAN VICENTE,09:24 a. m.,6600,6800,21/01/2026
VH,1,280,SAN VICENTE,09:25 a. m.,6000,7000,21/01/2026
VH,1,310,SAN VICENTE,09:26 a. m.,6600,7000,21/01/2026
HL,1,170,SAN VICENTE,09:26 a. m.,8000,8600,21/01/2026
HL,3,177,SAN VICENTE,09:27 a. m.,8500,9000,21/01/2026
HL,3,212,SAN VICENTE,09:28 a. m.,8000,8200,21/01/2026
HV,1,250,SAN VICENTE,09:30 a. m.,7600,7600,21/01/2026
HL,1,145,SAN VICENTE,09:32 a. m.,7000,7200,21/01/2026
HL,3,157,SAN VICENTE,09:35 a. m.,8000,8200,21/01/2026
VH,1,310,VIJES,09:48 a. m.,6000,7800,21/01/2026
ML,1,175,VIJES,09:46 a. m.,8000,8600,21/01/2026
VH,1,490,VIJES,09:50 a. m.,6600,8000,21/01/2026
VH,1,395,VIJES,09:53 a. m.,5600,7400,21/01/2026
HL,1,145,VIJES,09:52 a. m.,9000,9600,21/01/2026
VH,1,265,VIJES,09:51 a. m.,7000,8200,21/01/2026
HL,1,125,VIJES,09:54 a. m.,4000,6400,21/01/2026
VH,1,360,VIJES,09:39 a. m.,5000,5600,21/01/2026
VH,1,415,VIJES,09:45 a. m.,6000,6600,21/01/2026
VI,1,430,OBANDO,09:57 a. m.,1000,2000,21/01/2026
VI,1,490,OBANDO,09:59 a. m.,5000,5700,21/01/2026
VI,1,490,OBANDO,09:59 a. m.,4000,4200,21/01/2026
VH,1,490,OBANDO,10:00 a. m.,6000,6000,21/01/2026
VH,1,545,OBANDO,10:00 a. m.,5000,5800,21/01/2026
ML,1,145,VIJES,09:55 a. m.,8000,9800,21/01/2026
VI,1,480,OBANDO,10:01 a. m.,3600,3800,21/01/2026
VH,1,480,OBANDO,10:02 a. m.,6400,7100,21/01/2026
VH,1,525,OBANDO,10:03 a. m.,6400,7400,21/01/2026
HV,1,395,CARTAGO,10:03 a. m.,8400,9200,21/01/2026
ML,1,225,CARTAGO,10:06 a. m.,7600,7600,21/01/2026
HL,1,225,CARTAGO,10:04 a. m.,5000,5400,21/01/2026
HV,1,285,CARTAGO,10:05 a. m.,7600,8400,21/01/2026
HL,1,210,CARTAGO,10:05 a. m.,4000,5800,21/01/2026
HV,1,350,SEVILLA,10:08 a. m.,7400,8000,21/01/2026
HL,1,170,SEVILLA,10:06 a. m.,8000,9600,21/01/2026
VI,1,285,SEVILLA,10:09 a. m.,5600,6400,21/01/2026
HV,1,255,SEVILLA,10:12 a. m.,8000,8200,21/01/2026
HV,1,390,SEVILLA,10:16 a. m.,7400,9000,21/01/2026
HL,1,175,LA UNION,10:17 a. m.,9000,9000,21/01/2026
HV,1,385,LA UNION,10:18 a. m.,8400,9800,21/01/2026
HV,3,260,CARTAGO,10:19 a. m.,7800,8200,21/01/2026
HV,4,251,CARTAGO,10:20 a. m.,7500,8550,21/01/2026
HL,4,229,CARTAGO,10:24 a. m.,8500,8700,21/01/2026
HL,5,218,CARTAGO,10:26 a. m.,8000,8400,21/01/2026
HV,1,365,SEVILLA,10:27 a. m.,7000,7300,21/01/2026
TR,1,350,SEVILLA,10:28 a. m.,8600,10000,21/01/2026
VH,1,460,SEVILLA,10:29 a. m.,4000,4400,21/01/2026
VH,1,365,SEVILLA,10:30 a. m.,7000,8200,21/01/2026
ML,2,188,VERSALLES,10:31 a. m.,10000,10200,21/01/2026
ML,1,155,PALMIRA,10:44 a. m.,7600,8400,21/01/2026
ML,2,135,VERSALLES,10:33 a. m.,10000,10900,21/01/2026
VH,1,425,TORO,10:35 a. m.,9000,10100,21/01/2026
HV,1,445,TORO,10:36 a. m.,9000,11300,21/01/2026
ML,2,120,VERSALLES,10:33 a. m.,10000,12400,21/01/2026
HV,1,510,TORO,10:36 a. m.,7400,8200,21/01/2026
ML,1,100,TORO,10:37 a. m.,10000,11200,21/01/2026
VH,1,320,PALMIRA,10:38 a. m.,7000,8000,21/01/2026
VH,1,470,PALMIRA,10:39 a. m.,9000,9500,21/01/2026
VH,1,290,PALMIRA,10:40 a. m.,5000,10000,21/01/2026
VH,1,255,PALMIRA,10:42 a. m.,8200,8600,21/01/2026
HL,1,145,PALMIRA,10:43 a. m.,9000,9800,21/01/2026
MC,1,275,PALMIRA,10:44 a. m.,8600,9400,21/01/2026
ML,1,225,PALMIRA,10:42 a. m.,6600,7000,21/01/2026
HL,1,235,PALMIRA,10:47 a. m.,8000,8200,21/01/2026
ML,1,230,PALMIRA,10:47 a. m.,7400,7400,21/01/2026
HV,1,250,TORO,10:53 a. m.,4000,6400,21/01/2026
ML,1,145,TORO,10:55 a. m.,8400,9800,21/01/2026
ML,1,100,TORO,10:54 a. m.,9000,10400,21/01/2026
TR,1,425,LA VICTORIA,11:15 a. m.,9000,9400,21/01/2026
ML,1,155,TORO,10:56 a. m.,9000,9400,21/01/2026
ML,1,100,TORO,10:52 a. m.,9000,10200,21/01/2026
VH,1,465,OBANDO,10:57 a. m.,5000,5200,21/01/2026
ML,1,130,OBANDO,10:59 a. m.,10000,11200,21/01/2026
HV,3,295,ZARZAL,11:00 a. m.,8400,8400,21/01/2026
HV,2,285,ZARZAL,11:01 a. m.,8000,8650,21/01/2026
HV,1,315,ZARZAL,11:02 a. m.,8000,8400,21/01/2026
VI,1,435,ALCALA,11:04 a. m.,3800,5200,21/01/2026
TR,2,415,LA VICTORIA,11:12 a. m.,8500,9100,21/01/2026
TR,3,412,LA VICTORIA,11:14 a. m.,9000,9600,21/01/2026
TR,2,428,LA VICTORIA,11:18 a. m.,8800,9300,21/01/2026
VH,1,340,TULUA,11:24 a. m.,8000,8200,21/01/2026
VH,1,320,TULUA,11:22 a. m.,6600,7000,21/01/2026
VH,1,425,TULUA,11:25 a. m.,7000,9700,21/01/2026
VH,1,315,TULUA,11:25 a. m.,7400,9000,21/01/2026
ML,1,95,EL DOVIO,12:01 p. m.,10000,10000,21/01/2026
VH,1,530,TULUA,11:26 a. m.,6500,7800,21/01/2026
VH,1,350,TULUA,11:26 a. m.,6600,7600,21/01/2026
VH,1,310,TULUA,11:27 a. m.,8000,8600,21/01/2026
VH,1,290,TULUA,11:28 a. m.,5000,6200,21/01/2026
ML,4,206,TULUA,11:28 a. m.,8500,9100,21/01/2026
VH,1,290,TULUA,11:34 a. m.,4600,5600,21/01/2026
ML,2,202,TULUA,11:33 a. m.,8000,8200,21/01/2026
HL,2,212,TULUA,11:35 a. m.,8600,8600,21/01/2026
HL,1,215,TULUA,11:35 a. m.,7400,7600,21/01/2026
HL,1,200,TULUA,11:36 a. m.,6400,7000,21/01/2026
HL,1,220,TULUA,11:38 a. m.,9000,9800,21/01/2026
HV,3,278,BUGALAGRANDE,11:39 a. m.,8300,8650,21/01/2026
ML,1,135,BUGALAGRANDE,11:42 a. m.,6000,7700,21/01/2026
VH,1,455,BUGALAGRANDE,11:44 a. m.,6400,7000,21/01/2026
VI,1,350,BUGALAGRANDE,11:45 a. m.,2600,3200,21/01/2026
HV,1,275,BUGALAGRANDE,11:45 a. m.,6400,7400,21/01/2026
HV,1,250,BUGALAGRANDE,11:46 a. m.,7400,7400,21/01/2026
HV,1,310,BUGALAGRANDE,11:48 a. m.,7600,8100,21/01/2026
HV,1,390,BUGALAGRANDE,11:49 a. m.,8400,8400,21/01/2026
MC,1,315,BUGALAGRANDE,11:51 a. m.,6400,7200,21/01/2026
VP,1,520,BUGALAGRANDE,11:51 a. m.,4400,4800,21/01/2026
VH,1,445,TRUJILLO,11:55 a. m.,8200,8600,21/01/2026
VH,1,375,TRUJILLO,11:56 a. m.,6000,6600,21/01/2026
VH,1,480,TRUJILLO,11:57 a. m.,7000,8400,21/01/2026
VH,1,465,TRUJILLO,11:57 a. m.,8600,8600,21/01/2026
VH,1,400,EL DOVIO,11:59 a. m.,6000,6600,21/01/2026
VH,1,420,TRUJILLO,11:58 a. m.,6200,7600,21/01/2026
MC,1,275,EL DOVIO,12:01 p. m.,8600,8900,21/01/2026
HV,3,303,EL DOVIO,12:02 p. m.,7700,8400,21/01/2026
HV,4,279,EL DOVIO,12:08 p. m.,8000,8750,21/01/2026
MC,1,275,JAMUNDI,12:14 p. m.,7000,7000,21/01/2026
ML,1,190,JAMUNDI,12:11 p. m.,8000,9300,21/01/2026
MC,1,380,JAMUNDI,12:13 p. m.,7000,7800,21/01/2026
VH,1,360,JAMUNDI,12:14 p. m.,6200,7000,21/01/2026
TR,1,350,JAMUNDI,12:15 p. m.,9000,9200,21/01/2026
HV,3,275,EL DOVIO,12:18 p. m.,8000,8000,21/01/2026
HV,6,288,EL DOVIO,12:19 p. m.,7800,8200,21/01/2026
HV,2,265,JAMUNDI,12:22 p. m.,6000,8600,21/01/2026
HV,2,298,JAMUNDI,12:23 p. m.,7600,8000,21/01/2026
HL,1,235,JAMUNDI,12:15 p. m.,8000,8800,21/01/2026
VH,1,445,JAMUNDI,12:16 p. m.,8400,8400,21/01/2026
ML,1,200,SEVILLA,12:24 p. m.,8400,8600,21/01/2026
VH,1,295,SEVILLA,12:28 p. m.,7400,8450,21/01/2026
TO,1,490,SEVILLA,12:28 p. m.,8400,8400,21/01/2026
VH,1,325,SEVILLA,12:29 p. m.,4800,6200,21/01/2026
VH,1,315,SEVILLA,12:31 p. m.,7600,8400,21/01/2026
VH,1,415,SEVILLA,12:32 p. m.,7600,8000,21/01/2026
VH,1,365,SEVILLA,12:33 p. m.,6400,7300,21/01/2026
ML,2,240,SEVILLA,12:36 p. m.,8500,8700,21/01/2026
HL,1,125,SEVILLA,12:34 p. m.,9000,10400,21/01/2026
MC,1,310,SEVILLA,12:37 p. m.,6800,7600,21/01/2026
MC,2,320,SEVILLA,12:42 p. m.,7500,7900,21/01/2026
MC,1,250,SEVILLA,12:41 p. m.,5000,7200,21/01/2026
TR,2,415,ANDALUCIA,12:43 p. m.,8500,8900,21/01/2026
TR,3,458,ANDALUCIA,12:44 p. m.,8500,8500,21/01/2026
MC,1,490,ANDALUCIA,12:45 p. m.,8200,8750,21/01/2026
VI,1,240,CAUCASIA,12:46 p. m.,2000,3400,21/01/2026
VH,1,355,LA UNION,12:48 p. m.,7400,7900,21/01/2026
VI,1,250,TRUJILLO,12:48 p. m.,4000,5100,21/01/2026
VH,1,395,TRUJILLO,12:51 p. m.,3000,3700,21/01/2026
VH,1,230,TRUJILLO,12:55 p. m.,6400,7700,21/01/2026
VP,1,340,TRUJILLO,12:51 p. m.,8000,9000,21/01/2026
VH,1,345,TRUJILLO,12:58 p. m.,5400,7000,21/01/2026
VH,1,330,TRUJILLO,12:57 p. m.,6400,8450,21/01/2026
VI,1,400,TRUJILLO,12:58 p. m.,3400,3600,21/01/2026
VH,1,260,TRUJILLO,12:59 p. m.,6400,6400,21/01/2026
VH,1,350,TRUJILLO,01:00 p. m.,7400,8000,21/01/2026
ML,1,100,TRUJILLO,01:01 p. m.,11000,12200,21/01/2026
HL,1,105,TRUJILLO,01:02 p. m.,9400,10000,21/01/2026
HL,1,160,TRUJILLO,01:04 p. m.,7400,7600,21/01/2026
VH,1,365,TRUJILLO,01:03 p. m.,2600,3000,21/01/2026
VH,1,335,TRUJILLO,01:04 p. m.,7000,8000,21/01/2026
VI,1,340,TRUJILLO,01:05 p. m.,4000,4000,21/01/2026
VH,1,395,TRUJILLO,01:06 p. m.,6600,7600,21/01/2026
HV,1,395,SEVILLA,01:08 p. m.,8400,8800,21/01/2026
VH,1,360,SEVILLA,01:10 p. m.,8000,8400,21/01/2026
HL,1,215,SEVILLA,01:11 p. m.,7600,7800,21/01/2026
HV,1,305,SEVILLA,01:11 p. m.,8000,8400,21/01/2026
HL,1,230,SEVILLA,01:12 p. m.,6000,6600,21/01/2026
VH,1,370,SEVILLA,01:12 p. m.,7400,8000,21/01/2026
VH,1,310,SEVILLA,01:13 p. m.,7600,11000,21/01/2026
HV,3,362,SEVILLA,01:13 p. m.,6500,7500,21/01/2026
HV,1,265,EL DOVIO,01:19 p. m.,8000,8000,21/01/2026
ML,1,195,EL DOVIO,01:21 p. m.,7000,7400,21/01/2026
ML,2,125,EL DOVIO,01:21 p. m.,10000,11200,21/01/2026
ML,3,205,EL DOVIO,01:25 p. m.,9000,9000,21/01/2026
VH,4,300,CARTAGO,01:27 p. m.,5000,5300,21/01/2026
TO,1,670,CARTAGO,01:30 p. m.,5600,6200,21/01/2026
VH,3,417,CARTAGO,01:30 p. m.,6500,7300,21/01/2026
VH,4,391,CARTAGO,01:31 p. m.,7500,7800,21/01/2026
VH,3,410,CARTAGO,01:33 p. m.,6000,7000,21/01/2026
VH,3,342,CARTAGO,01:36 p. m.,5500,6750,21/01/2026
HV,2,310,CARTAGO,01:37 p. m.,7500,8100,21/01/2026
HV,6,378,ROLDANILLO,01:39 p. m.,8700,9150,21/01/2026
HV,5,285,ROLDANILLO,01:50 p. m.,8500,8750,21/01/2026
MC,1,325,ROLDANILLO,01:54 p. m.,8000,9200,21/01/2026
HL,1,230,ROLDANILLO,01:51 p. m.,8000,8300,21/01/2026
HL,1,220,ROLDANILLO,01:53 p. m.,8000,8500,21/01/2026
ML,1,170,ROLDANILLO,01:55 p. m.,8400,8800,21/01/2026
HV,7,334,ROLDANILLO,01:56 p. m.,8500,9000,21/01/2026
MC,3,272,ROLDANILLO,01:57 p. m.,8500,9100,21/01/2026
ML,1,245,SEVILLA,01:59 p. m.,7600,8000,21/01/2026
ML,1,240,SEVILLA,02:01 p. m.,8000,8600,21/01/2026
ML,1,195,SEVILLA,02:01 p. m.,9000,11600,21/01/2026
ML,3,197,SEVILLA,02:02 p. m.,9000,9350,21/01/2026
ML,3,143,SEVILLA,02:03 p. m.,8400,10100,21/01/2026
ML,4,182,SEVILLA,02:04 p. m.,9500,9500,21/01/2026
HL,2,95,SEVILLA,02:06 p. m.,9000,9800,21/01/2026
HL,1,150,SEVILLA,02:15 p. m.,8000,8200,21/01/2026
ML,2,138,SEVILLA,02:08 p. m.,8400,10500,21/01/2026
HL,6,137,SEVILLA,02:12 p. m.,9000,9000,21/01/2026
HV,2,328,VERSALLES,02:21 p. m.,7500,7900,21/01/2026
VI,1,355,COROZAL,02:15 p. m.,3600,5000,21/01/2026
VI,1,405,COROZAL,02:19 p. m.,2000,2800,21/01/2026
VI,1,335,TULUA,02:20 p. m.,4000,4600,21/01/2026
HL,5,85,VERSALLES,02:23 p. m.,8000,9400,21/01/2026
ML,1,115,VERSALLES,02:27 p. m.,9000,10600,21/01/2026
VI,1,335,VERSALLES,02:30 p. m.,2000,3200,21/01/2026
HL,1,90,VERSALLES,02:29 p. m.,9000,10200,21/01/2026
VH,1,230,VERSALLES,02:32 p. m.,2000,2400,21/01/2026
TR,1,355,VERSALLES,02:35 p. m.,8000,8400,21/01/2026
HV,1,250,VERSALLES,02:43 p. m.,7400,8600,21/01/2026
ML,1,235,VERSALLES,02:44 p. m.,6800,8400,21/01/2026
HL,2,228,VERSALLES,02:45 p. m.,6000,6400,21/01/2026
VH,1,415,TRUJILLO,02:54 p. m.,5000,5800,21/01/2026
HV,1,375,TRUJILLO,02:56 p. m.,7000,7700,21/01/2026
HV,1,325,TRUJILLO,02:56 p. m.,6000,6800,21/01/2026
HV,1,305,TRUJILLO,02:58 p. m.,8000,8000,21/01/2026
VH,1,365,TRUJILLO,02:59 p. m.,3000,3600,21/01/2026
HL,1,155,TRUJILLO,02:59 p. m.,7000,7000,21/01/2026
ML,1,155,TRUJILLO,03:01 p. m.,7000,8000,21/01/2026
ML,1,95,TRUJILLO,03:02 p. m.,9000,9000,21/01/2026
HL,4,141,BUGALAGRANDE,03:10 p. m.,8000,8400,21/01/2026
TR,3,277,BUGALAGRANDE,03:13 p. m.,7000,7700,21/01/2026
HL,2,235,BUGALAGRANDE,03:11 p. m.,6000,6600,21/01/2026
HL,3,192,BUGALAGRANDE,03:16 p. m.,7500,7600,21/01/2026
HL,5,112,BUGALAGRANDE,03:17 p. m.,9000,9200,21/01/2026
ML,1,240,OBANDO,03:22 p. m.,7000,8200,21/01/2026
ML,4,229,OBANDO,03:23 p. m.,8500,9150,21/01/2026
ML,4,235,OBANDO,03:26 p. m.,8500,8800,21/01/2026
ML,4,221,OBANDO,03:29 p. m.,8500,9200,21/01/2026
MC,1,280,OBANDO,03:31 p. m.,6000,7600,21/01/2026
ML,4,244,OBANDO,03:32 p. m.,8500,8750,21/01/2026
VP,1,410,SEVILLA,03:33 p. m.,6000,7400,21/01/2026
HL,1,205,SEVILLA,03:44 p. m.,8000,8000,21/01/2026
VI,1,350,SEVILLA,03:36 p. m.,4000,4200,21/01/2026
VH,1,295,SEVILLA,03:36 p. m.,6000,6000,21/01/2026
HL,2,200,SEVILLA,03:37 p. m.,7000,7600,21/01/2026
VP,1,450,EL DOVIO,03:50 p. m.,6600,7200,21/01/2026
MC,1,260,SEVILLA,03:42 p. m.,7400,7800,21/01/2026
HL,1,235,SEVILLA,03:43 p. m.,7000,7800,21/01/2026
MC,1,250,SEVILLA,03:41 p. m.,7000,7600,21/01/2026
HV,1,285,SEVILLA,03:48 p. m.,6000,8000,21/01/2026
HL,1,230,SEVILLA,03:49 p. m.,7600,7800,21/01/2026
HL,1,175,SEVILLA,03:47 p. m.,8400,8400,21/01/2026
VH,1,375,EL DOVIO,03:52 p. m.,6000,7200,21/01/2026
VH,1,345,EL DOVIO,03:54 p. m.,7600,12600,21/01/2026
VH,1,350,EL DOVIO,03:54 p. m.,7000,12200,21/01/2026
VP,1,500,EL DOVIO,03:56 p. m.,7000,8200,21/01/2026
VH,1,515,ALCALA,04:05 p. m.,8000,8200,21/01/2026
HV,2,302,ZARZAL,03:56 p. m.,8000,8500,21/01/2026
HV,2,290,ZARZAL,04:00 p. m.,6000,6800,21/01/2026
HV,4,281,ZARZAL,04:00 p. m.,8000,8850,21/01/2026
VH,1,435,ALCALA,04:06 p. m.,9000,12600,21/01/2026
VH,1,555,ALCALA,04:07 p. m.,9000,10800,21/01/2026
VH,1,420,ALCALA,04:07 p. m.,7000,7800,21/01/2026
VH,1,430,ALCALA,04:09 p. m.,7400,8400,21/01/2026
VH,1,410,ALCALA,04:09 p. m.,9200,10000,21/01/2026
VH,1,475,ALCALA,04:10 p. m.,8000,12100,21/01/2026
VH,1,480,ALCALA,04:11 p. m.,5600,6100,21/01/2026
VH,1,455,ALCALA,04:10 p. m.,8400,8400,21/01/2026
VH,1,415,ALCALA,04:12 p. m.,9000,10600,21/01/2026
HV,1,360,SEVILLA,04:13 p. m.,7400,7500,21/01/2026
HV,1,275,SEVILLA,04:18 p. m.,6000,6900,21/01/2026
MC,4,395,SEVILLA,04:19 p. m.,8400,8400,21/01/2026
MC,4,365,SEVILLA,04:19 p. m.,8200,8600,21/01/2026
HV,6,264,SEVILLA,04:21 p. m.,8200,8600,21/01/2026
HV,5,336,SEVILLA,04:24 p. m.,8500,8600,21/01/2026
HV,1,290,SEVILLA,04:26 p. m.,8000,8600,21/01/2026
HV,2,378,SEVILLA,04:27 p. m.,8500,9000,21/01/2026
HV,3,328,SEVILLA,04:28 p. m.,7500,8500,21/01/2026
VH,8,316,CAICEDONIA,04:29 p. m.,7000,8350,21/01/2026
VI,2,318,SEVILLA,04:35 p. m.,3400,4200,21/01/2026
HL,3,182,CARTAGO,04:46 p. m.,9000,10000,21/01/2026
ML,5,131,CARTAGO,04:48 p. m.,9000,10000,21/01/2026
HL,7,128,CARTAGO,04:53 p. m.,10000,10400,21/01/2026
MC,4,395,ZARZAL,10:44 a. m.,8400,8400,21/01/2026
TR,3,458,ZARZAL,10:45 a. m.,8500,8500,21/01/2026
ML,1,145,LA UNION,06:27 a. m.,9000,10300,28/01/2026
VH,1,380,TORO,07:07 a. m.,7000,8200,28/01/2026
ML,1,245,TORO,07:08 a. m.,6600,8000,28/01/2026
VH,1,395,TORO,07:09 a. m.,3000,4200,28/01/2026
HV,1,295,TORO,07:11 a. m.,7600,8300,28/01/2026
HV,1,360,TORO,07:12 a. m.,7400,7600,28/01/2026
VH,1,480,TORO,07:13 a. m.,5400,5400,28/01/2026
TR,1,285,ROLDANILLO,07:14 a. m.,7400,8600,28/01/2026
HV,1,270,ROLDANILLO,07:16 a. m.,8000,8600,28/01/2026
TR,1,290,ROLDANILLO,07:16 a. m.,9600,10400,28/01/2026
TR,1,360,ROLDANILLO,07:17 a. m.,9400,9400,28/01/2026
ML,1,200,ROLDANILLO,07:18 a. m.,9600,9600,28/01/2026
TR,1,240,ROLDANILLO,07:20 a. m.,8000,8600,28/01/2026
ML,1,175,ROLDANILLO,07:21 a. m.,9000,9600,28/01/2026
HL,1,195,OBANDO,07:21 a. m.,8000,8800,28/01/2026
HL,1,210,OBANDO,07:23 a. m.,7600,8100,28/01/2026
VH,1,285,OBANDO,07:28 a. m.,7000,9800,28/01/2026
VH,1,480,OBANDO,07:29 a. m.,6200,6400,28/01/2026
VH,1,430,OBANDO,07:30 a. m.,4000,4400,28/01/2026
VP,1,475,OBANDO,07:30 a. m.,4000,5600,28/01/2026
HL,7,140,MONTERIA,07:36 a. m.,9000,9250,28/01/2026
HL,8,161,MONTERIA,07:36 a. m.,9000,9300,28/01/2026
HL,8,183,MONTERIA,07:38 a. m.,9000,9600,28/01/2026
HL,1,200,BOLIVAR,07:45 a. m.,7600,8000,28/01/2026
HL,1,180,BOLIVAR,07:42 a. m.,7000,8000,28/01/2026
HL,1,180,BOLIVAR,07:45 a. m.,7000,8000,28/01/2026
ML,4,141,ROLDANILLO,07:48 a. m.,8500,8900,28/01/2026
HL,1,125,ROLDANILLO,07:55 a. m.,8400,10200,28/01/2026
HL,1,125,ROLDANILLO,07:54 a. m.,7600,9400,28/01/2026
HL,1,100,ROLDANILLO,07:56 a. m.,8000,8300,28/01/2026
HV,1,260,ROLDANILLO,07:50 a. m.,7600,8000,28/01/2026
HV,1,385,ROLDANILLO,07:51 a. m.,7600,8000,28/01/2026
VH,1,450,ROLDANILLO,07:52 a. m.,7000,7600,28/01/2026
TR,1,250,ROLDANILLO,07:53 a. m.,4000,5500,28/01/2026
VP,1,345,ROLDANILLO,07:53 a. m.,5400,6200,28/01/2026
HV,7,301,CAQUETA,07:59 a. m.,8700,9450,28/01/2026
HV,4,278,CAQUETA,08:03 a. m.,8700,9500,28/01/2026
HV,1,315,CAQUETA,08:01 a. m.,7000,7600,28/01/2026
HL,5,249,CAQUETA,08:04 a. m.,8700,9450,28/01/2026
HV,4,305,CAQUETA,08:08 a. m.,9000,9600,28/01/2026
TR,1,460,ZARZAL,08:09 a. m.,8400,9150,28/01/2026
HV,2,350,ZARZAL,08:17 a. m.,7800,8000,28/01/2026
TR,2,298,ZARZAL,08:18 a. m.,8500,9100,28/01/2026
HL,1,230,ZARZAL,08:22 a. m.,5000,7600,28/01/2026
HV,2,332,ZARZAL,08:20 a. m.,7200,8200,28/01/2026
TR,1,315,ZARZAL,08:22 a. m.,8400,9300,28/01/2026
VH,1,295,ZARZAL,08:23 a. m.,7400,7750,28/01/2026
HV,1,315,ZARZAL,08:24 a. m.,8000,8200,28/01/2026
HV,1,335,ZARZAL,08:24 a. m.,8000,8650,28/01/2026
HV,1,335,ZARZAL,08:25 a. m.,7000,8000,28/01/2026
HV,2,318,ZARZAL,08:25 a. m.,8000,8600,28/01/2026
HL,1,195,ZARZAL,08:26 a. m.,7600,8400,28/01/2026
HV,1,300,ZARZAL,08:26 a. m.,8000,8400,28/01/2026
VP,1,295,ZARZAL,08:27 a. m.,8000,8900,28/01/2026
HV,2,288,ZARZAL,08:28 a. m.,7000,8300,28/01/2026
TR,1,260,EL DOVIO,08:28 a. m.,8000,8600,28/01/2026
ML,2,178,EL DOVIO,08:30 a. m.,9000,9200,28/01/2026
ML,1,190,EL DOVIO,08:31 a. m.,8400,9100,28/01/2026
ML,4,209,EL DOVIO,08:31 a. m.,8800,9400,28/01/2026
ML,1,110,EL DOVIO,08:34 a. m.,9000,9000,28/01/2026
ML,1,200,EL DOVIO,08:32 a. m.,8000,8600,28/01/2026
ML,1,130,EL DOVIO,08:35 a. m.,9000,10600,28/01/2026
ML,2,162,EL DOVIO,08:36 a. m.,9400,10000,28/01/2026
VH,1,470,RIOFRIO,08:36 a. m.,2000,3200,28/01/2026
VH,1,405,RIOFRIO,08:43 a. m.,4000,4400,28/01/2026
VH,2,490,RIOFRIO,08:45 a. m.,5000,6100,28/01/2026
VH,1,425,RIOFRIO,08:46 a. m.,5400,7000,28/01/2026
VH,1,330,RIOFRIO,08:47 a. m.,7400,8300,28/01/2026
VH,1,440,RIOFRIO,08:47 a. m.,4000,5400,28/01/2026
VH,1,465,RIOFRIO,08:48 a. m.,5000,6200,28/01/2026
VH,1,465,RIOFRIO,08:49 a. m.,4000,4800,28/01/2026
VH,1,385,RIOFRIO,08:50 a. m.,7600,8200,28/01/2026
HL,4,154,RIOFRIO,08:50 a. m.,9000,9800,28/01/2026
ML,1,110,RIOFRIO,08:52 a. m.,7000,7600,28/01/2026
TR,5,278,CALI,08:56 a. m.,10000,10600,28/01/2026
ML,1,130,RIOFRIO,08:55 a. m.,9600,11200,28/01/2026
ML,1,95,RIOFRIO,08:55 a. m.,8400,8400,28/01/2026
ML,5,241,CALI,08:58 a. m.,10500,10600,28/01/2026
HV,1,310,CAUCASIA,09:04 a. m.,8400,8500,28/01/2026
HL,1,245,CAUCASIA,09:08 a. m.,8000,8500,28/01/2026
ML,4,231,CALI,09:01 a. m.,10000,10000,28/01/2026
HV,8,257,CAUCASIA,09:08 a. m.,9000,9250,28/01/2026
HL,5,100,CAUCASIA,09:11 a. m.,10000,10600,28/01/2026
HL,5,107,CAUCASIA,09:12 a. m.,10000,10400,28/01/2026
ML,1,105,CAUCASIA,09:13 a. m.,10000,10700,28/01/2026
VH,1,325,BUGALAGRANDE,09:14 a. m.,6000,7400,28/01/2026
VH,1,415,BUGALAGRANDE,09:15 a. m.,8000,9400,28/01/2026
VH,1,365,BUGALAGRANDE,09:16 a. m.,8400,9000,28/01/2026
VP,1,335,BUGALAGRANDE,09:16 a. m.,7000,8800,28/01/2026
VH,3,337,BUGALAGRANDE,09:18 a. m.,7000,7550,28/01/2026
HL,2,188,ZARZAL,09:22 a. m.,8000,8600,28/01/2026
HL,2,200,ZARZAL,09:18 a. m.,8000,8400,28/01/2026
HV,1,265,ZARZAL,09:23 a. m.,7000,7450,28/01/2026
HL,1,240,ZARZAL,09:23 a. m.,6000,6400,28/01/2026
TR,1,280,ZARZAL,09:25 a. m.,9400,9400,28/01/2026
ML,1,235,ZARZAL,09:25 a. m.,7400,8200,28/01/2026
ML,1,95,SEVILLA,09:25 a. m.,8000,9300,28/01/2026
HL,1,110,SEVILLA,09:29 a. m.,9000,11000,28/01/2026
HL,1,140,SEVILLA,09:28 a. m.,8000,9400,28/01/2026
HV,2,302,SEVILLA,09:31 a. m.,8000,8700,28/01/2026
HV,1,325,SEVILLA,09:32 a. m.,8400,8800,28/01/2026
HV,5,278,SEVILLA,09:29 a. m.,8000,9100,28/01/2026
HL,7,239,SEVILLA,09:33 a. m.,8700,9000,28/01/2026
HV,10,291,SEVILLA,09:34 a. m.,8500,9300,28/01/2026
HV,6,282,SEVILLA,09:36 a. m.,8500,8700,28/01/2026
HV,9,275,SEVILLA,09:37 a. m.,9000,9200,28/01/2026
HL,2,220,SEVILLA,09:40 a. m.,8400,8400,28/01/2026
HL,1,215,SEVILLA,09:42 a. m.,9000,10000,28/01/2026
ML,8,176,SEVILLA,09:42 a. m.,9000,9000,28/01/2026
ML,6,202,SEVILLA,09:46 a. m.,9000,9500,28/01/2026
HV,4,290,LA VICTORIA,09:50 a. m.,8000,8600,28/01/2026
TR,1,370,LA VICTORIA,09:57 a. m.,8600,8800,28/01/2026
TR,1,355,LA VICTORIA,09:53 a. m.,8000,8900,28/01/2026
ML,1,205,LA VICTORIA,09:54 a. m.,7800,8600,28/01/2026
ML,1,110,LA VICTORIA,09:58 a. m.,8400,10700,28/01/2026
TR,1,265,LA VICTORIA,09:58 a. m.,8000,9000,28/01/2026
HL,1,115,LA VICTORIA,09:59 a. m.,9000,10600,28/01/2026
HL,4,100,LA VICTORIA,09:59 a. m.,8500,8700,28/01/2026
TR,1,255,SEVILLA,10:00 a. m.,7800,8850,28/01/2026
ML,1,195,SEVILLA,10:02 a. m.,8400,8600,28/01/2026
TR,3,265,SEVILLA,10:03 a. m.,8000,9200,28/01/2026
TR,1,340,VIJES,10:06 a. m.,4900,5900,28/01/2026
VH,1,410,VIJES,10:09 a. m.,8000,8500,28/01/2026
VH,1,405,VIJES,10:08 a. m.,7600,9400,28/01/2026
HL,1,110,VIJES,10:10 a. m.,8000,8200,28/01/2026
VH,1,435,VIJES,10:07 a. m.,7400,8400,28/01/2026
HV,1,385,EL DOVIO,10:05 a. m.,8750,8750,28/01/2026
HL,2,118,SEVILLA,10:04 a. m.,9000,10000,28/01/2026
VH,1,325,VIJES,10:11 a. m.,7000,8100,28/01/2026
ML,1,100,VIJES,10:10 a. m.,11000,13600,28/01/2026
ML,1,175,VIJES,10:13 a. m.,5000,7000,28/01/2026
VH,1,485,LA VICTORIA,10:17 a. m.,4400,5400,28/01/2026
ML,1,230,CARTAGO,10:18 a. m.,6600,7200,28/01/2026
HV,1,270,CARTAGO,10:20 a. m.,7600,7700,28/01/2026
HL,1,175,CARTAGO,10:21 a. m.,7000,9100,28/01/2026
VP,1,385,CARTAGO,10:23 a. m.,2000,4000,28/01/2026
TR,1,345,EL DOVIO,10:26 a. m.,8800,8850,28/01/2026
ML,1,175,EL DOVIO,10:27 a. m.,8000,8800,28/01/2026
ML,1,225,EL DOVIO,10:30 a. m.,7000,7400,28/01/2026
HV,1,250,EL DOVIO,10:23 a. m.,8000,8400,28/01/2026
TR,3,318,EL DOVIO,10:32 a. m.,8000,8250,28/01/2026
VP,1,395,EL DOVIO,10:31 a. m.,8000,8700,28/01/2026
ML,3,235,EL DOVIO,10:34 a. m.,8500,9300,28/01/2026
MC,1,430,BUGALAGRANDE,10:35 a. m.,8000,8750,28/01/2026
MC,5,377,BUGALAGRANDE,10:38 a. m.,8500,8800,28/01/2026
TR,1,370,BUGALAGRANDE,10:38 a. m.,8600,8850,28/01/2026
TR,5,397,BUGALAGRANDE,10:39 a. m.,8500,8900,28/01/2026
HV,2,322,TULUA,10:41 a. m.,8000,8950,28/01/2026
VH,1,340,TULUA,10:43 a. m.,7600,8700,28/01/2026
VH,1,445,TULUA,10:44 a. m.,6600,6600,28/01/2026
VH,1,370,TULUA,10:46 a. m.,7400,7600,28/01/2026
VH,1,540,TULUA,10:46 a. m.,7000,7800,28/01/2026
TR,1,265,TULUA,10:47 a. m.,8000,8700,28/01/2026
VH,1,375,TULUA,10:52 a. m.,6800,7200,28/01/2026
MC,1,250,TULUA,11:01 a. m.,7400,8200,28/01/2026
VH,1,360,TULUA,10:52 a. m.,5600,7300,28/01/2026
HV,1,265,ZARZAL,11:10 a. m.,7600,8250,28/01/2026
HL,1,235,TULUA,11:07 a. m.,8500,8800,28/01/2026
ML,1,75,TULUA,11:09 a. m.,8000,9000,28/01/2026
ML,1,145,TULUA,11:11 a. m.,8000,9800,28/01/2026
ML,2,248,TULUA,11:07 a. m.,7400,8400,28/01/2026
ML,1,225,TULUA,10:56 a. m.,8400,8800,28/01/2026
TR,1,275,TULUA,11:01 a. m.,8000,8600,28/01/2026
TR,1,300,TULUA,11:02 a. m.,5000,5600,28/01/2026
HV,3,270,SEVILLA,11:12 a. m.,6800,11000,28/01/2026
HV,3,273,SEVILLA,11:13 a. m.,7000,8000,28/01/2026
ML,1,180,SAN PEDRO,11:45 a. m.,8800,9900,28/01/2026
VH,1,350,SAN PEDRO,11:46 a. m.,6000,6500,28/01/2026
HV,1,260,SAN PEDRO,11:21 a. m.,8000,8800,28/01/2026
VH,1,370,SAN PEDRO,11:21 a. m.,7900,8600,28/01/2026
HV,1,310,SAN PEDRO,11:22 a. m.,8000,8600,28/01/2026
HV,1,310,LA UNION,11:23 a. m.,8500,8650,28/01/2026
ML,1,225,SAN PEDRO,11:30 a. m.,8000,8700,28/01/2026
HV,1,295,LA UNION,11:30 a. m.,5800,7350,28/01/2026
HL,1,185,SEVILLA,11:15 a. m.,8400,9400,28/01/2026
ML,3,142,SEVILLA,11:17 a. m.,7400,8350,28/01/2026
ML,2,142,LA UNION,11:18 a. m.,9000,10000,28/01/2026
ML,3,220,EL DOVIO,11:19 a. m.,8000,8300,28/01/2026
ML,2,188,EL DOVIO,11:33 a. m.,8000,9500,28/01/2026
HV,11,250,SAN VICENTE,11:36 a. m.,6800,6950,28/01/2026
HV,1,250,SAN VICENTE,11:45 a. m.,8300,8300,28/01/2026
VH,1,360,OBANDO,11:53 a. m.,6200,7200,28/01/2026
HL,1,165,OBANDO,11:55 a. m.,9000,10000,28/01/2026
HL,1,155,OBANDO,11:55 a. m.,8800,8800,28/01/2026
VP,1,525,OBANDO,11:48 a. m.,8000,12200,28/01/2026
HL,1,95,OBANDO,11:58 a. m.,10000,11600,28/01/2026
HL,1,155,OBANDO,11:59 a. m.,11000,11400,28/01/2026
HL,1,80,OBANDO,12:00 p. m.,10000,17000,28/01/2026
HL,1,90,OBANDO,11:57 a. m.,10000,11400,28/01/2026
ML,1,145,OBANDO,11:50 a. m.,9400,9800,28/01/2026
HL,1,135,OBANDO,11:59 a. m.,10000,11000,28/01/2026
VH,1,335,SAN VICENTE,12:00 p. m.,5800,5800,28/01/2026
VH,2,312,SAN VICENTE,12:03 p. m.,7000,7000,28/01/2026
VH,2,275,SAN VICENTE,12:06 p. m.,7000,8100,28/01/2026
HL,5,106,SAN VICENTE,12:06 p. m.,10000,10300,28/01/2026
ML,1,150,LA VICTORIA,12:13 p. m.,8000,8600,28/01/2026
VH,1,400,LA VICTORIA,12:15 p. m.,6000,8600,28/01/2026
VH,1,265,LA VICTORIA,12:15 p. m.,7400,10000,28/01/2026
HL,1,150,LA VICTORIA,12:16 p. m.,8400,10000,28/01/2026
VH,1,240,LA VICTORIA,12:17 p. m.,6000,10000,28/01/2026
TR,1,335,LA VICTORIA,12:18 p. m.,7400,7600,28/01/2026
HV,1,305,LA VICTORIA,12:18 p. m.,9000,11600,28/01/2026
ML,1,175,SAN VICENTE,12:20 p. m.,10000,10000,28/01/2026
ML,1,120,SAN VICENTE,12:19 p. m.,10000,11600,28/01/2026
HL,1,180,SAN VICENTE,12:21 p. m.,8600,8600,28/01/2026
ML,5,115,SAN PEDRO,12:21 p. m.,10000,10850,28/01/2026
ML,1,130,SAN PEDRO,12:23 p. m.,10000,11100,28/01/2026
ML,4,95,SAN PEDRO,12:25 p. m.,8000,9800,28/01/2026
ML,2,125,SAN PEDRO,12:26 p. m.,9000,10100,28/01/2026
HL,11,155,PEREIRA,12:29 p. m.,8700,10100,28/01/2026
HL,6,172,PEREIRA,12:31 p. m.,8700,9450,28/01/2026
HL,1,165,PEREIRA,12:32 p. m.,6000,6600,28/01/2026
HL,3,195,PEREIRA,12:33 p. m.,6700,7350,28/01/2026
HL,2,185,PEREIRA,12:35 p. m.,7600,8400,28/01/2026
HL,3,130,PEREIRA,12:37 p. m.,9000,9600,28/01/2026
BF,1,495,OBANDO,12:38 p. m.,7400,7400,28/01/2026
BH,1,455,OBANDO,12:41 p. m.,6000,6400,28/01/2026
BF,1,145,OBANDO,12:42 p. m.,7400,9500,28/01/2026
HL,4,189,BUGALAGRANDE,12:47 p. m.,8500,8800,28/01/2026
HL,9,189,BUGALAGRANDE,12:43 p. m.,8700,10000,28/01/2026
HL,10,166,BUGALAGRANDE,12:51 p. m.,9000,9500,28/01/2026
HL,5,209,BUGALAGRANDE,12:53 p. m.,8500,8700,28/01/2026
HL,1,205,BUGALAGRANDE,12:53 p. m.,6000,6400,28/01/2026
ML,1,115,BUGALAGRANDE,12:54 p. m.,10000,10400,28/01/2026
VH,2,452,CARTAGO,12:57 p. m.,8400,8600,28/01/2026
VH,2,495,CARTAGO,12:58 p. m.,7800,8000,28/01/2026
VH,2,405,CARTAGO,01:00 p. m.,5000,5600,28/01/2026
VH,1,465,CARTAGO,01:02 p. m.,7000,7200,28/01/2026
VH,2,400,CARTAGO,01:03 p. m.,6500,7250,28/01/2026
VH,1,410,CARTAGO,01:04 p. m.,5000,5400,28/01/2026
HV,1,340,CARTAGO,01:05 p. m.,6600,7800,28/01/2026
TO,1,500,CARTAGO,01:06 p. m.,5000,5600,28/01/2026
VH,2,412,CARTAGO,01:08 p. m.,6200,6200,28/01/2026
HV,1,265,CARTAGO,01:09 p. m.,6400,7000,28/01/2026
VH,2,300,CARTAGO,01:10 p. m.,5400,7000,28/01/2026
VH,3,360,CARTAGO,01:11 p. m.,6000,7650,28/01/2026
HV,1,385,RIOFRIO,01:16 p. m.,9000,9000,28/01/2026
HV,1,400,RIOFRIO,01:18 p. m.,8700,9450,28/01/2026
VP,1,450,RIOFRIO,01:18 p. m.,8000,8400,28/01/2026
VH,1,275,RIOFRIO,01:19 p. m.,7000,8100,28/01/2026
VH,1,500,RIOFRIO,01:21 p. m.,8000,9200,28/01/2026
HL,1,145,RIOFRIO,01:20 p. m.,10000,10800,28/01/2026
VH,1,435,RIOFRIO,01:22 p. m.,8000,8600,28/01/2026
HL,1,100,RIOFRIO,01:22 p. m.,11000,11400,28/01/2026
VH,1,400,ANDALUCIA,01:23 p. m.,6000,7600,28/01/2026
TO,1,535,RIOFRIO,01:11 p. m.,9400,9500,28/01/2026
TR,1,440,RIOFRIO,01:15 p. m.,9000,9100,28/01/2026
TR,1,375,RIOFRIO,01:16 p. m.,8800,8800,28/01/2026
VH,1,355,ANDALUCIA,01:26 p. m.,6400,7800,28/01/2026
VH,1,300,ANDALUCIA,01:28 p. m.,7600,8100,28/01/2026
ML,1,105,ANDALUCIA,01:28 p. m.,9000,10700,28/01/2026
ML,7,124,ANDALUCIA,01:31 p. m.,9500,10750,28/01/2026
ML,5,132,ANDALUCIA,01:34 p. m.,10000,11050,28/01/2026
ML,7,130,ANDALUCIA,01:35 p. m.,10000,10900,28/01/2026
VH,1,495,EL DOVIO,01:37 p. m.,6600,7600,28/01/2026
HV,1,295,EL DOVIO,01:39 p. m.,6400,7200,28/01/2026
HV,1,295,EL DOVIO,01:41 p. m.,8000,8200,28/01/2026
VH,1,390,EL DOVIO,01:41 p. m.,4000,4400,28/01/2026
VI,1,340,EL DOVIO,01:43 p. m.,2000,3500,28/01/2026
VH,1,365,PIJAO,01:48 p. m.,7400,8100,28/01/2026
VH,1,410,PIJAO,01:47 p. m.,5200,5800,28/01/2026
HV,1,280,PIJAO,01:48 p. m.,2000,4000,28/01/2026
VH,1,310,PIJAO,01:50 p. m.,3000,4000,28/01/2026
VH,1,380,PIJAO,01:50 p. m.,3000,4000,28/01/2026
VH,2,332,SEVILLA,01:51 p. m.,6500,7100,28/01/2026
VH,1,355,PIJAO,01:43 p. m.,6400,7900,28/01/2026
VH,1,310,PIJAO,01:46 p. m.,5400,5400,28/01/2026
HV,3,348,SEVILLA,01:52 p. m.,7800,8900,28/01/2026
VH,2,372,SEVILLA,01:54 p. m.,8500,8950,28/01/2026
HV,2,310,SEVILLA,01:54 p. m.,8000,8750,28/01/2026
VH,1,310,SEVILLA,01:55 p. m.,4200,4800,28/01/2026
VH,1,430,SEVILLA,01:56 p. m.,4000,4000,28/01/2026
HV,1,290,SEVILLA,01:58 p. m.,6000,6600,28/01/2026
HV,1,330,SEVILLA,01:57 p. m.,8700,9100,28/01/2026
HL,1,110,SEVILLA,01:57 p. m.,8000,8000,28/01/2026
HL,1,85,LA UNION,02:06 p. m.,8000,10400,28/01/2026
ML,1,130,LA UNION,02:05 p. m.,4000,4500,28/01/2026
ML,5,158,MONTERIA,02:09 p. m.,8500,9750,28/01/2026
VH,1,375,LA UNION,02:04 p. m.,4400,4400,28/01/2026
ML,2,90,LA UNION,02:08 p. m.,8000,9200,28/01/2026
VP,1,410,JAMUNDI,02:12 p. m.,7400,7600,28/01/2026
ML,1,220,SEVILLA,02:14 p. m.,9500,9550,28/01/2026
ML,7,145,MONTERIA,02:17 p. m.,10000,11000,28/01/2026
ML,8,127,MONTERIA,02:18 p. m.,10000,11600,28/01/2026
ML,7,104,PEREIRA,02:21 p. m.,9000,10050,28/01/2026
ML,6,78,PEREIRA,02:24 p. m.,7000,9700,28/01/2026
HV,10,380,ZARZAL,03:11 p. m.,8800,8800,28/01/2026
VH,1,225,TULUA,06:02 a. m.,4400,7000,04/02/2026
VH,1,360,TULUA,06:03 a. m.,7000,7800,04/02/2026
VH,1,285,TULUA,06:07 a. m.,7400,7400,04/02/2026
VH,1,370,TULUA,06:08 a. m.,8000,8750,04/02/2026
TR,1,430,TULUA,06:11 a. m.,9000,9000,04/02/2026
HL,1,215,TULUA,06:11 a. m.,5400,6000,04/02/2026
HV,1,270,TULUA,06:13 a. m.,6000,6200,04/02/2026
HV,1,270,LA UNION,06:42 a. m.,8000,8000,04/02/2026
ML,1,130,LA UNION,06:43 a. m.,12000,13000,04/02/2026
HL,1,220,LA UNION,06:44 a. m.,7000,7400,04/02/2026
TR,4,275,CALI,06:56 a. m.,10000,10650,04/02/2026
TR,3,253,CALI,06:58 a. m.,10000,10500,04/02/2026
TR,2,278,CALI,07:01 a. m.,9800,10350,04/02/2026
TR,2,270,CALI,07:02 a. m.,9400,9850,04/02/2026
ML,1,215,CALI,07:03 a. m.,8000,8400,04/02/2026
ML,1,230,CALI,07:05 a. m.,9000,9000,04/02/2026
ML,1,225,CALI,07:08 a. m.,8400,8800,04/02/2026
ML,1,210,CALI,07:06 a. m.,8400,8600,04/02/2026
ML,1,190,ROLDANILLO,07:09 a. m.,6000,6600,04/02/2026
VH,1,265,TRUJILLO,07:15 a. m.,6600,7200,04/02/2026
HV,1,360,TRUJILLO,07:13 a. m.,7800,8700,04/02/2026
HV,1,295,TRUJILLO,07:16 a. m.,8000,8900,04/02/2026
HL,1,245,TRUJILLO,07:19 a. m.,8000,8800,04/02/2026
HL,1,240,TRUJILLO,07:19 a. m.,7000,7600,04/02/2026
ML,1,130,ZARZAL,07:20 a. m.,9800,10400,04/02/2026
VI,1,380,ZARZAL,07:21 a. m.,4200,4500,04/02/2026
HL,1,115,ZARZAL,07:21 a. m.,8400,9200,04/02/2026
HL,1,125,ZARZAL,07:27 a. m.,9000,12200,04/02/2026
HL,1,165,ZARZAL,07:25 a. m.,8400,8800,04/02/2026
HL,1,110,ZARZAL,07:28 a. m.,8600,9000,04/02/2026
HL,2,90,ZARZAL,07:30 a. m.,12000,13300,04/02/2026
ML,2,145,ZARZAL,07:34 a. m.,11000,11000,04/02/2026
ML,1,95,ZARZAL,07:35 a. m.,10000,13300,04/02/2026
ML,2,135,ZARZAL,07:36 a. m.,10000,11500,04/02/2026
ML,2,202,ZARZAL,07:37 a. m.,10000,10100,04/02/2026
HL,1,100,MONTERIA,07:38 a. m.,9000,11000,04/02/2026
HL,4,116,MONTERIA,07:41 a. m.,9500,9900,04/02/2026
HL,3,117,MONTERIA,07:42 a. m.,9000,10000,04/02/2026
ML,4,135,MONTERIA,07:43 a. m.,10000,10750,04/02/2026
HL,1,135,MONTERIA,07:50 a. m.,9000,10000,04/02/2026
ML,6,150,MONTERIA,07:51 a. m.,10000,10700,04/02/2026
ML,7,153,MONTERIA,07:53 a. m.,10000,10450,04/02/2026
ML,6,144,MONTERIA,07:54 a. m.,8700,10400,04/02/2026
ML,4,152,MONTERIA,07:58 a. m.,6500,9000,04/02/2026
ML,6,152,MONTERIA,08:00 a. m.,8500,10150,04/02/2026
TR,1,315,ARGELIA,08:01 a. m.,6000,7500,04/02/2026
VH,1,325,ARGELIA,08:03 a. m.,4000,4900,04/02/2026
VH,1,315,ARGELIA,08:04 a. m.,6600,7400,04/02/2026
VH,1,295,ARGELIA,08:05 a. m.,6000,7500,04/02/2026
VI,1,335,ARGELIA,08:07 a. m.,3000,4000,04/02/2026
ML,1,105,ARGELIA,08:07 a. m.,10000,10400,04/02/2026
VH,1,340,ARGELIA,08:09 a. m.,3400,3800,04/02/2026
TO,1,480,LA VICTORIA,08:16 a. m.,6600,7000,04/02/2026
HL,1,165,LA VICTORIA,08:18 a. m.,4600,6000,04/02/2026
ML,1,205,LA UNION,08:20 a. m.,5000,5600,04/02/2026
HV,1,335,GUACARI,08:24 a. m.,89,8900,04/02/2026
HV,1,325,GUACARI,08:25 a. m.,7600,7900,04/02/2026
HV,2,252,GUACARI,08:26 a. m.,8600,8900,04/02/2026
HV,2,325,GUACARI,08:27 a. m.,8100,8700,04/02/2026
HL,1,190,GUACARI,08:28 a. m.,7400,7700,04/02/2026
HV,1,330,GUACARI,08:30 a. m.,8000,8900,04/02/2026
HV,1,270,GUACARI,08:31 a. m.,8000,8500,04/02/2026
HV,1,255,GUACARI,08:31 a. m.,7700,8200,04/02/2026
VH,1,410,OBANDO,08:31 a. m.,5400,6600,04/02/2026
MC,1,285,OBANDO,08:32 a. m.,8000,8500,04/02/2026
MC,1,290,OBANDO,08:36 a. m.,7400,9100,04/02/2026
VP,1,395,SEVILLA,08:36 a. m.,6000,6800,04/02/2026
TO,1,615,SEVILLA,08:38 a. m.,8700,8850,04/02/2026
HL,1,185,SEVILLA,08:39 a. m.,8800,8800,04/02/2026
HV,1,365,SEVILLA,08:39 a. m.,8800,9000,04/02/2026
VH,1,435,SEVILLA,08:41 a. m.,6000,8400,04/02/2026
HL,1,205,SEVILLA,08:41 a. m.,7400,7800,04/02/2026
HV,1,250,SEVILLA,08:42 a. m.,8000,8200,04/02/2026
VH,1,425,SEVILLA,08:42 a. m.,7600,9000,04/02/2026
ML,1,160,SEVILLA,08:43 a. m.,7600,8800,04/02/2026
VP,1,505,SEVILLA,08:43 a. m.,6800,7100,04/02/2026
ML,2,245,LA VICTORIA,08:44 a. m.,8600,8800,04/02/2026
TR,1,260,LA VICTORIA,08:46 a. m.,8400,9000,04/02/2026
ML,2,172,LA VICTORIA,08:46 a. m.,8400,9000,04/02/2026
VH,1,530,ROLDANILLO,08:48 a. m.,8000,8800,04/02/2026
VH,1,435,ROLDANILLO,08:51 a. m.,8200,9000,04/02/2026
VH,1,475,ROLDANILLO,08:51 a. m.,8200,8400,04/02/2026
VH,2,365,ROLDANILLO,08:53 a. m.,7000,7000,04/02/2026
VH,4,340,ROLDANILLO,08:54 a. m.,7200,7700,04/02/2026
TR,2,368,ROLDANILLO,08:57 a. m.,9000,9200,04/02/2026
HL,1,150,ROLDANILLO,09:02 a. m.,9000,9300,04/02/2026
HL,1,95,ROLDANILLO,08:59 a. m.,10000,13600,04/02/2026
ML,1,95,ROLDANILLO,09:00 a. m.,10000,10700,04/02/2026
HL,1,220,ROLDANILLO,09:03 a. m.,7000,7000,04/02/2026
VH,1,275,ROLDANILLO,09:02 a. m.,5400,6100,04/02/2026
ML,2,140,ROLDANILLO,09:05 a. m.,9000,10000,04/02/2026
HL,3,122,LA UNION,09:06 a. m.,8500,9400,04/02/2026
ML,5,199,LA UNION,09:10 a. m.,8000,8500,04/02/2026
ML,4,122,LA UNION,09:11 a. m.,8500,9700,04/02/2026
HV,1,395,TORO,09:13 a. m.,8600,9400,04/02/2026
MC,1,360,TORO,09:17 a. m.,7400,8300,04/02/2026
VH,1,285,TORO,09:15 a. m.,7800,8400,04/02/2026
VH,3,267,TEBAIDA,09:34 a. m.,8500,8900,04/02/2026
TR,7,284,TEBAIDA,09:25 a. m.,9500,10550,04/02/2026
HV,1,305,TORO,09:18 a. m.,8400,9000,04/02/2026
HV,1,290,TORO,09:17 a. m.,7000,8650,04/02/2026
HV,1,305,TORO,09:18 a. m.,7400,8700,04/02/2026
TR,1,345,BUGALAGRANDE,09:19 a. m.,8000,9100,04/02/2026
ML,1,165,BUGALAGRANDE,09:21 a. m.,7000,8400,04/02/2026
VH,1,470,BUGALAGRANDE,09:22 a. m.,3000,3400,04/02/2026
ML,1,125,BUGALAGRANDE,09:22 a. m.,8000,9100,04/02/2026
HV,1,290,EL DOVIO,09:25 a. m.,8000,8950,04/02/2026
MC,1,255,EL DOVIO,09:23 a. m.,10000,10600,04/02/2026
HV,6,316,TEBAIDA,09:38 a. m.,8700,9350,04/02/2026
ML,2,140,LA UNION,09:40 a. m.,9500,9900,04/02/2026
ML,2,225,LA UNION,09:42 a. m.,8500,9050,04/02/2026
ML,6,105,LA UNION,09:42 a. m.,9500,10300,04/02/2026
HL,4,89,LA UNION,09:45 a. m.,7600,11600,04/02/2026
HL,3,190,LA UNION,09:50 a. m.,8500,8600,04/02/2026
MC,1,260,LA UNION,09:53 a. m.,6000,7400,04/02/2026
HL,1,135,LA UNION,09:51 a. m.,9000,10000,04/02/2026
HL,6,104,JAMUNDI,09:53 a. m.,9700,10850,04/02/2026
HL,5,188,JAMUNDI,09:56 a. m.,8500,9000,04/02/2026
HL,6,231,JAMUNDI,09:57 a. m.,8800,9450,04/02/2026
HL,4,221,JAMUNDI,09:59 a. m.,8000,9000,04/02/2026
HL,5,180,JAMUNDI,10:00 a. m.,8500,9100,04/02/2026
HL,6,180,JAMUNDI,10:11 a. m.,8800,9400,04/02/2026
HL,5,130,JAMUNDI,10:13 a. m.,8700,9550,04/02/2026
HL,5,163,JAMUNDI,10:14 a. m.,8500,9000,04/02/2026
HL,2,148,JAMUNDI,10:16 a. m.,8400,9000,04/02/2026
HL,1,140,JAMUNDI,10:16 a. m.,9000,11400,04/02/2026
HL,1,135,JAMUNDI,10:19 a. m.,9400,10400,04/02/2026
HL,1,160,JAMUNDI,10:18 a. m.,7800,8400,04/02/2026
HL,2,195,JAMUNDI,10:20 a. m.,7000,7500,04/02/2026
HL,5,111,JAMUNDI,10:20 a. m.,9500,9800,04/02/2026
HV,2,265,ZARZAL,10:25 a. m.,8400,8700,04/02/2026
VH,1,440,ZARZAL,10:27 a. m.,8000,8950,04/02/2026
VH,1,470,ZARZAL,10:28 a. m.,7400,7600,04/02/2026
HV,1,400,YOTOCO,10:32 a. m.,8800,8800,04/02/2026
HV,1,260,ZARZAL,10:33 a. m.,8000,8800,04/02/2026
VH,5,259,SAN VICENTE,10:34 a. m.,6900,7350,04/02/2026
VH,1,310,SAN VICENTE,10:39 a. m.,5600,7050,04/02/2026
VH,1,405,SAN VICENTE,10:37 a. m.,4000,4800,04/02/2026
VH,1,410,SAN VICENTE,10:38 a. m.,5400,6100,04/02/2026
HV,3,280,SAN VICENTE,10:39 a. m.,7000,7600,04/02/2026
ML,1,210,LA VICTORIA,10:42 a. m.,7800,8000,04/02/2026
HL,2,218,SAN VICENTE,10:43 a. m.,7500,8150,04/02/2026
HL,3,147,SAN VICENTE,10:45 a. m.,8500,8850,04/02/2026
VP,1,445,SAN VICENTE,10:46 a. m.,7000,8100,04/02/2026
VH,1,350,YOTOCO,10:48 a. m.,6200,6800,04/02/2026
ML,1,230,YOTOCO,10:48 a. m.,5600,6700,04/02/2026
TR,1,260,YOTOCO,10:50 a. m.,8000,8900,04/02/2026
VH,1,350,YOTOCO,10:49 a. m.,7400,8500,04/02/2026
VH,1,320,YOTOCO,10:51 a. m.,7000,8800,04/02/2026
VH,1,470,YOTOCO,10:53 a. m.,6600,6600,04/02/2026
VH,1,490,YOTOCO,10:53 a. m.,6600,7400,04/02/2026
HV,1,320,YOTOCO,10:54 a. m.,7000,7600,04/02/2026
HL,2,198,SAN VICENTE,10:57 a. m.,7000,7000,04/02/2026
VH,7,315,BUGALAGRANDE,11:00 a. m.,7400,7450,04/02/2026
HL,7,242,BUGALAGRANDE,11:02 a. m.,7800,8050,04/02/2026
HL,5,234,BUGALAGRANDE,11:05 a. m.,6000,6650,04/02/2026
HV,1,280,BUGALAGRANDE,11:08 a. m.,6000,6850,04/02/2026
HV,3,260,BUGALAGRANDE,11:08 a. m.,6200,6850,04/02/2026
HL,8,216,BOLIVAR,11:10 a. m.,8700,9100,04/02/2026
VH,6,270,PALMIRA,11:15 a. m.,7500,8500,04/02/2026
VH,5,259,PALMIRA,11:17 a. m.,8000,8800,04/02/2026
VH,1,205,PALMIRA,11:23 a. m.,5000,6000,04/02/2026
VH,4,296,PALMIRA,11:25 a. m.,4600,5400,04/02/2026
VH,1,355,PALMIRA,11:26 a. m.,6400,7400,04/02/2026
HV,1,290,PALMIRA,11:26 a. m.,7000,7400,04/02/2026
HV,1,385,TRUJILLO,11:28 a. m.,7200,8600,04/02/2026
VH,1,315,TRUJILLO,11:30 a. m.,8000,8400,04/02/2026
HV,1,265,TRUJILLO,11:30 a. m.,7800,7900,04/02/2026
HL,4,234,TRUJILLO,11:31 a. m.,8000,8400,04/02/2026
HL,1,235,TRUJILLO,11:32 a. m.,6600,6600,04/02/2026
HV,1,260,TRUJILLO,11:33 a. m.,5600,5600,04/02/2026
HL,1,155,TRUJILLO,11:34 a. m.,8000,9500,04/02/2026
HV,1,275,TRUJILLO,11:33 a. m.,6600,6700,04/02/2026
HV,5,314,MONTENEGRO,11:57 a. m.,8000,8950,04/02/2026
HL,2,175,TRUJILLO,11:36 a. m.,8200,8300,04/02/2026
HV,1,270,BOLIVAR,11:59 a. m.,4000,4400,04/02/2026
VH,1,445,LA UNION,11:39 a. m.,6400,8000,04/02/2026
VH,1,375,LA UNION,11:36 a. m.,7400,7600,04/02/2026
VP,1,330,LA UNION,11:42 a. m.,7600,9100,04/02/2026
HV,2,368,SAN PEDRO,11:43 a. m.,8700,9350,04/02/2026
VH,1,410,SAN PEDRO,11:46 a. m.,9400,10100,04/02/2026
HL,11,224,SAN PEDRO,11:47 a. m.,9400,10100,04/02/2026
HV,7,256,MONTENEGRO,11:52 a. m.,6800,6800,04/02/2026
VH,1,440,LA VICTORIA,12:01 p. m.,3000,3000,04/02/2026
HL,1,185,TRUJILLO,12:03 p. m.,6000,6200,04/02/2026
HL,1,180,BOLIVAR,12:04 p. m.,6600,7200,04/02/2026
HL,1,155,BOLIVAR,12:04 p. m.,5600,6000,04/02/2026
HL,4,128,BOLIVAR,12:05 p. m.,7500,7700,04/02/2026
VH,1,400,LA UNION,12:13 p. m.,6000,6000,04/02/2026
VH,1,340,LA UNION,12:15 p. m.,8000,8000,04/02/2026
HV,1,280,SAN PEDRO,12:08 p. m.,5000,6400,04/02/2026
HL,1,150,SAN PEDRO,12:11 p. m.,6000,7200,04/02/2026
HL,1,110,SAN PEDRO,12:12 p. m.,8000,8800,04/02/2026
ML,1,125,SAN PEDRO,12:11 p. m.,4000,5000,04/02/2026
HV,3,348,LA UNION,12:16 p. m.,8700,9100,04/02/2026
HV,1,270,LA UNION,12:18 p. m.,7400,8250,04/02/2026
HV,1,305,LA UNION,12:20 p. m.,6000,7600,04/02/2026
MC,2,258,EL DOVIO,12:22 p. m.,7600,8100,04/02/2026
MC,2,260,EL DOVIO,12:24 p. m.,8000,8700,04/02/2026
MC,3,315,EL DOVIO,12:24 p. m.,7500,7750,04/02/2026
HV,1,315,VERSALLES,12:25 p. m.,8000,8500,04/02/2026
MC,1,355,VERSALLES,12:27 p. m.,8000,8850,04/02/2026
VH,1,375,VERSALLES,12:28 p. m.,4000,5400,04/02/2026
VH,1,345,VERSALLES,12:28 p. m.,4000,5700,04/02/2026
VH,1,380,VERSALLES,12:29 p. m.,4000,6300,04/02/2026
TR,1,340,BUGALAGRANDE,12:30 p. m.,4000,4200,04/02/2026
TR,1,335,BUGALAGRANDE,12:34 p. m.,6000,6000,04/02/2026
VH,1,300,BUGALAGRANDE,12:35 p. m.,4000,5800,04/02/2026
VP,1,405,CAICEDONIA,12:37 p. m.,8000,8800,04/02/2026
VP,1,390,CAICEDONIA,12:39 p. m.,8000,8200,04/02/2026
ML,1,115,CAICEDONIA,12:42 p. m.,4000,4200,04/02/2026
TR,1,320,CAICEDONIA,12:40 p. m.,6000,6800,04/02/2026
HL,1,200,CAICEDONIA,12:45 p. m.,8000,8800,04/02/2026
HL,1,185,CAICEDONIA,12:44 p. m.,8000,8800,04/02/2026
HL,1,185,CAICEDONIA,12:43 p. m.,8000,8400,04/02/2026
VH,6,288,CARTAGO,12:47 p. m.,6500,7400,04/02/2026
HV,10,291,CARTAGO,12:49 p. m.,7500,8500,04/02/2026
ML,2,168,ANSERMANUEVO,12:55 p. m.,7500,7700,04/02/2026
TO,1,580,ANSERMANUEVO,12:57 p. m.,10000,10100,04/02/2026
HV,1,400,ANSERMANUEVO,12:59 p. m.,9000,9400,04/02/2026
MC,1,315,ANSERMANUEVO,12:59 p. m.,9000,9400,04/02/2026
TR,1,540,ANSERMANUEVO,01:00 p. m.,9700,10100,04/02/2026
HV,1,295,ANSERMANUEVO,01:01 p. m.,8000,8600,04/02/2026
TO,1,700,ANSERMANUEVO,01:02 p. m.,9000,9400,04/02/2026
ML,1,240,ANSERMANUEVO,01:02 p. m.,8400,8900,04/02/2026
HV,1,450,ANSERMANUEVO,01:03 p. m.,8200,10100,04/02/2026
HL,9,197,BUGALAGRANDE,01:07 p. m.,7000,7750,04/02/2026
HL,3,165,BUGALAGRANDE,01:11 p. m.,7800,8250,04/02/2026
VH,1,405,BUGALAGRANDE,01:12 p. m.,8500,9300,04/02/2026
HL,4,181,BUGALAGRANDE,01:13 p. m.,8000,8700,04/02/2026
HL,3,212,BUGALAGRANDE,01:16 p. m.,8200,8450,04/02/2026
HV,1,350,PEREIRA,01:29 p. m.,6600,7200,04/02/2026
HL,1,140,PEREIRA,01:45 p. m.,5000,6000,04/02/2026
HV,3,470,CARTAGO,01:49 p. m.,9000,9900,04/02/2026
VH,2,370,CARTAGO,01:51 p. m.,5000,5500,04/02/2026
VH,2,335,CARTAGO,01:51 p. m.,6500,7300,04/02/2026
VH,1,370,CARTAGO,01:52 p. m.,7600,8700,04/02/2026
HV,2,345,CARTAGO,01:53 p. m.,8500,8800,04/02/2026
VH,1,380,CARTAGO,01:54 p. m.,7000,7900,04/02/2026
HV,2,412,CARTAGO,01:55 p. m.,9000,9250,04/02/2026
HV,2,410,CARTAGO,01:55 p. m.,8800,8900,04/02/2026
HV,3,352,CARTAGO,02:00 p. m.,7300,8100,04/02/2026
HV,1,325,CARTAGO,01:56 p. m.,4000,5600,04/02/2026
HV,1,410,CARTAGO,02:04 p. m.,7400,8500,04/02/2026
MC,6,378,SEVILLA,02:05 p. m.,7500,8150,04/02/2026
TR,4,378,SEVILLA,02:09 p. m.,7500,8450,04/02/2026
MC,2,428,SEVILLA,02:11 p. m.,7500,8100,04/02/2026
TR,4,395,SEVILLA,02:13 p. m.,8300,8900,04/02/2026
MC,2,400,SEVILLA,02:12 p. m.,8000,8300,04/02/2026
ML,1,215,SEVILLA,02:15 p. m.,7000,7500,04/02/2026
MC,1,250,SEVILLA,02:18 p. m.,6000,6800,04/02/2026
MC,1,355,SEVILLA,02:19 p. m.,6000,6800,04/02/2026
TR,3,333,SEVILLA,02:20 p. m.,6400,6600,04/02/2026
MC,8,296,SEVILLA,02:22 p. m.,7000,7400,04/02/2026
MC,3,313,SEVILLA,02:25 p. m.,6200,6650,04/02/2026
VP,1,485,EL DOVIO,02:33 p. m.,7600,8300,04/02/2026
VH,1,425,EL DOVIO,02:27 p. m.,6200,7200,04/02/2026
VH,1,470,EL DOVIO,02:30 p. m.,8000,9900,04/02/2026
VH,1,530,EL DOVIO,02:32 p. m.,7400,7400,04/02/2026
VH,1,405,EL DOVIO,02:31 p. m.,5600,6000,04/02/2026
TR,2,355,ROLDANILLO,02:35 p. m.,8000,8800,04/02/2026
TR,1,315,ROLDANILLO,02:38 p. m.,6600,7650,04/02/2026
TR,1,290,ROLDANILLO,02:36 p. m.,8400,8700,04/02/2026
HV,5,256,ROLDANILLO,02:39 p. m.,8000,8400,04/02/2026
HV,4,386,TULUA,02:46 p. m.,8800,9300,04/02/2026
HV,3,272,ROLDANILLO,02:46 p. m.,8300,8700,04/02/2026
HV,4,334,TULUA,02:49 p. m.,8000,8700,04/02/2026
HV,3,363,TULUA,02:50 p. m.,8200,8850,04/02/2026
HV,3,373,TULUA,02:52 p. m.,8700,9050,04/02/2026
VH,1,400,TULUA,02:54 p. m.,7000,7400,04/02/2026
HV,2,315,TULUA,02:56 p. m.,7800,8500,04/02/2026
HV,4,382,TULUA,02:55 p. m.,8800,9100,04/02/2026
HV,2,338,TULUA,03:01 p. m.,8200,9000,04/02/2026
VH,3,470,TULUA,03:01 p. m.,8000,8100,04/02/2026
HL,1,120,TULUA,03:04 p. m.,10000,11100,04/02/2026
ML,1,130,TULUA,03:07 p. m.,9600,11200,04/02/2026
HL,1,210,TULUA,03:06 p. m.,10000,10600,04/02/2026
HL,1,160,TULUA,03:07 p. m.,10000,11600,04/02/2026
VH,7,359,ZARZAL,06:06 AM,7200,7650,11/02/2026
HL,1,165,ZARZAL,06:09 AM,7000,8200,11/02/2026
HL,1,220,ZARZAL,06:14 AM,8200,8400,11/02/2026
HL,1,220,ZARZAL,06:16 AM,6000,7200,11/02/2026
ML,1,215,LA UNION,06:21 AM,8400,8400,11/02/2026
HV,1,285,LA UNION,06:23 AM,8000,8500,11/02/2026
VH,1,370,LA UNION,06:25 AM,6800,7600,11/02/2026
HL,6,228,ZARZAL,06:32 AM,9000,9500,11/02/2026
HL,1,225,LA UNION,06:42 AM,8600,8600,11/02/2026
VH,1,475,LA UNION,06:43 AM,6400,8500,11/02/2026
HV,1,280,LA UNION,06:44 AM,8200,8200,11/02/2026
HV,1,250,LA UNION,06:46 AM,8000,8200,11/02/2026
VH,1,415,BUGALAGRANDE,06:50 AM,7000,7400,11/02/2026
VH,1,415,BUGALAGRANDE,06:52 AM,6000,6800,11/02/2026
HV,1,355,BUGALAGRANDE,06:54 AM,8400,8600,11/02/2026
HV,1,355,BUGALAGRANDE,07:00 AM,8400,8800,11/02/2026
HV,1,320,BUGALAGRANDE,07:01 AM,8000,8200,11/02/2026
HV,1,310,BUGALAGRANDE,07:02 AM,8000,8300,11/02/2026
MC,1,325,BUGALAGRANDE,07:03 AM,7800,8000,11/02/2026
TR,1,285,BUGALAGRANDE,07:04 AM,7600,7800,11/02/2026
TR,1,355,BUGALAGRANDE,07:04 AM,7800,8200,11/02/2026
TR,2,318,BUGALAGRANDE,07:05 AM,7600,8000,11/02/2026
TR,1,360,ROLDANILLO,07:23 AM,6600,8100,11/02/2026
VH,1,505,ROLDANILLO,07:24 AM,4600,5400,11/02/2026
HV,1,395,ROLDANILLO,07:25 AM,7400,8400,11/02/2026
ML,1,220,ROLDANILLO,07:26 AM,6600,7100,11/02/2026
VH,1,400,ROLDANILLO,07:27 AM,4000,6000,11/02/2026
TO,1,525,ROLDANILLO,07:28 AM,8600,8600,11/02/2026
MC,1,250,ROLDANILLO,07:29 AM,6000,7000,11/02/2026
ML,1,140,LA UNION,07:08 AM,11000,11600,11/02/2026
HL,1,105,LA UNION,07:06 AM,8000,10800,11/02/2026
VH,1,360,LA UNION,07:09 AM,6600,7200,11/02/2026
ML,1,130,LA UNION,07:15 AM,10000,12000,11/02/2026
HL,1,185,LA UNION,07:10 AM,6000,8400,11/02/2026
TR,1,260,LA UNION,07:11 AM,7600,7600,11/02/2026
ML,1,140,LA UNION,07:12 AM,9000,10400,11/02/2026
ML,1,135,LA UNION,07:13 AM,9600,11000,11/02/2026
ML,1,130,LA UNION,07:14 AM,10000,10800,11/02/2026
ML,1,175,LA UNION,07:16 AM,8000,8300,11/02/2026
ML,2,170,LA UNION,07:20 AM,9400,10000,11/02/2026
ML,1,130,LA UNION,07:19 AM,6800,7800,11/02/2026
ML,1,145,LA UNION,07:18 AM,7400,7700,11/02/2026
ML,1,145,LA UNION,07:16 AM,6600,8650,11/02/2026
ML,1,180,TRUJILLO,07:33 AM,9000,9500,11/02/2026
ML,1,140,TRUJILLO,07:30 AM,8000,8100,11/02/2026
ML,1,115,TRUJILLO,07:35 AM,6000,6000,11/02/2026
HL,1,175,TRUJILLO,07:34 AM,6600,7400,11/02/2026
MC,1,265,TRUJILLO,07:37 AM,6600,7400,11/02/2026
ML,1,190,TRUJILLO,07:32 AM,9200,10200,11/02/2026
ML,1,185,TRUJILLO,07:36 AM,9000,9500,11/02/2026
ML,1,185,TRUJILLO,07:38 AM,6000,7400,11/02/2026
TR,1,225,TRUJILLO,07:39 AM,9000,10600,11/02/2026
HL,8,230,TULUA,07:40 AM,8500,9200,11/02/2026
HL,5,205,TULUA,07:46 AM,7500,8750,11/02/2026
HL,1,170,TULUA,07:44 AM,6000,7800,11/02/2026
VH,1,290,LA UNION,07:48 AM,6200,7000,11/02/2026
VP,1,405,LA UNION,07:53 AM,6600,9000,11/02/2026
ML,1,90,LA UNION,07:52 AM,7000,9400,11/02/2026
HL,1,120,LA UNION,07:50 AM,8600,10200,11/02/2026
HV,1,390,ANDALUCIA,07:54 AM,7000,9300,11/02/2026
ML,1,135,ANDALUCIA,07:59 AM,9000,10200,11/02/2026
HL,1,200,ANDALUCIA,07:58 AM,6400,7300,11/02/2026
ML,1,190,ANDALUCIA,07:57 AM,7400,7900,11/02/2026
MC,1,325,ANDALUCIA,07:58 AM,7600,8000,11/02/2026
ML,1,200,ANDALUCIA,08:01 AM,7400,7200,11/02/2026
ML,3,108,ANDALUCIA,08:01 AM,8400,9550,11/02/2026
ML,1,195,ZARZAL,08:02 AM,7600,9000,11/02/2026
ML,1,175,ZARZAL,08:04 AM,7000,7550,11/02/2026
ML,1,150,ZARZAL,08:07 AM,8000,8650,11/02/2026
ML,1,155,ZARZAL,08:06 AM,8000,9300,11/02/2026
VP,1,400,VIJES,08:08 AM,5400,6550,11/02/2026
ML,1,215,VIJES,08:11 AM,5000,6000,11/02/2026
ML,1,125,VIJES,08:13 AM,8000,9500,11/02/2026
HL,1,100,VIJES,08:13 AM,8600,9600,11/02/2026
HL,1,120,VIJES,08:12 AM,8800,10200,11/02/2026
HL,1,170,VIJES,08:14 AM,6000,6600,11/02/2026
ML,1,115,ZARZAL,08:06 AM,8000,9600,11/02/2026
VH,1,490,CAICEDONIA,08:23 AM,4400,5000,11/02/2026
VH,1,510,CAICEDONIA,08:25 AM,4600,5100,11/02/2026
VH,1,390,CAICEDONIA,08:25 AM,8000,8400,11/02/2026
HL,2,172,TORO,08:17 AM,7600,8400,11/02/2026
VH,2,432,ANDALUCIA,08:34 AM,5700,6400,11/02/2026
HL,1,100,CAICEDONIA,08:30 AM,8000,9000,11/02/2026
VH,3,403,ANDALUCIA,08:36 AM,5400,6100,11/02/2026
VH,1,505,ANDALUCIA,08:38 AM,7000,7800,11/02/2026
VH,1,385,ANDALUCIA,08:39 AM,5000,7000,11/02/2026
VH,1,445,ANDALUCIA,08:39 AM,5000,5700,11/02/2026
VH,1,370,ANDALUCIA,08:40 AM,7800,7800,11/02/2026
VH,1,355,ANDALUCIA,08:41 AM,5900,6600,11/02/2026
TR,1,365,ANDALUCIA,08:51 AM,5000,6300,11/02/2026
VH,1,450,ANDALUCIA,08:52 AM,7200,8050,11/02/2026
VH,1,425,ANDALUCIA,08:53 AM,6400,6400,11/02/2026
VH,1,485,ANDALUCIA,08:53 AM,7750,7750,11/02/2026
VH,1,520,ANDALUCIA,08:54 AM,6000,6000,11/02/2026
VH,1,420,ANDALUCIA,08:59 AM,7400,7600,11/02/2026
TR,1,640,ANDALUCIA,08:42 AM,7500,8500,11/02/2026
VH,1,470,ANDALUCIA,08:42 AM,8700,8800,11/02/2026
VH,1,490,ANDALUCIA,08:44 AM,7400,8000,11/02/2026
VH,1,400,ANDALUCIA,08:45 AM,6900,7200,11/02/2026
VH,1,385,ANDALUCIA,08:46 AM,5600,5600,11/02/2026
VH,1,395,ANDALUCIA,08:48 AM,3400,5000,11/02/2026
VH,3,330,ANDALUCIA,08:48 AM,7500,8000,11/02/2026
VP,1,575,ANDALUCIA,09:03 AM,6000,6200,11/02/2026
VP,1,540,ANDALUCIA,09:01 AM,6000,6200,11/02/2026
VP,1,520,ANDALUCIA,09:04 AM,5400,5400,11/02/2026
HV,1,295,YOTOCO,09:05 AM,8000,8200,11/02/2026
HV,1,320,YOTOCO,09:11 AM,8000,10000,11/02/2026
HV,1,305,YOTOCO,09:12 AM,7000,7600,11/02/2026
HV,1,330,YOTOCO,09:12 AM,8000,8200,11/02/2026
VH,1,395,YOTOCO,09:12 AM,7000,7600,11/02/2026
VI,1,335,YOTOCO,09:13 AM,3200,3600,11/02/2026
TR,1,335,SEVILLA,09:14 AM,9800,10200,11/02/2026
TR,1,305,SEVILLA,09:15 AM,9800,10200,11/02/2026
TR,1,255,SEVILLA,09:15 AM,10000,10000,11/02/2026
TR,1,270,SEVILLA,09:15 AM,9400,9400,11/02/2026
HV,4,368,SEVILLA,09:22 AM,8500,8600,11/02/2026
HV,4,325,SEVILLA,09:23 AM,8000,8400,11/02/2026
VH,3,315,SEVILLA,09:23 AM,8000,8000,11/02/2026
HV,1,335,ROLDANILLO,09:24 AM,7000,8000,11/02/2026
HL,1,225,ROLDANILLO,09:26 AM,8000,8400,11/02/2026
HV,1,335,ROLDANILLO,09:26 AM,7400,7700,11/02/2026
VH,1,275,ROLDANILLO,09:27 AM,6650,6650,11/02/2026
VH,1,330,ROLDANILLO,09:28 AM,6400,7300,11/02/2026
VP,1,375,ROLDANILLO,09:28 AM,6000,6800,11/02/2026
HL,1,155,RESTREPO,09:32 AM,8600,9200,11/02/2026
HL,1,145,RESTREPO,09:29 AM,7000,7000,11/02/2026
MC,1,380,RESTREPO,09:32 AM,7000,7400,11/02/2026
VH,1,320,RESTREPO,09:33 AM,7600,7600,11/02/2026
HL,1,170,RESTREPO,09:34 AM,8000,8800,11/02/2026
VH,1,295,RESTREPO,09:34 AM,6800,7100,11/02/2026
HV,1,255,RESTREPO,09:35 AM,8000,8300,11/02/2026
VI,1,415,CAQUETA,09:44 AM,3000,3400,11/02/2026
VH,1,290,CAQUETA,09:48 AM,5000,6700,11/02/2026
VH,1,280,CAQUETA,09:53 AM,6000,6400,11/02/2026
VH,1,225,CAQUETA,09:51 AM,6000,7000,11/02/2026
VH,1,385,CAQUETA,09:56 AM,7200,7200,11/02/2026
HL,2,138,RESTREPO,09:38 AM,9000,9000,11/02/2026
HL,1,205,CAQUETA,09:51 AM,5400,6600,11/02/2026
VI,1,365,CAQUETA,09:55 AM,3400,4400,11/02/2026
VI,2,358,CAQUETA,09:56 AM,5000,5400,11/02/2026
VH,2,272,CAQUETA,09:57 AM,6000,7500,11/02/2026
TR,1,350,ROLDANILLO,10:05 AM,8400,8600,11/02/2026
TR,1,355,ROLDANILLO,10:05 AM,8000,8700,11/02/2026
ML,1,235,ROLDANILLO,10:03 AM,7200,7800,11/02/2026
TR,1,325,ROLDANILLO,10:06 AM,8400,9600,11/02/2026
TR,1,265,ROLDANILLO,10:07 AM,7000,7200,11/02/2026
HV,1,285,ROLDANILLO,10:07 AM,8000,8100,11/02/2026
HL,2,185,CAQUETA,09:59 AM,6000,6100,11/02/2026
HL,3,247,CAQUETA,10:01 AM,7500,7650,11/02/2026
ML,1,215,ROLDANILLO,10:08 AM,8000,8600,11/02/2026
TR,1,370,ROLDANILLO,10:09 AM,7800,8200,11/02/2026
ML,1,175,ROLDANILLO,10:08 AM,8000,9050,11/02/2026
HL,3,155,LA UNION,10:11 AM,8000,8600,11/02/2026
TR,2,232,ROLDANILLO,10:09 AM,8000,8600,11/02/2026
ML,1,215,ROLDANILLO,10:11 AM,9000,9400,11/02/2026
HL,3,223,LA UNION,10:14 AM,8000,8700,11/02/2026
VH,1,270,LA UNION,10:16 AM,6000,7400,11/02/2026
HL,1,245,LA UNION,10:15 AM,7000,9000,11/02/2026
HV,1,265,LA UNION,10:17 AM,7600,7900,11/02/2026
HL,1,220,LA UNION,10:17 AM,7000,8100,11/02/2026
HL,1,195,LA UNION,10:19 AM,8200,9000,11/02/2026
HL,2,145,TORO,10:24 AM,8000,8600,11/02/2026
VH,1,420,LA UNION,10:22 AM,6400,6400,11/02/2026
HV,1,300,EL DOVIO,10:30 AM,7600,8400,11/02/2026
HV,1,380,EL DOVIO,10:31 AM,8000,8800,11/02/2026
TR,1,425,EL DOVIO,10:32 AM,8400,9300,11/02/2026
TR,1,405,EL DOVIO,10:33 AM,9000,9600,11/02/2026
TR,1,505,EL DOVIO,10:34 AM,9400,10000,11/02/2026
HV,1,325,EL DOVIO,10:34 AM,8000,8600,11/02/2026
HL,1,215,TORO,10:26 AM,7000,8300,11/02/2026
VH,1,355,TORO,10:28 AM,4400,5700,11/02/2026
ML,1,130,TORO,10:28 AM,8600,9100,11/02/2026
HL,1,135,TORO,10:29 AM,8600,9600,11/02/2026
VH,1,450,ROLDANILLO,10:35 AM,8600,9700,11/02/2026
ML,1,240,ROLDANILLO,10:37 AM,8400,8900,11/02/2026
ML,1,200,ROLDANILLO,10:37 AM,8600,9500,11/02/2026
ML,1,195,ROLDANILLO,10:37 AM,8400,8950,11/02/2026
TO,1,505,BUGALAGRANDE,10:38 AM,9700,9900,11/02/2026
HV,1,385,BUGALAGRANDE,10:39 AM,8000,8700,11/02/2026
HV,4,306,BUGALAGRANDE,10:40 AM,8600,8600,11/02/2026
HV,1,265,RIOFRIO,10:49 AM,6400,6850,11/02/2026
TR,1,400,RIOFRIO,10:51 AM,9000,9600,11/02/2026
ML,1,165,RIOFRIO,10:52 AM,8000,8500,11/02/2026
HV,1,320,BUGALAGRANDE,10:42 AM,6000,6900,11/02/2026
HV,1,270,BUGALAGRANDE,10:42 AM,8000,8800,11/02/2026
HV,1,305,BUGALAGRANDE,10:43 AM,7600,7800,11/02/2026
HV,1,305,BUGALAGRANDE,10:43 AM,6000,8000,11/02/2026
HL,1,160,BUGALAGRANDE,10:43 AM,8000,9200,11/02/2026
HL,1,215,BUGALAGRANDE,10:46 AM,8600,9000,11/02/2026
HV,2,278,BUGALAGRANDE,10:46 AM,7600,7950,11/02/2026
HV,3,327,BUGALAGRANDE,10:48 AM,8000,8500,11/02/2026
HL,1,240,SEVILLA,10:57 AM,7600,8400,11/02/2026
HL,3,193,SEVILLA,10:58 AM,7400,8900,11/02/2026
HL,1,165,SEVILLA,10:55 AM,8000,8700,11/02/2026
ML,1,175,RIOFRIO,10:52 AM,9000,9000,11/02/2026
ML,1,145,RIOFRIO,10:54 AM,8400,8500,11/02/2026
HV,9,267,EL DOVIO,11:00 AM,8500,9000,11/02/2026
HV,2,295,SEVILLA,10:59 AM,8000,8400,11/02/2026
HL,8,129,TULUA,11:03 AM,9000,9700,11/02/2026
HV,1,260,EL DOVIO,11:02 AM,8000,8000,11/02/2026
HL,6,120,TULUA,11:07 AM,9000,9400,11/02/2026
HL,5,147,TULUA,11:12 AM,8000,9400,11/02/2026
HL,4,131,TULUA,11:14 AM,9000,10600,11/02/2026
HV,5,260,EL DOVIO,11:20 AM,8500,9100,11/02/2026
HL,1,185,TULUA,11:16 AM,8000,8000,11/02/2026
HL,1,100,TULUA,11:18 AM,8000,9400,11/02/2026
HV,5,254,EL DOVIO,11:21 AM,9000,9300,11/02/2026
VP,1,450,LA ESMERALDA,11:22 AM,8000,8200,11/02/2026
TR,4,311,SAN PEDRO,11:23 AM,8900,9800,11/02/2026
TR,1,375,SAN PEDRO,11:25 AM,8600,8900,11/02/2026
TR,1,450,JAMUNDI,11:26 AM,9000,10100,11/02/2026
TR,1,470,JAMUNDI,11:27 AM,8400,9200,11/02/2026
TR,1,440,JAMUNDI,11:28 AM,9600,9650,11/02/2026
TO,1,530,JAMUNDI,11:28 AM,8500,9100,11/02/2026
TR,1,455,JAMUNDI,11:29 AM,9500,9650,11/02/2026
TR,1,450,JAMUNDI,11:30 AM,9500,9650,11/02/2026
TR,1,455,JAMUNDI,11:31 AM,9700,10200,11/02/2026
TR,1,450,JAMUNDI,11:31 AM,9000,9750,11/02/2026
TR,1,450,JAMUNDI,11:32 AM,9300,9700,11/02/2026
MC,1,315,BUGALAGRANDE,11:33 AM,6600,7300,11/02/2026
MC,1,260,BUGALAGRANDE,11:35 AM,6000,6000,11/02/2026
ML,10,93,CAUCASIA,11:35 AM,10000,11100,11/02/2026
HL,1,120,CAUCASIA,11:45 AM,6600,7600,11/02/2026
HL,1,150,CAUCASIA,11:44 AM,8000,8000,11/02/2026
HL,1,100,CAUCASIA,11:43 AM,8200,9400,11/02/2026
HV,1,290,TORO,11:46 AM,8000,8400,11/02/2026
HV,1,285,TORO,11:48 AM,7600,8200,11/02/2026
TO,1,550,SEVILLA,11:49 AM,7500,7600,11/02/2026
HL,1,145,TORO,11:48 AM,8400,9700,11/02/2026
TR,1,395,SEVILLA,11:51 AM,6400,6700,11/02/2026
HV,6,252,BUGALAGRANDE,11:52 AM,7000,7200,11/02/2026
HL,7,245,BUGALAGRANDE,11:54 AM,7500,7850,11/02/2026
HL,5,220,BUGALAGRANDE,12:08 PM,8500,8950,11/02/2026
HL,7,231,BUGALAGRANDE,12:09 PM,8200,9250,11/02/2026
HL,1,160,BUGALAGRANDE,12:12 PM,7000,12200,11/02/2026
VH,1,440,ALCALA,12:13 PM,8600,8900,11/02/2026
HV,1,375,ALCALA,12:15 PM,8000,8800,11/02/2026
VH,1,460,ALCALA,12:15 PM,8400,9000,11/02/2026
VH,1,505,ALCALA,12:16 PM,7600,8300,11/02/2026
HV,1,380,ALCALA,12:17 PM,9000,9000,11/02/2026
VH,1,455,ALCALA,12:18 PM,5600,5600,11/02/2026
VH,1,370,ALCALA,12:19 PM,5400,5400,11/02/2026
HV,1,395,ALCALA,12:19 PM,5000,5000,11/02/2026
VH,1,350,ALCALA,12:20 PM,4400,6200,11/02/2026
VH,1,345,ALCALA,12:21 PM,4000,4700,11/02/2026
VH,1,380,ALCALA,12:22 PM,4000,4000,11/02/2026
VH,1,440,ALCALA,12:23 PM,4000,4900,11/02/2026
VH,1,365,ALCALA,12:23 PM,4600,5400,11/02/2026
TR,4,275,EL DOVIO,12:25 PM,8800,9000,11/02/2026
ML,2,230,EL DOVIO,12:30 PM,8000,8000,11/02/2026
MC,1,370,EL DOVIO,12:32 PM,6000,6400,11/02/2026
TR,5,320,EL DOVIO,12:33 PM,8500,8600,11/02/2026
TR,5,302,EL DOVIO,12:35 PM,8400,8500,11/02/2026
TR,6,266,EL DOVIO,12:36 PM,8500,9000,11/02/2026
ML,1,105,PEREIRA,12:49 PM,11000,12400,11/02/2026
TI,1,560,SEVILLA,12:49 PM,4000,5800,11/02/2026
TI,1,630,SEVILLA,12:50 PM,4000,4600,11/02/2026
TO,1,565,SEVILLA,12:51 PM,5000,6300,11/02/2026
TI,1,485,SEVILLA,12:52 PM,4000,5000,11/02/2026
TO,1,690,SEVILLA,12:53 PM,5400,6300,11/02/2026
TI,1,535,SEVILLA,12:54 PM,5000,5400,11/02/2026
VH,1,480,SEVILLA,12:55 PM,5400,5800,11/02/2026
HL,1,235,SEVILLA,12:56 PM,7000,7400,11/02/2026
HV,1,335,SEVILLA,12:57 PM,7600,8400,11/02/2026
HV,1,345,SEVILLA,12:58 PM,7600,8750,11/02/2026
HV,1,340,SEVILLA,12:59 PM,7600,8200,11/02/2026
ML,1,200,SAHAGUN,12:59 PM,10000,10400,11/02/2026
HL,8,204,SAHAGUN,01:03 PM,7300,8900,11/02/2026
HL,2,125,SAHAGUN,01:01 PM,9000,9800,11/02/2026
HL,3,212,SAHAGUN,01:01 PM,8600,9000,11/02/2026
HL,4,184,SAHAGUN,01:04 PM,7500,8550,11/02/2026
HL,2,182,SAHAGUN,01:06 PM,8000,9000,11/02/2026
HL,2,188,SAHAGUN,01:08 PM,8600,9200,11/02/2026
HL,2,185,SAHAGUN,01:07 PM,6600,7150,11/02/2026
HL,1,190,SAHAGUN,01:09 PM,8600,9100,11/02/2026
HV,1,360,BUGALAGRANDE,01:10 PM,8400,8800,11/02/2026
VH,1,540,BUGALAGRANDE,01:13 PM,5000,5800,11/02/2026
VH,1,490,BUGALAGRANDE,01:13 PM,7000,7700,11/02/2026
HV,1,360,BUGALAGRANDE,01:14 PM,8000,8700,11/02/2026
HV,2,250,BUGALAGRANDE,01:15 PM,8000,9000,11/02/2026
ML,2,165,BUGALAGRANDE,01:16 PM,8600,8900,11/02/2026
HV,5,265,LA UNION,01:17 PM,6900,7750,11/02/2026
HV,6,285,LA UNION,01:20 PM,7500,7500,11/02/2026
VH,1,470,LA UNION,01:22 PM,8000,8200,11/02/2026
HV,1,295,LA UNION,01:23 PM,7200,8200,11/02/2026
HV,1,390,LA UNION,01:24 PM,5800,5800,11/02/2026
ML,1,240,LA UNION,01:24 PM,8600,8800,11/02/2026
ML,2,198,LA UNION,01:25 PM,7600,8150,11/02/2026
HL,1,245,LA UNION,01:28 PM,8400,8500,11/02/2026
ML,1,230,LA UNION,01:25 PM,6600,7450,11/02/2026
HL,1,190,LA UNION,01:28 PM,7000,8400,11/02/2026
ML,1,155,LA UNION,01:29 PM,6000,6600,11/02/2026
HV,2,312,MARSELLA,01:31 PM,5400,6550,11/02/2026
VH,2,365,MARSELLA,01:32 PM,6000,6600,11/02/2026
VH,2,350,MARSELLA,01:34 PM,6000,6200,11/02/2026
ML,1,135,MONTERIA,01:49 PM,6000,6200,11/02/2026
TO,1,500,ROLDANILLO,02:08 PM,5000,6500,11/02/2026
TO,1,550,ROLDANILLO,02:01 PM,8700,9100,11/02/2026
TO,1,700,ROLDANILLO,02:01 PM,9600,9700,11/02/2026
TO,1,630,ROLDANILLO,02:02 PM,8400,8800,11/02/2026
TR,1,450,ROLDANILLO,02:03 PM,6800,7800,11/02/2026
HL,1,155,MONTERIA,01:56 PM,8000,9000,11/02/2026
HL,1,235,CALARCA,02:08 PM,7400,7400,11/02/2026
HL,1,225,CALARCA,02:04 PM,5400,6600,11/02/2026
HV,4,290,CALARCA,02:09 PM,7950,7950,11/02/2026
HL,4,154,CALARCA,02:17 PM,9000,9350,11/02/2026
VI,2,340,CALARCA,02:10 PM,3600,4600,11/02/2026
TR,1,345,CALARCA,02:11 PM,7800,8400,11/02/2026
HL,1,180,CALARCA,02:13 PM,8700,8700,11/02/2026
VH,1,300,CALARCA,02:14 PM,6400,7500,11/02/2026
VH,5,419,ZARZAL,02:44 PM,8900,8900,11/02/2026
VH,5,405,ZARZAL,02:45 PM,8900,8900,11/02/2026
VH,5,405,ZARZAL,02:45 PM,8900,8900,11/02/2026
VH,7,405,ZARZAL,02:46 PM,8200,8216,11/02/2026
VH,6,405,ZARZAL,02:46 PM,8900,8900,11/02/2026
HV,1,315,SEVILLA,09:09 PM,8000,8000,11/02/2026
VH,1,385,SAN VICENTE,11:32 PM,7800,7800,11/02/2026
HL,8,226,ZARZAL,06:34 AM,8500,8900,18/02/2026
HV,1,250,ZARZAL,06:36 AM,8000,8000,18/02/2026
HV,1,400,ROLDANILLO,07:09 AM,7400,8400,18/02/2026
VH,1,370,ROLDANILLO,07:10 AM,7000,8100,18/02/2026
VH,1,540,ROLDANILLO,07:11 AM,5200,6200,18/02/2026
VH,1,460,ROLDANILLO,07:12 AM,8000,8000,18/02/2026
HL,5,160,LA VICTORIA,07:23 AM,8500,8900,18/02/2026
HL,2,222,LA VICTORIA,07:25 AM,8000,8600,18/02/2026
ML,1,230,LA VICTORIA,07:26 AM,4000,4400,18/02/2026
ML,1,135,ZARZAL,07:29 AM,6000,9600,18/02/2026
ML,1,215,ZARZAL,07:32 AM,9600,10600,18/02/2026
ML,1,140,ZARZAL,07:33 AM,8600,8600,18/02/2026
ML,1,185,ZARZAL,07:31 AM,6000,6400,18/02/2026
VP,1,515,TULUA,07:33 AM,6600,9400,18/02/2026
HL,3,107,LA PLATA,07:41 AM,9500,10700,18/02/2026
VP,1,425,LA PLATA,07:43 AM,7600,8200,18/02/2026
VH,1,325,LA PLATA,07:46 AM,6000,6200,18/02/2026
VH,1,365,LA PLATA,07:47 AM,6600,6600,18/02/2026
VH,2,318,LA PLATA,07:48 AM,6000,6900,18/02/2026
VH,3,258,LA PLATA,07:49 AM,6000,7300,18/02/2026
HV,2,290,BUGALAGRANDE,07:50 AM,8000,8800,18/02/2026
HV,2,300,BUGALAGRANDE,07:54 AM,8000,9400,18/02/2026
HV,1,290,BUGALAGRANDE,07:55 AM,8000,8600,18/02/2026
HL,4,225,BUGALAGRANDE,07:56 AM,8600,9350,18/02/2026
HL,4,216,BUGALAGRANDE,07:57 AM,8500,10350,18/02/2026
VH,1,330,JAMUNDI,07:58 AM,6000,6900,18/02/2026
ML,6,177,JAMUNDI,08:02 AM,10000,10950,18/02/2026
HL,1,185,JAMUNDI,08:05 AM,8000,8000,18/02/2026
HL,1,140,JAMUNDI,08:06 AM,7000,7650,18/02/2026
ML,1,175,JAMUNDI,08:07 AM,9400,9800,18/02/2026
TR,1,275,JAMUNDI,08:05 AM,8600,8850,18/02/2026
HL,1,150,JAMUNDI,08:07 AM,4000,4600,18/02/2026
ML,1,210,JAMUNDI,08:09 AM,9200,9600,18/02/2026
ML,1,215,JAMUNDI,08:09 AM,9000,9300,18/02/2026
ML,1,165,ROLDANILLO,08:14 AM,8200,9100,18/02/2026
ML,1,170,ROLDANILLO,08:10 AM,8600,8600,18/02/2026
HL,1,135,ROLDANILLO,08:13 AM,9000,9000,18/02/2026
ML,1,195,ROLDANILLO,08:14 AM,8400,8700,18/02/2026
TR,1,255,ROLDANILLO,08:15 AM,5000,6800,18/02/2026
ML,1,130,ROLDANILLO,08:16 AM,6000,7350,18/02/2026
ML,1,160,ROLDANILLO,08:12 AM,8000,8900,18/02/2026
ML,5,214,JAMUNDI,08:17 AM,9700,10550,18/02/2026
ML,1,235,SEVILLA,08:19 AM,4000,4000,18/02/2026
TR,1,320,SEVILLA,08:17 AM,8000,8300,18/02/2026
VH,1,285,SEVILLA,08:20 AM,4000,6300,18/02/2026
ML,5,159,OBANDO,08:22 AM,6000,6500,18/02/2026
TR,1,355,LA UNION,08:23 AM,7000,8200,18/02/2026
VH,1,320,LA UNION,08:24 AM,7000,8400,18/02/2026
HL,1,220,LA UNION,08:27 AM,8000,9000,18/02/2026
HL,1,245,LA UNION,08:27 AM,9000,9400,18/02/2026
HL,1,185,OBANDO,08:29 AM,8000,8700,18/02/2026
ML,1,230,OBANDO,08:28 AM,5200,5200,18/02/2026
HL,3,147,ANSERMANUEVO,08:30 AM,9000,9600,18/02/2026
ML,2,115,ANSERMANUEVO,08:34 AM,9600,11000,18/02/2026
VH,2,412,SEVILLA,08:35 AM,7400,7850,18/02/2026
HV,2,382,SEVILLA,08:37 AM,9000,9300,18/02/2026
VH,1,520,SEVILLA,08:41 AM,8000,8300,18/02/2026
HV,3,443,SEVILLA,08:42 AM,9000,9350,18/02/2026
HV,2,375,SEVILLA,08:43 AM,8700,9200,18/02/2026
HV,1,400,SEVILLA,08:44 AM,9200,9700,18/02/2026
HV,1,390,GINEBRA,08:45 AM,6600,6600,18/02/2026
TR,1,285,GINEBRA,08:46 AM,6600,7000,18/02/2026
VH,1,390,GINEBRA,08:47 AM,4000,4450,18/02/2026
ML,1,160,GINEBRA,08:48 AM,7000,9350,18/02/2026
ML,1,200,GINEBRA,08:48 AM,7000,7800,18/02/2026
ML,1,230,GINEBRA,08:48 AM,6000,6500,18/02/2026
VH,1,430,TEBAIDA,08:54 AM,4600,5400,18/02/2026
VH,5,282,TEBAIDA,08:56 AM,6500,7500,18/02/2026
HL,2,210,GINEBRA,08:49 AM,8400,9100,18/02/2026
HV,2,258,GINEBRA,08:52 AM,8200,8700,18/02/2026
HL,1,205,TEBAIDA,08:57 AM,8300,8300,18/02/2026
ML,1,230,TEBAIDA,08:58 AM,8000,8800,18/02/2026
HL,5,172,TEBAIDA,08:59 AM,8600,9050,18/02/2026
ML,2,115,TEBAIDA,09:00 AM,9000,11300,18/02/2026
ML,2,105,TEBAIDA,09:01 AM,11000,12400,18/02/2026
HL,3,137,TEBAIDA,09:02 AM,9400,9800,18/02/2026
HL,1,90,TEBAIDA,09:04 AM,8000,10400,18/02/2026
HL,1,105,TEBAIDA,09:07 AM,10000,10900,18/02/2026
HL,3,237,TULUA,09:10 AM,7800,7800,18/02/2026
HV,1,290,TULUA,09:14 AM,7000,8200,18/02/2026
ML,1,180,TULUA,09:12 AM,7000,9100,18/02/2026
TR,8,291,SAN PEDRO,09:15 AM,8700,9800,18/02/2026
TR,6,353,SAN PEDRO,09:18 AM,8500,8700,18/02/2026
HL,3,198,SAN PEDRO,09:19 AM,8000,8700,18/02/2026
ML,1,190,SAN PEDRO,09:21 AM,7600,8000,18/02/2026
TR,1,370,SAN PEDRO,09:24 AM,9000,9200,18/02/2026
TR,1,325,SAN PEDRO,09:26 AM,7200,8000,18/02/2026
TR,1,255,SAN PEDRO,09:25 AM,7400,7600,18/02/2026
ML,3,243,SAN PEDRO,09:23 AM,7500,7500,18/02/2026
VH,1,440,SEVILLA,09:26 AM,7600,7600,18/02/2026
VH,1,370,SEVILLA,09:28 AM,4000,5050,18/02/2026
HV,1,315,SEVILLA,09:29 AM,5000,5750,18/02/2026
HL,4,156,SEVILLA,09:30 AM,8400,11000,18/02/2026
ML,1,165,ZARZAL,09:34 AM,9400,9600,18/02/2026
ML,1,115,ZARZAL,09:35 AM,9000,10100,18/02/2026
TR,1,325,ZARZAL,09:35 AM,8400,8800,18/02/2026
HL,1,150,ZARZAL,09:32 AM,8600,8800,18/02/2026
ML,1,130,ZARZAL,09:33 AM,7000,7400,18/02/2026
VH,1,515,BUGALAGRANDE,09:38 AM,6600,6600,18/02/2026
HV,1,460,BUGALAGRANDE,09:39 AM,8700,9600,18/02/2026
ML,1,200,BUGALAGRANDE,09:43 AM,9600,10000,18/02/2026
VH,1,495,BUGALAGRANDE,09:39 AM,6000,7600,18/02/2026
VH,1,540,BUGALAGRANDE,09:40 AM,6000,6200,18/02/2026
ML,1,160,BUGALAGRANDE,09:42 AM,9000,10400,18/02/2026
HL,1,215,BUGALAGRANDE,09:36 AM,8000,8600,18/02/2026
ML,1,240,TORO,09:44 AM,8600,8800,18/02/2026
HV,1,300,TORO,09:51 AM,8000,9000,18/02/2026
TR,1,305,TORO,09:43 AM,10000,10000,18/02/2026
TR,1,345,TORO,09:45 AM,9600,11000,18/02/2026
TR,1,280,TORO,09:51 AM,9200,9450,18/02/2026
ML,1,210,TORO,09:52 AM,9000,9600,18/02/2026
TR,1,290,TORO,09:50 AM,8600,9400,18/02/2026
HV,1,345,TORO,09:52 AM,8400,8800,18/02/2026
MC,1,250,TORO,09:54 AM,9000,10400,18/02/2026
TR,1,275,TORO,09:53 AM,9200,9300,18/02/2026
TR,1,280,TORO,09:54 AM,9400,9800,18/02/2026
TR,5,285,EL DOVIO,09:55 AM,9000,9300,18/02/2026
MC,10,262,EL DOVIO,09:57 AM,9500,9900,18/02/2026
MC,7,268,EL DOVIO,10:01 AM,9300,10050,18/02/2026
HL,1,135,ROLDANILLO,10:05 AM,6000,6750,18/02/2026
HL,1,190,ROLDANILLO,10:05 AM,7400,8700,18/02/2026
HL,1,190,ROLDANILLO,10:03 AM,8000,8700,18/02/2026
HL,5,142,ROLDANILLO,10:07 AM,8500,9150,18/02/2026
HV,1,275,LA UNION,10:08 AM,5000,6400,18/02/2026
HV,1,295,LA UNION,10:09 AM,5000,5000,18/02/2026
VH,1,275,LA UNION,10:10 AM,7200,7200,18/02/2026
HL,5,191,ROLDANILLO,10:13 AM,8500,9100,18/02/2026
HL,1,235,OBANDO,10:15 AM,9600,13400,18/02/2026
HL,1,165,OBANDO,10:17 AM,8600,9200,18/02/2026
HL,3,193,CAQUETA,10:19 AM,6000,6750,18/02/2026
HL,5,132,CAQUETA,10:20 AM,8000,9250,18/02/2026
HL,4,160,CAQUETA,10:23 AM,7500,7850,18/02/2026
HL,5,209,CAQUETA,10:21 AM,7600,8150,18/02/2026
HL,1,215,CAQUETA,10:24 AM,7400,7400,18/02/2026
HL,2,88,CAQUETA,10:29 AM,9000,9800,18/02/2026
HL,2,208,CAQUETA,10:33 AM,8600,10000,18/02/2026
HL,1,135,CAQUETA,10:33 AM,9000,9900,18/02/2026
HL,1,180,CAQUETA,10:35 AM,5800,6600,18/02/2026
HL,1,130,CAQUETA,10:37 AM,6000,7200,18/02/2026
HL,1,125,CAQUETA,10:35 AM,7000,7800,18/02/2026
ML,6,215,ZARZAL,10:37 AM,9000,9000,18/02/2026
ML,1,175,ZARZAL,10:40 AM,6000,6800,18/02/2026
ML,1,185,ZARZAL,10:42 AM,6000,6000,18/02/2026
ML,1,225,PEREIRA,10:46 AM,8000,9600,18/02/2026
ML,1,135,PEREIRA,10:47 AM,9000,10100,18/02/2026
ML,1,90,PEREIRA,10:45 AM,8000,9000,18/02/2026
HL,1,120,PEREIRA,10:43 AM,8600,9400,18/02/2026
ML,1,100,PEREIRA,10:44 AM,8600,9600,18/02/2026
ML,1,105,PEREIRA,10:49 AM,9000,9000,18/02/2026
ML,1,95,PEREIRA,10:50 AM,7000,7800,18/02/2026
HL,1,95,BUGALAGRANDE,11:16 AM,10000,10600,18/02/2026
HL,3,172,CAQUETA,10:51 AM,9000,9500,18/02/2026
HV,1,335,BUGALAGRANDE,11:13 AM,8400,8600,18/02/2026
ML,1,170,BUGALAGRANDE,11:11 AM,8000,9000,18/02/2026
ML,1,215,BUGALAGRANDE,11:14 AM,7000,7400,18/02/2026
ML,1,100,BUGALAGRANDE,11:15 AM,11000,13000,18/02/2026
HL,5,220,CAQUETA,10:53 AM,8000,8300,18/02/2026
HL,2,142,CAQUETA,10:59 AM,8600,8600,18/02/2026
HL,2,122,CAQUETA,11:01 AM,9000,9550,18/02/2026
ML,2,165,CAQUETA,11:02 AM,8600,9700,18/02/2026
ML,1,175,CAQUETA,11:03 AM,8600,9350,18/02/2026
HL,1,230,CAQUETA,11:07 AM,8000,8300,18/02/2026
HL,1,120,CAQUETA,11:09 AM,9000,10000,18/02/2026
ML,1,165,CAQUETA,11:10 AM,9000,9900,18/02/2026
HL,1,215,CAQUETA,11:08 AM,8000,8400,18/02/2026
ML,1,145,CAQUETA,11:08 AM,8000,10000,18/02/2026
ML,1,155,CAQUETA,11:10 AM,9000,10800,18/02/2026
VP,1,390,EL DOVIO,11:19 AM,8000,8000,18/02/2026
VP,1,370,EL DOVIO,11:21 AM,8000,9200,18/02/2026
HL,2,188,CAQUETA,11:18 AM,8500,8600,18/02/2026
HL,1,145,TULUA,11:58 AM,8400,8800,18/02/2026
HV,1,285,EL DOVIO,11:23 AM,7000,7600,18/02/2026
ML,1,200,EL DOVIO,11:22 AM,7000,8600,18/02/2026
HV,1,295,EL DOVIO,11:24 AM,6000,6000,18/02/2026
HL,1,230,EL DOVIO,11:24 AM,6000,6600,18/02/2026
VH,1,310,EL DOVIO,11:25 AM,7600,8000,18/02/2026
HV,2,262,PEREIRA,11:26 AM,8000,8400,18/02/2026
TO,1,640,PEREIRA,11:48 AM,9800,11350,18/02/2026
HV,1,325,PEREIRA,11:50 AM,7600,8600,18/02/2026
HL,1,235,PEREIRA,11:52 AM,7400,7400,18/02/2026
VH,1,435,PEREIRA,11:54 AM,6000,6200,18/02/2026
HL,1,225,PEREIRA,11:55 AM,8600,8800,18/02/2026
VH,1,330,PEREIRA,11:56 AM,3000,3800,18/02/2026
VH,1,285,PEREIRA,11:58 AM,2000,3300,18/02/2026
HL,1,200,TULUA,12:01 PM,8400,8700,18/02/2026
HL,8,188,TORO,12:08 PM,8400,9000,18/02/2026
VH,1,415,TORO,12:11 PM,6600,7800,18/02/2026
VH,1,465,TORO,12:13 PM,8000,8500,18/02/2026
VH,1,405,TORO,12:14 PM,8000,8600,18/02/2026
ML,4,125,SAN JOSE,12:14 PM,8200,8750,18/02/2026
ML,5,175,SAN JOSE,12:17 PM,10000,11100,18/02/2026
ML,5,237,SAN JOSE,12:20 PM,10000,10300,18/02/2026
HL,6,188,SAN JOSE,12:22 PM,9000,9250,18/02/2026
HV,3,260,SAN JOSE,12:24 PM,8000,8400,18/02/2026
HL,3,167,SAN JOSE,12:25 PM,8600,9400,18/02/2026
ML,2,162,OBANDO,12:28 PM,7400,8300,18/02/2026
HL,2,210,OBANDO,12:42 PM,7200,7600,18/02/2026
VH,1,415,OBANDO,12:45 PM,7200,7200,18/02/2026
HL,1,160,OBANDO,12:46 PM,5400,6000,18/02/2026
VH,1,270,OBANDO,12:43 PM,7000,7700,18/02/2026
VP,1,315,OBANDO,12:50 PM,6600,8200,18/02/2026
VP,1,310,OBANDO,12:47 PM,6000,8600,18/02/2026
VP,1,300,OBANDO,12:51 PM,6600,7400,18/02/2026
VH,1,460,BUGALAGRANDE,12:52 PM,6000,6600,18/02/2026
HL,1,195,BUGALAGRANDE,12:54 PM,4000,4800,18/02/2026
HL,3,128,BUGALAGRANDE,12:54 PM,7000,7100,18/02/2026
ML,1,195,MONTERIA,12:57 PM,7400,8400,18/02/2026
ML,1,180,MONTERIA,01:00 PM,9000,9200,18/02/2026
HL,1,135,MONTERIA,01:03 PM,8600,9800,18/02/2026
HL,1,225,MONTERIA,01:01 PM,9000,9200,18/02/2026
HL,4,184,MONTERIA,01:04 PM,8500,8800,18/02/2026
HL,1,220,MONTERIA,01:04 PM,7000,7400,18/02/2026
ML,2,142,MONTERIA,01:12 PM,7600,8600,18/02/2026
VH,1,540,LA PRIMAVERA,01:13 PM,8000,9500,18/02/2026
ML,1,160,MONTERIA,01:10 PM,7000,7600,18/02/2026
VH,1,435,LA PRIMAVERA,01:15 PM,6000,6800,18/02/2026
VH,1,635,LA PRIMAVERA,01:15 PM,8000,8400,18/02/2026
VH,1,405,LA PRIMAVERA,01:16 PM,6600,8000,18/02/2026
HV,1,420,LA PRIMAVERA,01:17 PM,8000,9400,18/02/2026
TR,1,385,LA PRIMAVERA,01:17 PM,7600,8800,18/02/2026
HV,1,380,LA PRIMAVERA,01:18 PM,8000,8700,18/02/2026
TO,1,590,LA PRIMAVERA,01:17 PM,7400,8000,18/02/2026
HV,1,410,LA PRIMAVERA,01:19 PM,8000,9100,18/02/2026
VH,1,380,CAICEDONIA,02:15 PM,6000,7300,18/02/2026
VH,1,385,CAICEDONIA,02:15 PM,6600,7400,18/02/2026
TR,1,360,CAICEDONIA,02:16 PM,8000,9000,18/02/2026
VH,1,345,CAICEDONIA,02:16 PM,7000,8000,18/02/2026
VH,1,455,CAICEDONIA,02:17 PM,7200,7200,18/02/2026
HL,2,118,CAICEDONIA,02:18 PM,10600,11350,18/02/2026
HL,3,195,CAICEDONIA,02:18 PM,6600,6800,18/02/2026
TR,2,418,SEVILLA,06:12 a. m.,7600,7750,04/06/2025
TR,2,395,SEVILLA,06:15 a. m.,8200,8200,04/06/2025
TR,2,388,SEVILLA,06:16 a. m.,7000,7600,04/06/2025
TR,4,344,SEVILLA,06:37 a. m.,6400,7300,04/06/2025
TR,1,305,SEVILLA,06:18 a. m.,7000,7200,04/06/2025
TR,2,332,SEVILLA,06:24 a. m.,6400,7400,04/06/2025
TR,2,392,SEVILLA,06:21 a. m.,7000,7600,04/06/2025
TR,2,318,SEVILLA,06:31 a. m.,6200,6400,04/06/2025
HV,1,435,ANDALUCIA,06:33 a. m.,7500,10500,04/06/2025
VH,1,360,ANDALUCIA,06:34 a. m.,7500,8000,04/06/2025
HL,1,160,ANDALUCIA,06:35 a. m.,7500,9000,04/06/2025
HV,1,340,ANDALUCIA,06:37 a. m.,7000,7600,04/06/2025
ML,1,95,ANDALUCIA,06:39 a. m.,8500,9500,04/06/2025
VP,1,445,ANDALUCIA,06:39 a. m.,6000,6750,04/06/2025
VH,1,390,LA UNION,06:42 a. m.,6800,7200,04/06/2025
ML,1,135,LA UNION,06:43 a. m.,8000,10250,04/06/2025
ML,1,35,CARTAGO,06:59 a. m.,2000,4000,04/06/2025
ML,1,20,CARTAGO,07:01 a. m.,1000,5000,04/06/2025
HL,1,20,CARTAGO,06:59 a. m.,4000,8000,04/06/2025
HL,1,145,BUGALAGRANDE,07:04 a. m.,8000,8000,04/06/2025
HL,1,195,BUGALAGRANDE,07:06 a. m.,7600,8600,04/06/2025
HL,1,175,BUGALAGRANDE,07:08 a. m.,7000,8000,04/06/2025
HL,1,140,BUGALAGRANDE,07:12 a. m.,3000,6250,04/06/2025
HL,1,140,BUGALAGRANDE,07:13 a. m.,8500,9500,04/06/2025
HL,6,212,BUGALAGRANDE,07:14 a. m.,8000,8450,04/06/2025
HL,7,234,BUGALAGRANDE,07:20 a. m.,7600,8300,04/06/2025
HV,5,250,BUGALAGRANDE,07:20 a. m.,7200,8100,04/06/2025
HV,1,295,BUGALAGRANDE,07:23 a. m.,6000,7750,04/06/2025
HV,1,250,BUGALAGRANDE,07:25 a. m.,6000,6200,04/06/2025
HL,8,190,BUGALAGRANDE,07:26 a. m.,8200,8400,04/06/2025
HL,6,201,BUGALAGRANDE,07:28 a. m.,7800,8150,04/06/2025
HL,1,120,BUGALAGRANDE,07:28 a. m.,8000,9000,04/06/2025
HL,4,191,BUGALAGRANDE,07:31 a. m.,7600,7800,04/06/2025
VH,1,495,OBANDO,07:31 a. m.,7500,10500,04/06/2025
VH,1,515,OBANDO,07:33 a. m.,6600,6800,04/06/2025
VH,1,530,OBANDO,07:34 a. m.,5800,6200,04/06/2025
VI,1,510,VERSALLES,07:34 a. m.,4800,5600,04/06/2025
ML,1,95,VERSALLES,07:36 a. m.,8000,9500,04/06/2025
MC,1,300,VERSALLES,07:36 a. m.,8000,8000,04/06/2025
VH,7,291,CAUCASIA,07:37 a. m.,7000,7600,04/06/2025
HL,1,225,CAUCASIA,07:41 a. m.,7600,8400,04/06/2025
VH,1,340,CAUCASIA,07:42 a. m.,5000,6000,04/06/2025
VH,1,370,CAUCASIA,07:42 a. m.,6400,7300,04/06/2025
VH,1,275,CAUCASIA,07:44 a. m.,6000,6800,04/06/2025
ML,1,230,CAUCASIA,07:44 a. m.,3000,5000,04/06/2025
HL,4,124,CAUCASIA,07:45 a. m.,9000,9600,04/06/2025
ML,7,116,CAUCASIA,07:48 a. m.,10000,12400,04/06/2025
HL,2,92,CAUCASIA,07:49 a. m.,9000,11500,04/06/2025
ML,4,159,CAUCASIA,07:50 a. m.,9600,11200,04/06/2025
ML,2,152,CAUCASIA,07:50 a. m.,10000,11000,04/06/2025
ML,2,122,CAUCASIA,07:53 a. m.,9500,11500,04/06/2025
HL,1,135,MONTERIA,07:58 a. m.,8500,8750,04/06/2025
HL,1,180,MONTERIA,08:01 a. m.,8000,8250,04/06/2025
HL,1,165,MONTERIA,07:59 a. m.,5000,7500,04/06/2025
ML,10,160,MONTERIA,08:02 a. m.,9000,10200,04/06/2025
ML,5,139,MONTERIA,08:07 a. m.,9000,9200,04/06/2025
MC,1,280,SAN PEDRO,08:09 a. m.,7000,7650,04/06/2025
HL,1,215,SAN PEDRO,08:12 a. m.,7000,7200,04/06/2025
HV,8,270,SAN PEDRO,08:13 a. m.,7800,8100,04/06/2025
ML,2,120,CAUCASIA,08:13 a. m.,8000,9750,04/06/2025
ML,1,210,CAUCASIA,08:23 a. m.,8500,9750,04/06/2025
ML,1,115,CAUCASIA,08:26 a. m.,10000,12000,04/06/2025
ML,1,130,CAUCASIA,08:25 a. m.,10000,11500,04/06/2025
HL,1,85,CAUCASIA,08:27 a. m.,9000,14000,04/06/2025
HL,1,100,CAUCASIA,08:30 a. m.,9000,11500,04/06/2025
HL,1,110,CAUCASIA,08:30 a. m.,10000,13000,04/06/2025
HL,1,120,CAUCASIA,08:24 a. m.,8500,10500,04/06/2025
HL,1,120,CAUCASIA,08:33 a. m.,9000,11500,04/06/2025
ML,1,80,CAUCASIA,08:37 a. m.,9000,17000,04/06/2025
HL,1,120,CAUCASIA,08:32 a. m.,9000,10500,04/06/2025
ML,1,55,CAUCASIA,08:39 a. m.,6000,12000,04/06/2025
ML,1,135,CAUCASIA,08:40 a. m.,9500,11000,04/06/2025
ML,1,75,CAUCASIA,08:41 a. m.,6000,11000,04/06/2025
HL,1,150,CAUCASIA,08:35 a. m.,8500,9000,04/06/2025
HL,1,100,CAUCASIA,08:35 a. m.,9000,12500,04/06/2025
ML,1,130,CAUCASIA,08:38 a. m.,9500,11000,04/06/2025
ML,1,125,CAUCASIA,08:40 a. m.,9000,10500,04/06/2025
HL,7,244,ZARZAL,08:42 a. m.,7200,7750,04/06/2025
VH,1,360,ZARZAL,08:44 a. m.,6600,7350,04/06/2025
VP,1,390,ZARZAL,08:45 a. m.,5000,7250,04/06/2025
ML,1,120,ZARZAL,08:51 a. m.,9000,11000,04/06/2025
ML,1,50,ZARZAL,08:51 a. m.,6000,6000,04/06/2025
HL,1,105,COROZAL,08:54 a. m.,8500,8500,04/06/2025
HL,1,140,COROZAL,08:53 a. m.,8000,8750,04/06/2025
HL,1,70,COROZAL,08:55 a. m.,9000,12000,04/06/2025
VH,1,390,ZARZAL,08:57 a. m.,6400,7500,04/06/2025
HV,1,395,ZARZAL,08:57 a. m.,6800,7000,04/06/2025
VH,1,425,ZARZAL,08:58 a. m.,6600,7000,04/06/2025
VH,1,410,ZARZAL,08:59 a. m.,6000,7000,04/06/2025
VH,1,530,ZARZAL,08:59 a. m.,6800,7000,04/06/2025
VI,1,485,ZARZAL,09:00 a. m.,5600,5600,04/06/2025
VH,1,455,ZARZAL,09:01 a. m.,5000,6800,04/06/2025
HL,1,245,ZARZAL,09:02 a. m.,7400,8100,04/06/2025
VH,1,540,VERSALLES,09:02 a. m.,7400,10600,04/06/2025
VH,1,475,VERSALLES,09:05 a. m.,7800,8300,04/06/2025
ML,1,165,VERSALLES,09:07 a. m.,4000,8000,04/06/2025
HL,1,160,VERSALLES,09:06 a. m.,8500,8500,04/06/2025
HV,1,340,ZARZAL,09:08 a. m.,7400,8000,04/06/2025
HV,1,320,ZARZAL,09:11 a. m.,7800,8000,04/06/2025
VH,4,440,LA UNION,09:13 a. m.,7400,8050,04/06/2025
TO,1,580,LA UNION,09:14 a. m.,7400,7600,04/06/2025
VH,1,430,LA UNION,09:15 a. m.,6000,7000,04/06/2025
VH,4,490,LA UNION,09:11 a. m.,7600,7850,04/06/2025
ML,2,242,LA UNION,09:17 a. m.,8400,9000,04/06/2025
HV,1,320,GUACARI,09:18 a. m.,7000,7400,04/06/2025
HV,2,268,GUACARI,09:20 a. m.,8000,8200,04/06/2025
ML,1,205,GUACARI,09:22 a. m.,5000,7000,04/06/2025
ML,1,230,GUACARI,09:22 a. m.,5500,7000,04/06/2025
ML,1,170,GUACARI,09:25 a. m.,5000,9250,04/06/2025
ML,1,140,GUACARI,09:23 a. m.,9000,9750,04/06/2025
ML,3,203,GUACARI,09:26 a. m.,10000,10500,04/06/2025
ML,6,220,GUACARI,09:29 a. m.,10000,10400,04/06/2025
ML,4,195,GUACARI,09:29 a. m.,10000,10500,04/06/2025
VH,1,285,SEVILLA,09:30 a. m.,6000,7600,04/06/2025
HV,1,265,COROZAL,09:33 a. m.,6000,8000,04/06/2025
HL,5,215,COROZAL,09:39 a. m.,7000,7300,04/06/2025
HV,6,264,COROZAL,09:40 a. m.,8000,8450,04/06/2025
HL,1,235,COROZAL,09:40 a. m.,5500,7000,04/06/2025
HV,2,290,COROZAL,09:39 a. m.,7200,7650,04/06/2025
HV,1,430,MONTENEGRO,09:44 a. m.,7800,8000,04/06/2025
MC,1,280,MONTENEGRO,09:44 a. m.,7400,8000,04/06/2025
HL,1,225,MONTENEGRO,09:45 a. m.,7800,8000,04/06/2025
HV,2,285,MONTENEGRO,09:45 a. m.,8000,8200,04/06/2025
MC,1,285,MONTENEGRO,09:45 a. m.,3000,4500,04/06/2025
MC,1,260,MONTENEGRO,09:47 a. m.,5500,10000,04/06/2025
TR,1,355,MONTENEGRO,09:48 a. m.,4000,6000,04/06/2025
MC,1,295,MONTENEGRO,09:50 a. m.,5800,6600,04/06/2025
TR,1,300,MONTENEGRO,09:51 a. m.,4000,5500,04/06/2025
MC,1,330,MONTENEGRO,09:53 a. m.,5000,7000,04/06/2025
MC,2,280,MONTENEGRO,09:55 a. m.,7400,8400,04/06/2025
MC,2,270,MONTENEGRO,09:56 a. m.,4500,7000,04/06/2025
VH,1,465,MONTENEGRO,09:57 a. m.,7400,7700,04/06/2025
HV,1,285,MONTENEGRO,10:00 a. m.,8000,8400,04/06/2025
VH,1,360,MONTENEGRO,10:00 a. m.,6400,7400,04/06/2025
ML,2,132,RIOFRIO,10:01 a. m.,9000,10500,04/06/2025
ML,1,155,RIOFRIO,10:09 a. m.,9500,9500,04/06/2025
HV,1,350,RIOFRIO,10:09 a. m.,8000,8000,04/06/2025
BF,1,255,RIOFRIO,10:10 a. m.,7000,7400,04/06/2025
ML,1,170,RIOFRIO,10:10 a. m.,9500,10000,04/06/2025
ML,1,160,RIOFRIO,10:08 a. m.,8500,10250,04/06/2025
ML,1,190,RIOFRIO,10:10 a. m.,8500,8500,04/06/2025
ML,1,165,RIOFRIO,10:09 a. m.,9000,9500,04/06/2025
HV,2,322,SAN VICENTE,10:18 a. m.,7600,7900,04/06/2025
HL,2,242,SAN VICENTE,10:19 a. m.,6000,7500,04/06/2025
HV,1,250,SAN VICENTE,10:20 a. m.,4500,6000,04/06/2025
VH,1,340,SAN VICENTE,10:20 a. m.,4000,6000,04/06/2025
HV,1,340,SAN VICENTE,10:21 a. m.,6000,7250,04/06/2025
HV,1,315,SAN VICENTE,10:21 a. m.,7600,8000,04/06/2025
VH,1,365,SAN VICENTE,10:21 a. m.,6200,6600,04/06/2025
HV,1,265,SAN VICENTE,10:22 a. m.,8000,8600,04/06/2025
HV,1,275,SAN VICENTE,10:15 a. m.,6500,7750,04/06/2025
VH,1,200,SAN VICENTE,10:20 a. m.,5000,7500,04/06/2025
HV,1,290,SAN VICENTE,10:18 a. m.,6000,7500,04/06/2025
HV,1,250,SAN VICENTE,10:19 a. m.,8000,9000,04/06/2025
HV,2,280,SAN VICENTE,10:21 a. m.,8000,8600,04/06/2025
HL,2,172,SAN VICENTE,10:22 a. m.,8000,9000,04/06/2025
HL,4,195,SAN VICENTE,10:23 a. m.,7600,7800,04/06/2025
VH,3,415,BUGALAGRANDE,10:26 a. m.,6600,6700,04/06/2025
VI,1,370,ZARZAL,10:28 a. m.,2400,3800,04/06/2025
MC,1,275,LA VICTORIA,10:32 a. m.,4500,6500,04/06/2025
MC,1,285,LA VICTORIA,10:34 a. m.,7000,7800,04/06/2025
ML,1,215,LA VICTORIA,10:34 a. m.,7600,7600,04/06/2025
MC,2,440,LA VICTORIA,10:35 a. m.,6800,6800,04/06/2025
MC,2,400,LA VICTORIA,10:35 a. m.,7400,7400,04/06/2025
HL,2,240,PLANETA RICA,10:37 a. m.,7200,9400,04/06/2025
HL,5,230,PLANETA RICA,10:40 a. m.,7800,8200,04/06/2025
HV,1,470,ROLDANILLO,10:42 a. m.,8000,8300,04/06/2025
TR,1,410,ROLDANILLO,10:45 a. m.,7800,8200,04/06/2025
HL,1,65,ROLDANILLO,10:51 a. m.,8000,12000,04/06/2025
ML,1,165,ROLDANILLO,10:52 a. m.,7000,8500,04/06/2025
TR,1,365,ROLDANILLO,10:47 a. m.,8000,8200,04/06/2025
HV,1,285,ROLDANILLO,10:48 a. m.,7400,8000,04/06/2025
ML,1,220,ROLDANILLO,10:49 a. m.,6800,7600,04/06/2025
VP,1,340,ROLDANILLO,10:53 a. m.,8500,10000,04/06/2025
VP,1,600,ROLDANILLO,10:55 a. m.,8000,9500,04/06/2025
HV,2,320,ROLDANILLO,10:56 a. m.,7800,8200,04/06/2025
VH,1,335,ROLDANILLO,10:59 a. m.,6600,7600,04/06/2025
VH,1,400,ROLDANILLO,11:01 a. m.,6400,7600,04/06/2025
VH,1,355,ROLDANILLO,11:01 a. m.,5800,7000,04/06/2025
VH,1,395,ROLDANILLO,11:03 a. m.,6000,7600,04/06/2025
VI,1,440,SABANAZO,11:07 a. m.,4500,5500,04/06/2025
HL,1,110,SABANAZO,11:11 a. m.,7000,8250,04/06/2025
ML,1,180,SABANAZO,11:12 a. m.,5000,7000,04/06/2025
VI,1,325,SABANAZO,11:10 a. m.,3000,3800,04/06/2025
ML,1,130,SABANAZO,11:13 a. m.,4000,6000,04/06/2025
ML,1,140,SABANAZO,11:12 a. m.,4000,5500,04/06/2025
ML,1,245,ROLDANILLO,11:03 a. m.,9000,9000,04/06/2025
MC,1,270,ROLDANILLO,11:04 a. m.,5000,7500,04/06/2025
ML,1,170,ROLDANILLO,11:07 a. m.,10000,10500,04/06/2025
VH,1,270,TORO,11:17 a. m.,5500,6500,04/06/2025
HV,1,400,TORO,11:18 a. m.,6000,7000,04/06/2025
HL,6,205,LA VICTORIA,11:18 a. m.,7800,7950,04/06/2025
HL,1,210,LA VICTORIA,11:20 a. m.,7400,7800,04/06/2025
HL,1,175,LA VICTORIA,11:20 a. m.,7000,7600,04/06/2025
VH,1,320,LA VICTORIA,11:21 a. m.,6000,7600,04/06/2025
HV,1,335,LA VICTORIA,11:21 a. m.,5500,7000,04/06/2025
MC,1,250,LA VICTORIA,11:22 a. m.,5400,6600,04/06/2025
HL,1,200,LA VICTORIA,11:24 a. m.,3000,4500,04/06/2025
HL,1,200,LA VICTORIA,11:22 a. m.,8000,8400,04/06/2025
HL,8,176,PLATO,11:24 a. m.,8000,8300,04/06/2025
HL,5,142,PLATO,11:26 a. m.,8000,8300,04/06/2025
HV,2,252,LA UNION,11:28 a. m.,6000,6800,04/06/2025
HV,1,280,LA UNION,11:30 a. m.,7600,7800,04/06/2025
HL,1,160,PLATO,11:32 a. m.,6000,8000,04/06/2025
ML,1,145,PLATO,11:31 a. m.,8500,8500,04/06/2025
HV,1,415,TRUJILLO,11:32 a. m.,8400,8800,04/06/2025
VH,1,485,TRUJILLO,11:38 a. m.,7500,8000,04/06/2025
VH,1,380,TRUJILLO,11:39 a. m.,7800,8900,04/06/2025
TR,1,275,TRUJILLO,11:39 a. m.,7600,7800,04/06/2025
VH,1,270,TRUJILLO,11:39 a. m.,7000,7000,04/06/2025
ML,1,145,TRUJILLO,11:40 a. m.,8500,9500,04/06/2025
ML,1,185,TRUJILLO,11:40 a. m.,7400,7600,04/06/2025
ML,2,215,TRUJILLO,11:40 a. m.,6000,7800,04/06/2025
VH,1,465,YOTOCO,11:49 a. m.,5000,6500,04/06/2025
VH,1,475,YOTOCO,11:53 a. m.,7400,7800,04/06/2025
VH,1,425,YOTOCO,11:54 a. m.,6600,8200,04/06/2025
HV,1,495,YOTOCO,11:55 a. m.,7600,8600,04/06/2025
VH,1,490,YOTOCO,11:56 a. m.,6800,7800,04/06/2025
MC,1,275,YOTOCO,11:58 a. m.,8000,8400,04/06/2025
VI,1,365,YOTOCO,11:58 a. m.,4600,5400,04/06/2025
ML,1,35,YOTOCO,12:00 p. m.,5000,11000,04/06/2025
HL,1,220,YOTOCO,12:01 p. m.,7800,8600,04/06/2025
VI,1,500,YOTOCO,12:04 p. m.,5000,5400,04/06/2025
ML,1,155,YOTOCO,12:05 p. m.,8500,9750,04/06/2025
VI,1,480,EL DOVIO,12:07 p. m.,4000,4400,04/06/2025
VH,1,495,EL DOVIO,12:10 p. m.,6500,7500,04/06/2025
VI,1,445,EL DOVIO,12:11 p. m.,4400,4600,04/06/2025
VI,1,340,EL DOVIO,12:11 p. m.,4400,7000,04/06/2025
VH,2,452,COROZAL,12:12 p. m.,6000,6700,04/06/2025
VH,2,455,COROZAL,12:14 p. m.,7400,7800,04/06/2025
VH,1,435,COROZAL,12:20 p. m.,6000,6800,04/06/2025
MC,3,278,TRUJILLO,12:17 p. m.,7400,7900,04/06/2025
ML,1,140,TRUJILLO,12:18 p. m.,10000,10500,04/06/2025
HV,1,220,COROZAL,12:20 p. m.,7800,8400,04/06/2025
HL,1,105,TRUJILLO,12:22 p. m.,9000,11000,04/06/2025
ML,4,130,COROZAL,12:24 p. m.,10000,11000,04/06/2025
VH,1,515,TULUA,12:27 p. m.,7600,10600,04/06/2025
MC,1,260,TULUA,12:29 p. m.,5800,5800,04/06/2025
VH,1,605,TULUA,12:30 p. m.,4000,5000,04/06/2025
ML,1,140,TULUA,12:29 p. m.,2000,2500,04/06/2025
TR,2,302,SEVILLA,12:30 p. m.,8000,8200,04/06/2025
HV,1,260,SEVILLA,12:33 p. m.,7400,9200,04/06/2025
ML,1,65,SEVILLA,12:35 p. m.,6000,9000,04/06/2025
ML,1,225,SEVILLA,12:35 p. m.,4500,6000,04/06/2025
ML,2,115,SEVILLA,12:44 p. m.,8000,10000,04/06/2025
ML,2,215,SEVILLA,12:44 p. m.,4500,6000,04/06/2025
TR,2,508,ROLDANILLO,12:44 p. m.,8000,8000,04/06/2025
HV,4,309,TULUA,12:49 p. m.,7600,8050,04/06/2025
HV,3,362,TULUA,12:50 p. m.,7800,8000,04/06/2025
HV,4,280,TULUA,12:50 p. m.,7400,8050,04/06/2025
TO,1,465,ROLDANILLO,12:49 p. m.,7800,8200,04/06/2025
HV,2,292,TULUA,12:51 p. m.,7400,8000,04/06/2025
VH,1,430,VIJES,12:52 p. m.,7000,7500,04/06/2025
HV,1,410,VIJES,12:53 p. m.,6000,6800,04/06/2025
VH,1,370,VIJES,12:55 p. m.,7200,7200,04/06/2025
VH,1,420,VIJES,12:54 p. m.,4500,5500,04/06/2025
VH,1,465,VIJES,12:56 p. m.,7500,9500,04/06/2025
HV,1,355,VIJES,12:58 p. m.,7500,8750,04/06/2025
VI,1,365,VIJES,12:58 p. m.,4600,4600,04/06/2025
VP,1,370,VIJES,01:03 p. m.,5500,7000,04/06/2025
ML,1,35,VIJES,01:04 p. m.,5000,9000,04/06/2025
ML,1,50,VIJES,01:05 p. m.,2000,8000,04/06/2025
ML,1,40,VIJES,01:02 p. m.,5000,7000,04/06/2025
HL,1,25,VIJES,01:01 p. m.,6000,14000,04/06/2025
HL,6,206,MANIZALES,01:06 p. m.,7400,8050,04/06/2025
VI,1,430,MANIZALES,01:09 p. m.,3000,3600,04/06/2025
MC,1,265,MANIZALES,01:15 p. m.,5600,5600,04/06/2025
MC,1,265,MANIZALES,01:18 p. m.,6000,7500,04/06/2025
BF,1,165,MANIZALES,01:18 p. m.,7000,8000,04/06/2025
BF,1,225,MANIZALES,01:19 p. m.,7000,7400,04/06/2025
BF,1,180,MANIZALES,01:20 p. m.,7000,8000,04/06/2025
HV,3,245,MANIZALES,01:21 p. m.,7800,8250,04/06/2025
HL,10,205,MANIZALES,01:23 p. m.,8000,8450,04/06/2025
HL,1,240,MANIZALES,01:24 p. m.,6000,7000,04/06/2025
ML,8,58,SEVILLA,01:28 p. m.,6000,8250,04/06/2025
ML,2,110,SEVILLA,01:29 p. m.,6000,6500,04/06/2025
HL,3,95,SEVILLA,01:32 p. m.,9000,10000,04/06/2025
ML,3,117,SEVILLA,01:34 p. m.,3000,5500,04/06/2025
HL,1,220,BUGALAGRANDE,01:35 p. m.,5000,5500,04/06/2025
HL,1,90,BUGALAGRANDE,01:36 p. m.,9000,14000,04/06/2025
VP,1,320,BUGALAGRANDE,01:37 p. m.,7000,9500,04/06/2025
VH,1,405,BETANIA,01:38 p. m.,5000,6400,04/06/2025
VH,1,460,BETANIA,01:40 p. m.,7000,8000,04/06/2025
HV,1,285,BETANIA,01:41 p. m.,6000,7000,04/06/2025
MC,1,405,BETANIA,01:42 p. m.,7400,7600,04/06/2025
VH,1,460,BETANIA,01:43 p. m.,7800,7800,04/06/2025
VH,1,350,BETANIA,01:44 p. m.,4000,5700,04/06/2025
VH,1,380,BETANIA,01:45 p. m.,6400,7200,04/06/2025
ML,1,125,TORO,01:46 p. m.,9500,11000,04/06/2025
HL,1,110,TORO,01:47 p. m.,9000,9000,04/06/2025
VI,1,490,LA UNION,01:48 p. m.,4000,4800,04/06/2025
ML,9,142,CARTAGO,01:49 p. m.,10000,11250,04/06/2025
HL,5,127,CARTAGO,01:54 p. m.,9000,9500,04/06/2025
HL,4,129,CARTAGO,01:57 p. m.,9000,9200,04/06/2025
ML,9,97,CARTAGO,01:58 p. m.,9000,11500,04/06/2025
ML,6,118,CARTAGO,02:00 p. m.,10000,11000,04/06/2025
ML,1,210,CARTAGO,02:03 p. m.,8000,8600,04/06/2025
HV,4,262,SANTANDER DE QUILICHAO,02:03 p. m.,7400,7750,04/06/2025
HV,3,293,SANTANDER DE QUILICHAO,02:05 p. m.,8000,8300,04/06/2025
HV,3,295,SANTANDER DE QUILICHAO,02:06 p. m.,8000,8300,04/06/2025
HV,4,281,SANTANDER DE QUILICHAO,02:07 p. m.,7800,8100,04/06/2025
HL,1,135,SANTANDER DE QUILICHAO,02:08 p. m.,8000,10250,04/06/2025
HV,1,319,ZARZAL,11:04 a. m.,8400,8400,04/06/2025
TR,1,535,LA VICTORIA,06:22 a. m.,8200,8700,08/10/2025
HL,1,110,PLANETA RICA,06:32 a. m.,8000,9200,08/10/2025
HL,1,100,PLANETA RICA,06:30 a. m.,10000,12000,08/10/2025
ML,1,200,ANSERMANUEVO,06:35 a. m.,8600,8600,08/10/2025
HL,1,220,ANSERMANUEVO,06:36 a. m.,6600,7400,08/10/2025
ML,1,155,ANSERMANUEVO,06:39 a. m.,10600,10600,08/10/2025
HL,1,160,ANSERMANUEVO,06:37 a. m.,9400,9800,08/10/2025
MC,1,295,ANSERMANUEVO,06:38 a. m.,5200,7000,08/10/2025
ML,3,143,ANSERMANUEVO,06:40 a. m.,11000,11500,08/10/2025
VH,4,379,ZARZAL,06:41 a. m.,5800,6400,08/10/2025
VH,1,370,LA PRIMAVERA,06:44 a. m.,7400,7600,08/10/2025
VH,1,355,LA PRIMAVERA,06:51 a. m.,7400,7600,08/10/2025
VH,1,325,LA PRIMAVERA,06:51 a. m.,6800,7300,08/10/2025
HV,3,267,LA PRIMAVERA,07:02 a. m.,8000,8600,08/10/2025
ML,1,40,LA PRIMAVERA,07:01 a. m.,12000,12600,08/10/2025
HL,1,40,LA PRIMAVERA,06:59 a. m.,8000,10400,08/10/2025
VH,1,465,LA PRIMAVERA,07:04 a. m.,6000,8200,08/10/2025
HV,1,280,LA PRIMAVERA,07:10 a. m.,7000,7000,08/10/2025
VH,6,383,LA UNION,07:11 a. m.,7900,8050,08/10/2025
VH,1,410,LA PRIMAVERA,07:06 a. m.,5000,5600,08/10/2025
VH,4,409,LA UNION,07:12 a. m.,7200,7400,08/10/2025
ML,3,108,LA UNION,07:14 a. m.,12000,13600,08/10/2025
HL,3,108,LA UNION,07:16 a. m.,9000,11800,08/10/2025
MC,2,330,BOLIVAR,07:20 a. m.,6800,7600,08/10/2025
HV,1,310,BOLIVAR,07:21 a. m.,7000,8000,08/10/2025
MC,1,245,BOLIVAR,07:24 a. m.,7400,7400,08/10/2025
ML,4,224,BOLIVAR,07:24 a. m.,7000,7600,08/10/2025
ML,1,220,BOLIVAR,07:23 a. m.,8800,9000,08/10/2025
ML,5,188,BOLIVAR,07:27 a. m.,7000,8300,08/10/2025
ML,1,205,BOLIVAR,07:28 a. m.,6000,8000,08/10/2025
HL,1,235,BOLIVAR,07:30 a. m.,6400,7400,08/10/2025
HL,1,85,BOLIVAR,07:33 a. m.,8000,9600,08/10/2025
ML,1,120,BOLIVAR,07:31 a. m.,9000,10000,08/10/2025
HL,1,120,BOLIVAR,07:34 a. m.,8000,8400,08/10/2025
MC,1,270,BOLIVAR,07:37 a. m.,7800,8400,08/10/2025
ML,1,170,BOLIVAR,07:35 a. m.,7000,8800,08/10/2025
HL,1,95,BOLIVAR,07:38 a. m.,8000,9800,08/10/2025
ML,1,100,BOLIVAR,07:43 a. m.,10600,11000,08/10/2025
VH,1,310,BOLIVAR,07:39 a. m.,6600,8100,08/10/2025
ML,1,165,BOLIVAR,07:40 a. m.,9000,9800,08/10/2025
VH,1,350,BOLIVAR,07:45 a. m.,6000,6600,08/10/2025
ML,1,210,BOLIVAR,07:46 a. m.,8000,8600,08/10/2025
VH,1,295,BOLIVAR,07:49 a. m.,5800,7800,08/10/2025
HL,1,150,BOLIVAR,07:50 a. m.,7800,7800,08/10/2025
HV,1,355,CARTAGO,07:50 a. m.,7200,7800,08/10/2025
VH,1,525,CARTAGO,07:52 a. m.,6400,8200,08/10/2025
VP,1,410,CARTAGO,07:53 a. m.,7000,7600,08/10/2025
ML,3,202,CARTAGO,07:55 a. m.,8600,8600,08/10/2025
ML,1,40,CARTAGO,08:06 a. m.,12000,14800,08/10/2025
HL,1,35,CARTAGO,08:05 a. m.,14000,17600,08/10/2025
ML,2,182,CARTAGO,08:08 a. m.,8000,8400,08/10/2025
HV,1,390,ROLDANILLO,08:12 a. m.,8200,9300,08/10/2025
HL,2,150,CAUCASIA,08:16 a. m.,8200,9000,08/10/2025
ML,5,144,PLANETA RICA,08:18 a. m.,10000,10400,08/10/2025
ML,1,95,CAUCASIA,08:28 a. m.,12000,13200,08/10/2025
HL,1,120,CAUCASIA,08:22 a. m.,9000,9000,08/10/2025
HL,1,140,CAUCASIA,08:21 a. m.,9000,9600,08/10/2025
ML,1,105,CAUCASIA,08:21 a. m.,10000,10000,08/10/2025
HL,1,160,CAUCASIA,08:20 a. m.,8000,9000,08/10/2025
ML,1,95,CAUCASIA,08:26 a. m.,8000,8800,08/10/2025
HL,1,85,CAUCASIA,08:23 a. m.,10000,12000,08/10/2025
ML,3,142,PLANETA RICA,08:30 a. m.,10200,10400,08/10/2025
HL,1,185,LA UNION,08:48 a. m.,8600,9200,08/10/2025
HL,1,165,LA UNION,08:43 a. m.,8800,10200,08/10/2025
HL,1,230,LA UNION,08:48 a. m.,8600,11200,08/10/2025
MC,1,305,LA UNION,08:46 a. m.,8000,8600,08/10/2025
ML,1,80,PLANETA RICA,08:31 a. m.,11000,11800,08/10/2025
HL,1,120,PLANETA RICA,08:32 a. m.,8000,9000,08/10/2025
ML,1,120,PLANETA RICA,08:32 a. m.,11000,11200,08/10/2025
HL,1,80,PLANETA RICA,08:34 a. m.,10000,11000,08/10/2025
ML,1,100,PLANETA RICA,08:33 a. m.,11000,12800,08/10/2025
ML,1,175,PLANETA RICA,08:35 a. m.,8000,8200,08/10/2025
HV,1,230,LA UNION,08:36 a. m.,6000,8400,08/10/2025
HL,1,145,PLANETA RICA,08:35 a. m.,6000,6800,08/10/2025
HL,1,195,LA UNION,08:39 a. m.,6000,7600,08/10/2025
ML,1,65,PLANETA RICA,08:40 a. m.,10000,11400,08/10/2025
HV,1,330,TULUA,08:55 a. m.,8000,8800,08/10/2025
VH,1,395,TULUA,08:55 a. m.,8000,9600,08/10/2025
HV,1,415,ZARZAL,08:49 a. m.,7600,7600,08/10/2025
VH,1,460,ZARZAL,08:51 a. m.,7400,11200,08/10/2025
HV,1,355,ZARZAL,08:51 a. m.,7000,8200,08/10/2025
MC,1,305,ZARZAL,08:52 a. m.,8400,8800,08/10/2025
ML,4,160,MONTERIA,09:05 a. m.,9000,9200,08/10/2025
ML,7,115,MONTERIA,09:05 a. m.,9400,10300,08/10/2025
ML,1,125,MONTERIA,09:04 a. m.,6000,7800,08/10/2025
ML,1,215,MONTERIA,09:11 a. m.,5800,6800,08/10/2025
HL,1,145,MONTERIA,09:14 a. m.,7000,10000,08/10/2025
HL,1,125,MONTERIA,09:11 a. m.,9000,10000,08/10/2025
HL,1,70,MONTERIA,09:09 a. m.,10000,10400,08/10/2025
HL,1,100,MONTERIA,09:15 a. m.,11000,11000,08/10/2025
HL,1,125,MONTERIA,09:14 a. m.,8000,9400,08/10/2025
ML,2,138,MONTERIA,09:15 a. m.,6000,7400,08/10/2025
MC,1,320,EL DOVIO,09:18 a. m.,7800,8700,08/10/2025
ML,6,232,EL DOVIO,09:20 a. m.,7000,8350,08/10/2025
ML,7,214,EL DOVIO,09:21 a. m.,8400,8800,08/10/2025
ML,6,212,EL DOVIO,09:24 a. m.,8000,8800,08/10/2025
MC,7,261,RIOFRIO,09:28 a. m.,9000,9200,08/10/2025
MC,4,264,RIOFRIO,09:33 a. m.,8600,9100,08/10/2025
TR,4,298,RIOFRIO,09:35 a. m.,7000,8050,08/10/2025
HL,4,196,TORO,09:40 a. m.,8400,9200,08/10/2025
ML,1,115,RIOFRIO,09:37 a. m.,11000,11400,08/10/2025
VH,1,470,SAN VICENTE,09:43 a. m.,6400,6800,08/10/2025
VI,1,315,SAN VICENTE,09:45 a. m.,3000,4600,08/10/2025
VH,1,360,SAN VICENTE,09:46 a. m.,5000,5200,08/10/2025
VI,1,270,SAN VICENTE,09:46 a. m.,3000,3400,08/10/2025
HL,1,165,LA UNION,09:42 a. m.,9000,9400,08/10/2025
VH,1,405,SAN VICENTE,09:49 a. m.,8200,9300,08/10/2025
HV,1,305,SAN VICENTE,09:48 a. m.,8000,8800,08/10/2025
HV,5,227,SAN VICENTE,09:49 a. m.,7800,8400,08/10/2025
VH,3,273,SAN VICENTE,09:51 a. m.,6400,6800,08/10/2025
ML,4,186,TORO,09:55 a. m.,8600,9200,08/10/2025
ML,2,158,TORO,09:57 a. m.,8400,9400,08/10/2025
VH,5,339,SAN VICENTE,09:54 a. m.,6600,7300,08/10/2025
ML,1,155,TORO,10:04 a. m.,10800,11200,08/10/2025
HL,1,170,TORO,10:00 a. m.,9000,9000,08/10/2025
ML,1,250,TORO,10:01 a. m.,8000,8200,08/10/2025
ML,1,165,TORO,10:00 a. m.,6000,7000,08/10/2025
ML,1,100,TORO,10:02 a. m.,9000,10600,08/10/2025
ML,1,150,TORO,10:04 a. m.,9800,9800,08/10/2025
ML,7,145,TORO,10:10 a. m.,10000,10600,08/10/2025
HL,3,188,GUACARI,10:10 a. m.,8600,9500,08/10/2025
ML,2,140,TORO,10:13 a. m.,10000,10700,08/10/2025
VI,2,262,TORO,10:15 a. m.,4000,4800,08/10/2025
HL,1,200,GUACARI,10:17 a. m.,8000,8600,08/10/2025
ML,1,110,GUACARI,10:18 a. m.,11000,11800,08/10/2025
HL,1,140,GUACARI,10:18 a. m.,10000,9600,08/10/2025
ML,9,231,SEVILLA,10:21 a. m.,9600,9900,08/10/2025
ML,2,168,SEVILLA,10:23 a. m.,8800,9700,08/10/2025
MC,1,260,VERSALLES,10:24 a. m.,8000,8600,08/10/2025
VH,1,305,VERSALLES,10:26 a. m.,7400,7800,08/10/2025
VH,1,315,VERSALLES,10:27 a. m.,6800,7800,08/10/2025
HV,1,205,VERSALLES,10:28 a. m.,5800,6400,08/10/2025
ML,1,195,VERSALLES,10:29 a. m.,5800,6000,08/10/2025
ML,1,125,VERSALLES,10:31 a. m.,8000,9800,08/10/2025
ML,1,100,VERSALLES,10:31 a. m.,9000,9000,08/10/2025
HL,4,190,SEVILLA,10:36 a. m.,8200,9000,08/10/2025
HL,1,150,SEVILLA,10:37 a. m.,8000,8600,08/10/2025
HV,5,209,SEVILLA,10:41 a. m.,8200,8600,08/10/2025
HL,4,194,SEVILLA,10:44 a. m.,7000,8000,08/10/2025
HL,1,160,SEVILLA,10:44 a. m.,8000,8400,08/10/2025
VH,1,265,BUGALAGRANDE,10:45 a. m.,7600,8600,08/10/2025
VH,1,300,BUGALAGRANDE,10:48 a. m.,7000,7600,08/10/2025
VH,1,455,BUGALAGRANDE,10:48 a. m.,5400,6100,08/10/2025
VH,1,370,BUGALAGRANDE,10:50 a. m.,7200,7900,08/10/2025
VH,1,370,BUGALAGRANDE,10:52 a. m.,7000,8100,08/10/2025
VH,1,385,BUGALAGRANDE,10:54 a. m.,7400,8100,08/10/2025
ML,1,190,BUGALAGRANDE,10:54 a. m.,5400,6200,08/10/2025
VH,1,435,BUGALAGRANDE,10:55 a. m.,4800,6400,08/10/2025
VH,1,445,BUGALAGRANDE,10:56 a. m.,6800,7400,08/10/2025
VH,1,360,BUGALAGRANDE,10:56 a. m.,6000,9200,08/10/2025
ML,1,140,BUGALAGRANDE,10:57 a. m.,11000,11600,08/10/2025
HL,1,115,BUGALAGRANDE,11:06 a. m.,9000,10000,08/10/2025
TO,1,725,BOLIVAR,11:11 a. m.,7000,8200,08/10/2025
HV,1,370,BOLIVAR,11:16 a. m.,7400,9300,08/10/2025
TR,1,365,EL DOVIO,11:19 a. m.,8600,9200,08/10/2025
TR,1,350,EL DOVIO,11:22 a. m.,8400,8400,08/10/2025
TR,1,310,EL DOVIO,11:23 a. m.,7800,8000,08/10/2025
TR,1,380,EL DOVIO,11:24 a. m.,8400,9000,08/10/2025
HV,1,365,LA UNION,11:25 a. m.,7800,8400,08/10/2025
HV,1,335,LA UNION,11:26 a. m.,6600,8800,08/10/2025
VH,1,400,LA UNION,11:27 a. m.,6000,7200,08/10/2025
HV,1,235,CARTAGO,11:33 a. m.,7000,7600,08/10/2025
HV,1,255,OBANDO,11:36 a. m.,5800,9000,08/10/2025
HV,1,225,OBANDO,11:35 a. m.,7600,8200,08/10/2025
HV,1,255,OBANDO,11:37 a. m.,6800,7700,08/10/2025
VH,1,410,OBANDO,11:37 a. m.,8000,9200,08/10/2025
ML,1,230,OBANDO,11:38 a. m.,6800,7800,08/10/2025
HV,2,322,RIOFRIO,11:38 a. m.,7400,8200,08/10/2025
HV,1,285,ROLDANILLO,11:47 a. m.,8400,8400,08/10/2025
VH,1,295,ROLDANILLO,11:45 a. m.,7600,7700,08/10/2025
ML,4,134,RIOFRIO,11:43 a. m.,10600,11300,08/10/2025
HV,4,282,LA UNION,11:50 a. m.,8400,8550,08/10/2025
HV,2,252,LA UNION,11:52 a. m.,7800,8100,08/10/2025
HV,2,272,LA UNION,11:53 a. m.,8200,8600,08/10/2025
TR,1,295,LA UNION,11:54 a. m.,8800,9000,08/10/2025
HV,6,352,EL DOVIO,11:55 a. m.,7400,8250,08/10/2025
VH,4,401,EL DOVIO,11:57 a. m.,7800,9000,08/10/2025
VH,2,360,EL DOVIO,11:58 a. m.,7600,8300,08/10/2025
HV,2,338,EL DOVIO,12:02 p. m.,8400,9050,08/10/2025
HV,3,352,EL DOVIO,12:00 p. m.,8350,8350,08/10/2025
MC,1,255,PEREIRA,12:02 p. m.,6000,6600,08/10/2025
HV,1,280,PEREIRA,12:07 p. m.,7000,8200,08/10/2025
TR,1,255,PEREIRA,12:12 p. m.,7600,7800,08/10/2025
HV,1,250,PEREIRA,12:14 p. m.,7000,7600,08/10/2025
VH,1,275,PEREIRA,12:16 p. m.,6800,7600,08/10/2025
VH,2,310,PEREIRA,12:16 p. m.,5000,5900,08/10/2025
VH,2,305,PEREIRA,12:17 p. m.,7200,7600,08/10/2025
VH,1,370,PEREIRA,12:18 p. m.,7600,7600,08/10/2025
HV,1,215,PEREIRA,12:22 p. m.,9000,10100,08/10/2025
ML,1,170,PEREIRA,12:24 p. m.,6000,6400,08/10/2025
HL,1,185,PEREIRA,12:23 p. m.,9000,10800,08/10/2025
HV,4,229,FILANDIA,12:35 p. m.,8600,9600,08/10/2025
HL,2,238,FILANDIA,12:38 p. m.,7800,8300,08/10/2025
VH,4,338,SEVILLA,12:41 p. m.,6600,6600,08/10/2025
VH,2,398,SEVILLA,12:44 p. m.,8050,8050,08/10/2025
VH,1,335,SEVILLA,12:45 p. m.,5600,6200,08/10/2025
HV,1,295,SEVILLA,12:46 p. m.,7000,7000,08/10/2025
ML,1,230,SEVILLA,12:49 p. m.,7600,7600,08/10/2025
HL,1,215,SEVILLA,12:47 p. m.,8000,8000,08/10/2025
VI,1,430,TULUA,12:53 p. m.,3000,4800,08/10/2025
ML,3,162,SEVILLA,12:52 p. m.,7600,8000,08/10/2025
HL,3,225,TRUJILLO,12:56 p. m.,8200,8700,08/10/2025
HV,1,345,TRUJILLO,12:57 p. m.,6400,7600,08/10/2025
HV,1,315,TRUJILLO,12:58 p. m.,7400,7600,08/10/2025
VH,1,265,TRUJILLO,12:59 p. m.,7000,7200,08/10/2025
HV,3,282,TRUJILLO,01:01 p. m.,7400,8800,08/10/2025
HV,1,250,TRUJILLO,01:03 p. m.,4800,5800,08/10/2025
HL,2,195,TRUJILLO,01:04 p. m.,4000,5400,08/10/2025
HV,5,249,TRUJILLO,01:06 p. m.,6400,7600,08/10/2025
HL,6,203,TRUJILLO,01:07 p. m.,6800,7400,08/10/2025
VH,1,285,TRUJILLO,01:11 p. m.,7400,7600,08/10/2025
HV,1,320,TRUJILLO,01:12 p. m.,7600,8000,08/10/2025
HV,1,250,TRUJILLO,01:13 p. m.,6000,6600,08/10/2025
HL,5,239,TRUJILLO,01:14 p. m.,6000,6900,08/10/2025
ML,2,198,ZARZAL,01:15 p. m.,8800,9900,08/10/2025
HV,1,250,ZARZAL,01:17 p. m.,7000,7600,08/10/2025
HL,5,124,ZARZAL,01:18 p. m.,8000,8900,08/10/2025
HL,5,105,ZARZAL,01:20 p. m.,7000,9100,08/10/2025
HL,5,121,ZARZAL,01:21 p. m.,8800,9400,08/10/2025
ML,8,106,ZARZAL,01:26 p. m.,10000,11200,08/10/2025
ML,2,200,CARTAGO,01:30 p. m.,7000,7400,08/10/2025
VH,4,268,CALI,01:31 p. m.,7000,8000,08/10/2025
VH,5,295,CALI,01:35 p. m.,7600,8000,08/10/2025
VH,5,373,CALI,01:36 p. m.,6000,6000,08/10/2025
VI,1,440,ALCALA,01:41 p. m.,4000,5400,08/10/2025
HV,1,360,SEVILLA,01:42 p. m.,8400,9300,08/10/2025
MC,1,270,CAICEDONIA,01:48 p. m.,7000,7800,08/10/2025
VH,1,370,CAICEDONIA,01:52 p. m.,7600,10200,08/10/2025
HL,1,200,CAICEDONIA,01:52 p. m.,8000,10800,08/10/2025
HV,4,285,SEVILLA,01:53 p. m.,7800,8200,08/10/2025
ML,4,111,SEVILLA,01:55 p. m.,10800,10800,08/10/2025
MC,3,327,CARTAGO,01:57 p. m.,8000,8100,08/10/2025
TR,1,315,CARTAGO,02:07 p. m.,8800,8800,08/10/2025
MC,1,355,CARTAGO,02:07 p. m.,8000,9000,08/10/2025
HV,4,262,SEVILLA,02:00 p. m.,7800,7800,08/10/2025
HV,1,335,CARTAGO,02:04 p. m.,8200,8400,08/10/2025
HL,1,205,SEVILLA,02:02 p. m.,8000,8400,08/10/2025
HL,1,225,SEVILLA,02:01 p. m.,7800,8000,08/10/2025
HL,4,219,CARTAGO,02:04 p. m.,8800,9200,08/10/2025
ML,6,108,CARTAGO,02:09 p. m.,9000,10500,08/10/2025
ML,6,115,CARTAGO,02:11 p. m.,10000,11800,08/10/2025
ML,7,94,CARTAGO,02:14 p. m.,10000,10000,08/10/2025
VH,1,395,CARTAGO,02:16 p. m.,7600,7600,08/10/2025
ML,2,200,RIOFRIO,02:20 p. m.,7800,8800,08/10/2025
HL,2,120,RIOFRIO,02:20 p. m.,9200,10000,08/10/2025
HL,2,180,RIOFRIO,02:22 p. m.,8200,9100,08/10/2025
MC,1,325,RIOFRIO,02:23 p. m.,7800,8800,08/10/2025
MC,1,370,RIOFRIO,02:24 p. m.,7400,8000,08/10/2025
MC,1,290,RIOFRIO,02:25 p. m.,8800,8800,08/10/2025
VH,1,300,RIOFRIO,02:26 p. m.,7000,7300,08/10/2025
HL,4,266,CARTAGO,02:27 p. m.,6400,7800,08/10/2025
HV,4,279,CARTAGO,02:28 p. m.,8200,8400,08/10/2025
HV,8,289,ZARZAL,06:13 a. m.,7000,7950,29/10/2025
HL,4,149,CAQUETA,06:40 a. m.,9000,9800,29/10/2025
HL,4,160,CAQUETA,06:42 a. m.,8600,9100,29/10/2025
HL,1,150,CAQUETA,06:50 a. m.,8400,9350,29/10/2025
HL,1,155,CAQUETA,06:49 a. m.,7000,8000,29/10/2025
HV,5,276,CAQUETA,06:47 a. m.,7400,8200,29/10/2025
VP,1,400,CAQUETA,06:51 a. m.,7800,8400,29/10/2025
VP,1,330,ZARZAL,07:01 a. m.,7600,8300,29/10/2025
HV,1,260,CAQUETA,06:53 a. m.,8400,8400,29/10/2025
VH,1,305,ZARZAL,07:03 a. m.,7000,7800,29/10/2025
VH,1,425,ZARZAL,07:05 a. m.,7800,8900,29/10/2025
HL,5,120,CAQUETA,06:57 a. m.,8800,9200,29/10/2025
HL,5,114,CAQUETA,06:59 a. m.,9000,10800,29/10/2025
ML,1,135,ZARZAL,07:07 a. m.,10000,10400,29/10/2025
HL,1,155,ACACIAS,07:08 a. m.,8800,9000,29/10/2025
HL,1,145,ACACIAS,07:11 a. m.,9000,11000,29/10/2025
HL,8,142,ACACIAS,07:13 a. m.,9000,9600,29/10/2025
HL,3,142,ACACIAS,07:15 a. m.,8600,9000,29/10/2025
HL,9,115,ACACIAS,07:18 a. m.,9400,13100,29/10/2025
ML,2,108,MONTERIA,07:25 a. m.,9800,10800,29/10/2025
ML,2,130,MONTERIA,07:27 a. m.,6000,8400,29/10/2025
ML,1,160,MONTERIA,07:31 a. m.,11000,12800,29/10/2025
ML,1,100,MONTERIA,07:34 a. m.,12000,13000,29/10/2025
ML,1,70,MONTERIA,07:35 a. m.,12000,15600,29/10/2025
ML,1,135,MONTERIA,07:34 a. m.,11000,11200,29/10/2025
ML,1,95,MONTERIA,07:34 a. m.,12000,15200,29/10/2025
HL,1,145,MONTERIA,07:36 a. m.,10000,10800,29/10/2025
HL,1,145,MONTERIA,07:36 a. m.,10000,11800,29/10/2025
HL,1,105,MONTERIA,07:38 a. m.,9000,10600,29/10/2025
ML,1,145,MONTERIA,07:40 a. m.,10000,11000,29/10/2025
ML,1,110,MONTERIA,07:38 a. m.,12000,12200,29/10/2025
ML,1,100,MONTERIA,07:43 a. m.,11000,12000,29/10/2025
ML,1,100,MONTERIA,07:42 a. m.,8000,10400,29/10/2025
TO,5,414,LA VICTORIA,07:43 a. m.,9400,9700,29/10/2025
TR,5,431,LA VICTORIA,07:45 a. m.,9200,9200,29/10/2025
HV,1,425,TULUA,07:47 a. m.,8400,8900,29/10/2025
VH,1,370,TULUA,07:49 a. m.,7200,7800,29/10/2025
HV,1,365,TULUA,07:50 a. m.,7400,7500,29/10/2025
HV,1,425,TULUA,07:51 a. m.,7600,8700,29/10/2025
HV,1,395,TULUA,07:52 a. m.,8400,8900,29/10/2025
VH,1,575,TULUA,07:52 a. m.,8400,9600,29/10/2025
HL,1,185,TULUA,07:57 a. m.,4000,4000,29/10/2025
TR,1,430,TULUA,07:53 a. m.,7000,7600,29/10/2025
ML,1,125,TULUA,07:57 a. m.,5000,5000,29/10/2025
HL,1,85,TULUA,07:56 a. m.,9200,11400,29/10/2025
HL,5,173,SEVILLA,07:58 a. m.,8000,8800,29/10/2025
HL,1,165,SEVILLA,08:04 a. m.,8800,9200,29/10/2025
HL,1,155,SEVILLA,08:05 a. m.,9000,9600,29/10/2025
HL,1,175,SEVILLA,08:03 a. m.,9000,11400,29/10/2025
HL,1,135,SEVILLA,08:08 a. m.,10000,10400,29/10/2025
HL,1,85,ZARZAL,08:05 a. m.,12000,14000,29/10/2025
MC,1,270,ZARZAL,08:10 a. m.,9400,9400,29/10/2025
HL,8,139,OBANDO,08:11 a. m.,9000,9600,29/10/2025
HL,9,160,OBANDO,08:14 a. m.,8800,9600,29/10/2025
ML,1,185,OBANDO,08:17 a. m.,9000,9000,29/10/2025
HL,1,150,OBANDO,08:15 a. m.,5000,6400,29/10/2025
HL,2,122,OBANDO,08:17 a. m.,9000,9600,29/10/2025
HL,6,134,OBANDO,08:19 a. m.,9400,10200,29/10/2025
HL,2,152,OBANDO,08:20 a. m.,8400,9300,29/10/2025
TO,1,745,SEVILLA,08:27 a. m.,8000,8600,29/10/2025
VI,1,415,ALCALA,08:31 a. m.,5000,5000,29/10/2025
ML,1,235,EL AGUILA,08:33 a. m.,8800,9400,29/10/2025
ML,1,110,EL AGUILA,08:34 a. m.,8400,9700,29/10/2025
ML,1,120,EL AGUILA,08:35 a. m.,4000,5200,29/10/2025
ML,1,155,EL AGUILA,08:34 a. m.,9400,10600,29/10/2025
VH,3,282,SEVILLA,08:30 a. m.,7000,7600,29/10/2025
VH,1,355,LA UNION,08:35 a. m.,7400,7400,29/10/2025
VH,1,320,LA UNION,08:36 a. m.,7400,7600,29/10/2025
VH,1,395,LA UNION,08:37 a. m.,7400,7400,29/10/2025
VH,1,485,TORO,08:37 a. m.,6400,6800,29/10/2025
HL,5,153,CAUCASIA,08:39 a. m.,8600,9100,29/10/2025
HL,1,155,CAUCASIA,08:43 a. m.,6000,6800,29/10/2025
ML,1,195,CAUCASIA,08:41 a. m.,4000,6000,29/10/2025
ML,1,195,CAUCASIA,08:45 a. m.,9000,9200,29/10/2025
ML,1,125,CAUCASIA,08:43 a. m.,9400,9600,29/10/2025
ML,1,50,CAUCASIA,08:44 a. m.,9000,9200,29/10/2025
HL,5,111,CAUCASIA,08:46 a. m.,9800,10200,29/10/2025
ML,6,98,CAUCASIA,08:46 a. m.,10800,11000,29/10/2025
HL,1,100,CAUCASIA,08:47 a. m.,12000,13600,29/10/2025
ML,6,138,CAUCASIA,08:49 a. m.,9400,10100,29/10/2025
ML,10,120,CAUCASIA,08:51 a. m.,10400,10800,29/10/2025
HL,4,141,CAUCASIA,08:52 a. m.,9000,9650,29/10/2025
HL,6,88,CAUCASIA,08:57 a. m.,10000,10700,29/10/2025
ML,3,127,CAUCASIA,08:58 a. m.,8000,9400,29/10/2025
VH,1,410,OBANDO,09:00 a. m.,7400,8400,29/10/2025
VH,1,370,OBANDO,09:03 a. m.,5400,5900,29/10/2025
ML,1,130,OBANDO,09:04 a. m.,5000,6000,29/10/2025
VH,5,305,OBANDO,09:04 a. m.,7000,7000,29/10/2025
HL,6,236,TEBAIDA,09:07 a. m.,8600,9600,29/10/2025
ML,3,185,TEBAIDA,09:09 a. m.,9400,9650,29/10/2025
HV,1,250,TEBAIDA,09:10 a. m.,7600,8200,29/10/2025
HL,1,175,SAN VICENTE,09:13 a. m.,8400,8800,29/10/2025
HV,4,210,SAN VICENTE,09:16 a. m.,8400,9200,29/10/2025
ML,2,142,ZARZAL,09:32 a. m.,10800,10800,29/10/2025
HV,1,155,ZARZAL,09:20 a. m.,800,800,29/10/2025
HL,1,175,ZARZAL,09:28 a. m.,6000,8200,29/10/2025
HL,6,214,TRUJILLO,09:31 a. m.,8400,8600,29/10/2025
HL,4,176,SAN VICENTE,09:40 a. m.,8600,8800,29/10/2025
HL,3,173,TRUJILLO,09:42 a. m.,8000,8800,29/10/2025
HL,1,175,TRUJILLO,09:37 a. m.,4800,5400,29/10/2025
HL,1,220,TRUJILLO,09:37 a. m.,7000,7600,29/10/2025
HV,7,224,TRUJILLO,09:44 a. m.,8000,8100,29/10/2025
VH,1,340,TULUA,09:50 a. m.,6000,6400,29/10/2025
VH,1,365,TULUA,09:47 a. m.,6800,7900,29/10/2025
HL,1,150,TULUA,09:49 a. m.,9000,10000,29/10/2025
VH,1,345,CAICEDONIA,09:51 a. m.,7000,7800,29/10/2025
MC,1,255,CAICEDONIA,09:54 a. m.,7000,7800,29/10/2025
ML,1,110,CAICEDONIA,09:59 a. m.,10400,10400,29/10/2025
ML,1,115,CAICEDONIA,09:54 a. m.,10000,10400,29/10/2025
HL,1,140,CAICEDONIA,09:57 a. m.,9000,10400,29/10/2025
ML,1,125,CAICEDONIA,09:58 a. m.,11000,11600,29/10/2025
MC,1,280,ROLDANILLO,10:02 a. m.,8400,8600,29/10/2025
HL,1,230,ROLDANILLO,10:02 a. m.,6800,7400,29/10/2025
ML,1,205,CAICEDONIA,10:03 a. m.,8000,8800,29/10/2025
HL,1,170,ROLDANILLO,09:59 a. m.,8000,8800,29/10/2025
MC,1,230,CAICEDONIA,10:08 a. m.,8000,8600,29/10/2025
TR,1,625,CAICEDONIA,10:09 a. m.,9000,10800,29/10/2025
VH,1,335,CAICEDONIA,10:09 a. m.,7800,8000,29/10/2025
HV,1,365,CAICEDONIA,10:10 a. m.,7000,9700,29/10/2025
ML,1,145,CAICEDONIA,10:12 a. m.,9400,10800,29/10/2025
VI,1,320,CAICEDONIA,10:13 a. m.,4800,5800,29/10/2025
VH,1,365,CAICEDONIA,10:11 a. m.,8000,9200,29/10/2025
VP,1,355,CAICEDONIA,10:15 a. m.,6000,7200,29/10/2025
VP,1,315,CAICEDONIA,10:15 a. m.,7600,7800,29/10/2025
VP,1,310,CAICEDONIA,10:16 a. m.,6800,11000,29/10/2025
VH,1,440,CAICEDONIA,10:18 a. m.,7800,9800,29/10/2025
VP,1,350,CAICEDONIA,10:19 a. m.,6000,6600,29/10/2025
VP,1,395,CAICEDONIA,10:21 a. m.,8000,8500,29/10/2025
VH,1,350,CAICEDONIA,10:23 a. m.,7200,8500,29/10/2025
VH,1,390,CAICEDONIA,10:27 a. m.,7600,10400,29/10/2025
VH,1,260,CAICEDONIA,10:25 a. m.,7000,8200,29/10/2025
ML,1,25,CAICEDONIA,10:30 a. m.,2000,3000,29/10/2025
ML,1,30,CAICEDONIA,10:27 a. m.,8000,9400,29/10/2025
ML,1,35,CAICEDONIA,10:29 a. m.,10000,11200,29/10/2025
ML,1,245,TULUA,10:34 a. m.,8600,9200,29/10/2025
HV,1,315,TULUA,10:31 a. m.,7800,7800,29/10/2025
HL,1,195,TULUA,10:33 a. m.,8600,8800,29/10/2025
HV,1,260,SAN VICENTE,10:36 a. m.,6000,7500,29/10/2025
HV,8,254,SAN VICENTE,10:35 a. m.,7600,8250,29/10/2025
HV,5,258,SAN VICENTE,10:41 a. m.,7400,8050,29/10/2025
ML,1,30,LA UNION,10:46 a. m.,6000,6000,29/10/2025
HL,1,35,LA UNION,10:42 a. m.,10000,12000,29/10/2025
ML,1,25,LA UNION,10:48 a. m.,1000,1400,29/10/2025
ML,1,50,LA UNION,10:48 a. m.,10000,10400,29/10/2025
ML,1,30,LA UNION,10:49 a. m.,2000,2000,29/10/2025
VH,1,480,ZARZAL,10:50 a. m.,7400,8400,29/10/2025
ML,1,70,CARTAGO,10:56 a. m.,11000,11600,29/10/2025
ML,1,80,CARTAGO,10:52 a. m.,4000,4600,29/10/2025
TR,2,332,TULUA,10:59 a. m.,7800,8600,29/10/2025
MC,1,280,TULUA,11:01 a. m.,6000,7800,29/10/2025
ML,2,85,CARTAGO,11:03 a. m.,10000,10400,29/10/2025
HL,10,134,LA VICTORIA,11:04 a. m.,9000,9550,29/10/2025
HL,11,134,LA VICTORIA,11:08 a. m.,9000,9450,29/10/2025
HL,3,197,TULUA,11:10 a. m.,7000,8600,29/10/2025
HL,5,224,TULUA,11:12 a. m.,7600,7700,29/10/2025
HV,6,250,TULUA,11:15 a. m.,7400,8100,29/10/2025
HV,5,246,TULUA,11:16 a. m.,8000,8400,29/10/2025
HV,1,230,TULUA,11:23 a. m.,6000,6800,29/10/2025
MC,9,209,SAN PEDRO,11:25 a. m.,10000,10600,29/10/2025
MC,6,265,SAN PEDRO,11:30 a. m.,7400,7750,29/10/2025
VH,1,290,SAN PEDRO,11:31 a. m.,6400,7400,29/10/2025
ML,4,176,SAN PEDRO,11:33 a. m.,7000,8050,29/10/2025
VH,1,360,ZARZAL,11:36 a. m.,7000,7400,29/10/2025
ML,1,110,ZARZAL,11:41 a. m.,10000,10000,29/10/2025
ML,1,145,ZARZAL,11:40 a. m.,9800,10400,29/10/2025
ML,1,100,ZARZAL,11:43 a. m.,9000,10200,29/10/2025
HL,1,135,ZARZAL,11:43 a. m.,9000,9600,29/10/2025
ML,3,60,CARTAGO,11:45 a. m.,12000,12000,29/10/2025
HL,2,70,CARTAGO,11:51 a. m.,7000,9600,29/10/2025
VH,6,358,CARTAGO,11:56 a. m.,6000,6500,29/10/2025
HL,2,90,CARTAGO,11:54 a. m.,10000,14000,29/10/2025
VI,1,255,YOTOCO,11:58 a. m.,3000,4600,29/10/2025
HL,1,140,CARTAGO,12:00 p. m.,9000,9400,29/10/2025
HL,2,48,CARTAGO,12:09 p. m.,10000,11000,29/10/2025
HL,3,102,CARTAGO,12:13 p. m.,9000,9200,29/10/2025
HV,4,336,ZARZAL,12:14 p. m.,8600,9100,29/10/2025
ML,1,150,CARTAGO,12:18 p. m.,11000,11200,29/10/2025
HL,1,95,CARTAGO,12:19 p. m.,5000,5000,29/10/2025
ML,2,178,TRUJILLO,12:20 p. m.,8600,9400,29/10/2025
HL,1,155,EL DOVIO,12:24 p. m.,7000,7400,29/10/2025
HV,1,310,EL DOVIO,12:24 p. m.,7600,7600,29/10/2025
VI,1,305,EL DOVIO,12:27 p. m.,3000,3800,29/10/2025
HL,1,125,EL DOVIO,12:26 p. m.,9000,9600,29/10/2025
VI,1,420,EL DOVIO,12:28 p. m.,4000,4400,29/10/2025
ML,1,105,EL DOVIO,12:28 p. m.,11000,11000,29/10/2025
ML,5,107,TRUJILLO,12:29 p. m.,8400,8400,29/10/2025
HL,1,70,YOTOCO,12:34 p. m.,12000,12400,29/10/2025
HL,1,130,YOTOCO,12:31 p. m.,10000,10600,29/10/2025
ML,1,65,YOTOCO,12:35 p. m.,11000,11600,29/10/2025
HL,1,110,YOTOCO,12:37 p. m.,9000,11200,29/10/2025
HL,1,120,YOTOCO,12:38 p. m.,9000,10000,29/10/2025
ML,1,105,YOTOCO,12:37 p. m.,7000,7800,29/10/2025
VH,4,309,YOTOCO,12:38 p. m.,5800,6200,29/10/2025
ML,5,128,YOTOCO,12:42 p. m.,10000,10500,29/10/2025
VP,1,520,YOTOCO,12:43 p. m.,7800,9300,29/10/2025
MC,1,285,BUGALAGRANDE,12:48 p. m.,8400,8700,29/10/2025
MC,1,335,BUGALAGRANDE,12:47 p. m.,7600,8000,29/10/2025
MC,1,295,BUGALAGRANDE,12:46 p. m.,7800,8600,29/10/2025
MC,1,350,BUGALAGRANDE,12:49 p. m.,7800,8400,29/10/2025
HV,1,260,BUGALAGRANDE,12:50 p. m.,7800,8200,29/10/2025
MC,1,370,BUGALAGRANDE,12:51 p. m.,7800,8500,29/10/2025
MC,1,310,BUGALAGRANDE,12:52 p. m.,5000,6200,29/10/2025
HV,1,395,BUGALAGRANDE,12:53 p. m.,8000,9000,29/10/2025
ML,1,90,BUGALAGRANDE,12:55 p. m.,10400,11000,29/10/2025
ML,1,60,BUGALAGRANDE,12:56 p. m.,10000,10000,29/10/2025
HV,4,276,LA VICTORIA,12:57 p. m.,7000,7400,29/10/2025
HV,3,265,LA VICTORIA,01:01 p. m.,7400,7600,29/10/2025
HV,6,277,LA VICTORIA,01:01 p. m.,7400,7600,29/10/2025
HV,3,202,LA VICTORIA,01:02 p. m.,7600,8000,29/10/2025
HL,1,55,LA VICTORIA,01:04 p. m.,11000,11600,29/10/2025
ML,5,177,ARMENIA,01:09 p. m.,7800,8400,29/10/2025
HL,3,240,SAN VICENTE,01:13 p. m.,6800,7750,29/10/2025
HV,5,253,ARMENIA,01:10 p. m.,7600,8300,29/10/2025
ML,5,215,SAN VICENTE,01:16 p. m.,8600,9200,29/10/2025
HL,5,169,ARMENIA,01:17 p. m.,8000,8200,29/10/2025
HL,11,99,SAN VICENTE,01:30 p. m.,9000,9300,29/10/2025
ML,4,215,SAN VICENTE,01:19 p. m.,8000,8650,29/10/2025
ML,1,170,SAN VICENTE,01:23 p. m.,7000,8000,29/10/2025
ML,1,165,SAN VICENTE,01:25 p. m.,9800,10400,29/10/2025
VH,1,370,SAN VICENTE,01:26 p. m.,6400,7400,29/10/2025
ML,1,105,SAN VICENTE,01:26 p. m.,10000,10000,29/10/2025
HV,1,250,SAN VICENTE,01:36 p. m.,7000,7000,29/10/2025
HL,1,130,SAN VICENTE,01:37 p. m.,8000,8600,29/10/2025
VI,1,410,SEVILLA,01:40 p. m.,5000,5000,29/10/2025
HL,1,185,SAN VICENTE,01:32 p. m.,7600,7600,29/10/2025
HL,7,149,SAN VICENTE,01:43 p. m.,8000,8600,29/10/2025
HL,5,167,SAN VICENTE,01:44 p. m.,7800,8400,29/10/2025
HL,4,169,SAN VICENTE,01:46 p. m.,7000,7600,29/10/2025
ML,3,53,PEREIRA,01:51 p. m.,9000,10200,29/10/2025
HL,3,67,PEREIRA,01:54 p. m.,10000,11400,29/10/2025
ML,1,125,PEREIRA,01:57 p. m.,8000,9800,29/10/2025
ML,1,130,PEREIRA,01:58 p. m.,5800,6400,29/10/2025
HL,1,155,PEREIRA,02:08 p. m.,8800,9800,29/10/2025
HL,1,75,PEREIRA,01:59 p. m.,8000,9200,29/10/2025
HL,1,60,PEREIRA,02:04 p. m.,10000,10200,29/10/2025
HV,1,250,PEREIRA,02:09 p. m.,6000,6800,29/10/2025
MC,1,265,PEREIRA,02:12 p. m.,6800,7600,29/10/2025
BF,1,175,PEREIRA,02:11 p. m.,7000,7800,29/10/2025
ML,1,65,PEREIRA,02:06 p. m.,11000,12200,29/10/2025
ML,1,95,PEREIRA,02:05 p. m.,7000,7200,29/10/2025
ML,1,35,PEREIRA,02:10 p. m.,5000,5200,29/10/2025
HL,3,150,PEREIRA,02:13 p. m.,8800,10100,29/10/2025
VH,1,395,CAICEDONIA,02:13 p. m.,7200,8200,29/10/2025
VH,1,340,CAICEDONIA,02:15 p. m.,7000,8400,29/10/2025
ML,1,90,CAICEDONIA,02:16 p. m.,11000,14200,29/10/2025
HL,1,170,CAICEDONIA,02:17 p. m.,8000,8800,29/10/2025
VP,1,330,BUGALAGRANDE,02:21 p. m.,7600,9000,29/10/2025
VI,1,450,BUGALAGRANDE,02:22 p. m.,5000,5400,29/10/2025
TO,1,425,BUGALAGRANDE,02:23 p. m.,5800,7600,29/10/2025
VH,1,365,VIJES,02:29 p. m.,6600,8000,29/10/2025
HV,1,245,VIJES,02:31 p. m.,7000,7400,29/10/2025
HL,1,130,VIJES,02:33 p. m.,7000,7200,29/10/2025
ML,1,50,VIJES,02:34 p. m.,6000,7200,29/10/2025
ML,1,40,VIJES,02:31 p. m.,7000,8400,29/10/2025
HL,1,35,VIJES,02:36 p. m.,10000,11800,29/10/2025
HL,3,102,FLORIDA,02:36 p. m.,9000,11300,29/10/2025
HL,6,205,FLORIDA,02:41 p. m.,8000,8450,29/10/2025
HL,1,180,FLORIDA,02:42 p. m.,7000,7800,29/10/2025
ML,1,145,FLORIDA,02:44 p. m.,9400,10200,29/10/2025
ML,1,120,FLORIDA,02:43 p. m.,6000,6200,29/10/2025
MC,5,301,CANDELARIA,02:47 p. m.,8000,8700,29/10/2025
ML,1,170,CANDELARIA,02:45 p. m.,7400,8500,29/10/2025
ML,3,225,CANDELARIA,02:44 p. m.,8400,8750,29/10/2025
ML,7,198,CALI,02:50 p. m.,8000,8500,29/10/2025
TR,3,308,CALI,02:53 p. m.,7800,8200,29/10/2025
ML,6,213,CALI,02:53 p. m.,8800,9300,29/10/2025
HL,5,205,CALI,02:54 p. m.,6400,6400,29/10/2025
HL,8,242,CALI,02:56 p. m.,7000,7200,29/10/2025
VH,2,375,CAICEDONIA,02:59 p. m.,6600,7200,29/10/2025
VH,2,352,CAICEDONIA,03:01 p. m.,6600,7200,29/10/2025
VH,2,365,CAICEDONIA,03:02 p. m.,6000,6900,29/10/2025
ML,1,155,CALI,03:03 p. m.,4000,4600,29/10/2025
MC,2,283,ALCALA,03:39 p. m.,7500,7500,29/10/2025
TO,7,512,ALCALA,03:41 p. m.,9100,9100,29/10/2025
TO,3,480,ALCALA,03:41 p. m.,9100,9100,29/10/2025
MC,2,332,ALCALA,03:42 p. m.,8900,8900,29/10/2025
HL,1,225,ZARZAL,06:08 a. m.,4000,6500,17/09/2025
ML,1,170,ZARZAL,06:11 a. m.,6000,9000,17/09/2025
ML,1,165,LA VICTORIA,06:20 a. m.,9000,9500,17/09/2025
HL,1,135,LA VICTORIA,06:21 a. m.,8000,9500,17/09/2025
HL,1,150,LA VICTORIA,06:24 a. m.,7500,8500,17/09/2025
HL,1,130,LA VICTORIA,06:25 a. m.,6000,15500,17/09/2025
HL,1,80,LA VICTORIA,06:26 a. m.,9000,10500,17/09/2025
HL,1,125,LA VICTORIA,06:27 a. m.,8000,9000,17/09/2025
HL,2,128,LA VICTORIA,06:30 a. m.,9000,9500,17/09/2025
HL,1,150,OBANDO,06:49 a. m.,4500,5000,17/09/2025
HL,1,95,OBANDO,06:47 a. m.,2000,7000,17/09/2025
HL,1,175,OBANDO,06:48 a. m.,4000,5250,17/09/2025
HL,2,102,OBANDO,06:50 a. m.,7000,10000,17/09/2025
ML,2,42,OBANDO,06:51 a. m.,6000,12000,17/09/2025
ML,1,60,OBANDO,06:54 a. m.,8000,12000,17/09/2025
HL,1,55,OBANDO,06:52 a. m.,8000,11000,17/09/2025
ML,1,80,OBANDO,06:55 a. m.,6000,10000,17/09/2025
VH,6,352,ZARZAL,06:58 a. m.,7000,8550,17/09/2025
ML,3,92,OBANDO,06:58 a. m.,8000,11250,17/09/2025
VH,2,272,OBANDO,07:01 a. m.,6000,7000,17/09/2025
VH,4,305,OBANDO,07:02 a. m.,7000,8000,17/09/2025
VH,5,330,OBANDO,07:06 a. m.,7000,8200,17/09/2025
VH,1,450,OBANDO,07:06 a. m.,4500,6250,17/09/2025
HV,10,264,OBANDO,07:18 a. m.,8400,8400,17/09/2025
HL,6,202,OBANDO,07:22 a. m.,8600,8600,17/09/2025
HL,5,158,OBANDO,07:25 a. m.,8600,8700,17/09/2025
HL,7,220,OBANDO,07:27 a. m.,8400,8800,17/09/2025
HL,4,195,OBANDO,07:30 a. m.,8250,8900,17/09/2025
HV,1,320,OBANDO,07:34 a. m.,8000,8250,17/09/2025
HL,1,150,OBANDO,07:36 a. m.,5500,5750,17/09/2025
HL,1,185,OBANDO,07:34 a. m.,8000,8500,17/09/2025
HL,1,25,ZARZAL,07:58 a. m.,4000,17000,17/09/2025
HL,6,172,OBANDO,07:32 a. m.,8000,8350,17/09/2025
HV,4,251,OBANDO,07:37 a. m.,8200,8500,17/09/2025
HL,1,130,OBANDO,07:43 a. m.,12000,13000,17/09/2025
ML,1,125,OBANDO,07:46 a. m.,11000,12750,17/09/2025
HL,1,85,OBANDO,07:44 a. m.,7000,10000,17/09/2025
HL,1,55,OBANDO,07:44 a. m.,1000,3000,17/09/2025
HL,1,115,OBANDO,07:49 a. m.,9000,12250,17/09/2025
ML,1,90,OBANDO,07:38 a. m.,10000,15500,17/09/2025
ML,1,90,OBANDO,07:45 a. m.,12000,14000,17/09/2025
HL,1,80,OBANDO,07:48 a. m.,9000,10000,17/09/2025
VH,1,415,ZARZAL,07:52 a. m.,7250,7900,17/09/2025
ML,1,230,ZARZAL,07:50 a. m.,7500,9000,17/09/2025
VH,1,345,ZARZAL,07:53 a. m.,7500,8500,17/09/2025
HV,1,355,ZARZAL,07:54 a. m.,7250,7750,17/09/2025
VH,1,390,ZARZAL,07:54 a. m.,7250,7250,17/09/2025
VH,1,445,ZARZAL,07:55 a. m.,6000,7250,17/09/2025
ML,2,132,ROLDANILLO,07:59 a. m.,7000,7500,17/09/2025
HL,2,105,ROLDANILLO,07:59 a. m.,9000,10500,17/09/2025
HL,1,135,ROLDANILLO,08:02 a. m.,12000,12000,17/09/2025
ML,1,110,ROLDANILLO,08:01 a. m.,11000,18000,17/09/2025
HL,2,205,ROLDANILLO,08:02 a. m.,8000,8750,17/09/2025
HL,4,129,ROLDANILLO,08:05 a. m.,7500,9000,17/09/2025
VH,6,367,TULUA,08:06 a. m.,7400,8000,17/09/2025
HL,1,80,TULUA,08:09 a. m.,9000,12000,17/09/2025
ML,1,110,TULUA,08:13 a. m.,10000,13750,17/09/2025
HL,1,130,TULUA,08:12 a. m.,9000,9750,17/09/2025
ML,1,130,CAUCASIA,08:19 a. m.,9000,11000,17/09/2025
ML,1,135,CAUCASIA,08:16 a. m.,5000,9500,17/09/2025
ML,1,110,CAUCASIA,08:13 a. m.,10000,12250,17/09/2025
ML,1,110,CAUCASIA,08:16 a. m.,10000,11500,17/09/2025
ML,1,145,CAUCASIA,08:17 a. m.,6000,10000,17/09/2025
ML,1,100,CAUCASIA,08:18 a. m.,8000,10500,17/09/2025
ML,1,75,CAUCASIA,08:19 a. m.,8000,10500,17/09/2025
ML,2,128,CAUCASIA,08:20 a. m.,10500,11750,17/09/2025
HV,1,345,TORO,08:21 a. m.,2000,4250,17/09/2025
VH,1,440,TORO,08:22 a. m.,5000,5000,17/09/2025
VI,1,350,TORO,08:23 a. m.,5000,5000,17/09/2025
ML,1,230,LA UNION,08:24 a. m.,7500,7750,17/09/2025
HL,2,188,LA UNION,08:28 a. m.,8000,8000,17/09/2025
HV,1,235,LA UNION,08:27 a. m.,7500,7750,17/09/2025
HV,4,350,CAUCASIA,08:29 a. m.,7000,8450,17/09/2025
TR,1,260,CAUCASIA,08:32 a. m.,6750,7250,17/09/2025
ML,6,161,CAUCASIA,08:35 a. m.,10000,11000,17/09/2025
ML,1,115,CAUCASIA,08:34 a. m.,12000,14000,17/09/2025
ML,6,120,CAUCASIA,08:37 a. m.,10000,12000,17/09/2025
HL,6,143,CAUCASIA,08:37 a. m.,9000,9000,17/09/2025
ML,4,82,CAUCASIA,08:41 a. m.,9000,11750,17/09/2025
ML,3,158,CAUCASIA,08:45 a. m.,7000,10000,17/09/2025
ML,3,117,CAUCASIA,08:45 a. m.,9000,11000,17/09/2025
ML,1,200,CAUCASIA,08:46 a. m.,5000,8000,17/09/2025
HL,1,105,CAUCASIA,08:49 a. m.,6000,7500,17/09/2025
HL,1,140,CAUCASIA,08:51 a. m.,8500,9500,17/09/2025
HL,1,130,CAUCASIA,08:52 a. m.,9000,9000,17/09/2025
ML,1,155,CAUCASIA,08:49 a. m.,4500,8500,17/09/2025
HL,5,148,SEVILLA,08:55 a. m.,8000,8700,17/09/2025
HL,2,108,CAUCASIA,08:52 a. m.,9000,10250,17/09/2025
VH,1,375,SEVILLA,08:56 a. m.,6500,7000,17/09/2025
TO,1,545,SEVILLA,08:57 a. m.,8500,10000,17/09/2025
HL,1,120,SEVILLA,08:59 a. m.,8000,10000,17/09/2025
ML,1,150,VERSALLES,09:04 a. m.,10000,10500,17/09/2025
TR,1,280,VERSALLES,08:59 a. m.,3500,6500,17/09/2025
ML,1,175,VERSALLES,09:02 a. m.,9000,10000,17/09/2025
ML,1,160,VERSALLES,09:01 a. m.,8000,10000,17/09/2025
HV,1,215,VERSALLES,09:05 a. m.,6500,8750,17/09/2025
ML,1,240,LA ESMERALDA,09:06 a. m.,8000,8000,17/09/2025
HV,1,305,LA ESMERALDA,09:08 a. m.,7000,8250,17/09/2025
HL,1,230,LA ESMERALDA,09:08 a. m.,8000,8500,17/09/2025
HL,6,185,BOLIVAR,09:09 a. m.,8500,8500,17/09/2025
HL,4,184,BOLIVAR,09:12 a. m.,8500,9000,17/09/2025
HL,4,164,BOLIVAR,09:13 a. m.,8750,8750,17/09/2025
VP,1,395,OBANDO,09:14 a. m.,7500,8000,17/09/2025
VP,1,340,OBANDO,09:18 a. m.,7500,8500,17/09/2025
HV,1,320,SEVILLA,09:19 a. m.,7500,7500,17/09/2025
HV,1,285,SEVILLA,09:22 a. m.,6500,7250,17/09/2025
VP,1,420,ROLDANILLO,09:23 a. m.,7000,9000,17/09/2025
HV,3,298,SEVILLA,09:23 a. m.,6250,7500,17/09/2025
ML,2,170,LA VICTORIA,09:25 a. m.,4000,5500,17/09/2025
HL,1,240,LA VICTORIA,09:28 a. m.,6500,6500,17/09/2025
HV,1,325,LA VICTORIA,09:31 a. m.,6500,7500,17/09/2025
HL,1,245,LA VICTORIA,09:32 a. m.,4500,6000,17/09/2025
MC,1,350,LA VICTORIA,09:33 a. m.,6000,6900,17/09/2025
HV,1,335,LA VICTORIA,09:34 a. m.,7500,8300,17/09/2025
HV,1,235,LA VICTORIA,09:35 a. m.,7000,7500,17/09/2025
HV,1,235,LA VICTORIA,09:34 a. m.,7000,7250,17/09/2025
TR,1,445,YOTOCO,09:37 a. m.,6500,9250,17/09/2025
VH,1,295,YOTOCO,09:38 a. m.,6750,7750,17/09/2025
HV,2,245,YOTOCO,09:42 a. m.,7500,8000,17/09/2025
HV,4,239,YOTOCO,09:40 a. m.,7250,7750,17/09/2025
ML,4,201,YOTOCO,09:43 a. m.,7500,8250,17/09/2025
HV,2,345,COROZAL,09:52 a. m.,6500,8400,17/09/2025
HV,4,340,COROZAL,09:56 a. m.,8000,8600,17/09/2025
ML,1,235,OBANDO,09:57 a. m.,8000,8750,17/09/2025
VI,1,335,OBANDO,09:58 a. m.,4000,5000,17/09/2025
VH,1,405,OBANDO,10:00 a. m.,5000,6750,17/09/2025
ML,1,190,OBANDO,10:00 a. m.,8500,9250,17/09/2025
ML,2,245,LA VICTORIA,10:01 a. m.,8750,9500,17/09/2025
VH,1,375,TULUA,10:03 a. m.,6000,7500,17/09/2025
VH,1,455,TULUA,10:04 a. m.,7000,10500,17/09/2025
VH,1,325,TULUA,10:05 a. m.,5000,7250,17/09/2025
MC,1,350,TULUA,10:05 a. m.,7750,8750,17/09/2025
TR,1,425,TULUA,10:06 a. m.,8500,9500,17/09/2025
ML,1,250,TULUA,10:07 a. m.,8250,8400,17/09/2025
HV,1,370,TULUA,10:08 a. m.,6000,8250,17/09/2025
VH,1,430,TULUA,10:09 a. m.,5500,7750,17/09/2025
HV,1,405,TULUA,10:10 a. m.,8250,8900,17/09/2025
HV,1,380,TULUA,10:11 a. m.,6000,8500,17/09/2025
VH,1,465,TULUA,10:11 a. m.,4500,5000,17/09/2025
HV,1,330,TULUA,10:13 a. m.,6500,7000,17/09/2025
VH,1,380,TULUA,10:12 a. m.,4500,5000,17/09/2025
HV,1,365,TULUA,10:14 a. m.,7500,8750,17/09/2025
HV,1,275,SAN PEDRO,10:23 a. m.,7500,8000,17/09/2025
VH,1,520,SAN PEDRO,10:18 a. m.,6500,7000,17/09/2025
VP,1,425,SAN PEDRO,10:22 a. m.,7000,7750,17/09/2025
HV,1,305,SAN PEDRO,10:24 a. m.,7250,8000,17/09/2025
VI,1,365,BOLIVAR,10:29 a. m.,4000,5000,17/09/2025
VI,1,370,BOLIVAR,10:31 a. m.,2000,2000,17/09/2025
VH,1,585,BUGALAGRANDE,10:32 a. m.,4500,6250,17/09/2025
VH,1,465,BUGALAGRANDE,10:34 a. m.,7000,10000,17/09/2025
VH,1,360,BUGALAGRANDE,10:34 a. m.,7500,9000,17/09/2025
VH,1,490,BUGALAGRANDE,10:35 a. m.,7000,10000,17/09/2025
VH,1,390,BUGALAGRANDE,10:36 a. m.,6000,8000,17/09/2025
VH,1,605,BUGALAGRANDE,10:36 a. m.,5000,6500,17/09/2025
VH,1,470,BUGALAGRANDE,10:37 a. m.,7000,7500,17/09/2025
VH,1,450,BUGALAGRANDE,10:38 a. m.,5750,6000,17/09/2025
VH,1,530,BUGALAGRANDE,10:39 a. m.,5000,7500,17/09/2025
VH,1,495,BUGALAGRANDE,10:39 a. m.,4500,7000,17/09/2025
VH,1,365,TULUA,10:17 a. m.,6750,7500,17/09/2025
VH,2,340,ZARZAL,10:40 a. m.,6000,8000,17/09/2025
ML,1,155,ZARZAL,10:42 a. m.,9000,10500,17/09/2025
HL,1,170,ZARZAL,10:42 a. m.,4000,6000,17/09/2025
TR,1,290,SAN PEDRO,10:28 a. m.,8250,9250,17/09/2025
ML,4,179,SAN PEDRO,10:43 a. m.,8500,9800,17/09/2025
HV,5,247,SAN PEDRO,10:45 a. m.,6000,8750,17/09/2025
ML,3,157,SAN PEDRO,10:46 a. m.,10000,10600,17/09/2025
ML,1,195,SAN PEDRO,10:50 a. m.,4500,7500,17/09/2025
ML,1,225,SAN PEDRO,10:49 a. m.,4000,9000,17/09/2025
ML,1,130,SAN PEDRO,10:47 a. m.,5000,8750,17/09/2025
HV,5,255,SAN PEDRO,10:52 a. m.,8200,8400,17/09/2025
HL,3,208,SAN PEDRO,10:52 a. m.,7500,8250,17/09/2025
ML,6,120,LA UNION,10:56 a. m.,8500,10750,17/09/2025
HL,2,190,SAN PEDRO,10:53 a. m.,5500,7250,17/09/2025
HL,2,198,SAN PEDRO,10:54 a. m.,8000,8000,17/09/2025
HL,3,235,SAN PEDRO,10:55 a. m.,8000,8400,17/09/2025
HL,1,195,SAN PEDRO,10:56 a. m.,6500,6750,17/09/2025
ML,10,122,LA UNION,11:04 a. m.,9000,10750,17/09/2025
ML,2,112,LA UNION,11:08 a. m.,8500,10500,17/09/2025
ML,8,116,LA UNION,11:13 a. m.,9500,11400,17/09/2025
HL,5,168,LA UNION,11:17 a. m.,7000,7000,17/09/2025
ML,1,150,LA UNION,11:19 a. m.,7500,8750,17/09/2025
ML,1,115,LA UNION,11:18 a. m.,4000,5000,17/09/2025
ML,1,140,LA UNION,11:19 a. m.,8500,10000,17/09/2025
ML,1,40,LA UNION,11:24 a. m.,1000,3000,17/09/2025
ML,1,30,LA UNION,11:23 a. m.,1000,4000,17/09/2025
ML,1,20,LA UNION,11:22 a. m.,1000,3000,17/09/2025
ML,1,35,LA UNION,11:20 a. m.,1000,3000,17/09/2025
HL,4,136,LA UNION,11:25 a. m.,9000,9700,17/09/2025
HL,8,136,LA UNION,11:26 a. m.,8500,8900,17/09/2025
HL,4,108,LA UNION,11:28 a. m.,9000,10750,17/09/2025
HL,1,120,LA UNION,11:28 a. m.,7000,7500,17/09/2025
ML,1,180,CALI,11:31 a. m.,5500,7000,17/09/2025
VH,1,365,CALI,11:29 a. m.,6500,8900,17/09/2025
VI,1,395,CALI,11:32 a. m.,4000,4500,17/09/2025
HV,1,255,CALI,11:32 a. m.,6500,6900,17/09/2025
VP,1,450,CALI,11:33 a. m.,7500,8750,17/09/2025
HL,2,70,CALI,11:35 a. m.,9000,15000,17/09/2025
HL,3,147,CALI,11:36 a. m.,8000,9500,17/09/2025
MC,4,356,LA VICTORIA,11:40 a. m.,4500,7000,17/09/2025
HL,5,207,BOLIVAR,11:36 a. m.,5500,7100,17/09/2025
ML,2,250,LA VICTORIA,11:43 a. m.,6500,8500,17/09/2025
HV,1,320,BOLIVAR,11:38 a. m.,7750,8250,17/09/2025
ML,1,200,BOLIVAR,11:39 a. m.,9400,9600,17/09/2025
ML,1,45,ANDALUCIA,11:45 a. m.,4000,4000,17/09/2025
ML,1,80,ANDALUCIA,11:44 a. m.,9000,10500,17/09/2025
HL,1,210,SAN PEDRO,12:10 p. m.,7500,6000,17/09/2025
ML,3,95,ANDALUCIA,11:47 a. m.,10000,12000,17/09/2025
ML,3,68,ANDALUCIA,11:46 a. m.,9000,9000,17/09/2025
ML,1,60,CARTAGO,11:49 a. m.,10000,12000,17/09/2025
ML,1,30,CARTAGO,11:54 a. m.,2000,12000,17/09/2025
HL,1,215,SAN PEDRO,12:11 p. m.,4500,6000,17/09/2025
ML,1,35,CARTAGO,11:51 a. m.,2000,11000,17/09/2025
ML,1,35,CARTAGO,11:53 a. m.,6000,11000,17/09/2025
HL,1,110,CARTAGO,11:50 a. m.,8500,10000,17/09/2025
HL,2,108,CARTAGO,11:52 a. m.,6000,9000,17/09/2025
TR,4,319,YUMBO,11:55 a. m.,8400,8850,17/09/2025
HV,5,303,RESTREPO,12:01 p. m.,7600,8450,17/09/2025
HL,7,192,RESTREPO,12:03 p. m.,7750,8300,17/09/2025
HV,2,340,BOLIVAR,12:07 p. m.,7750,8700,17/09/2025
HV,4,332,BOLIVAR,12:04 p. m.,8000,8600,17/09/2025
VP,1,360,LA UNION,12:08 p. m.,6000,8000,17/09/2025
VH,1,365,LA UNION,12:14 p. m.,7500,9000,17/09/2025
HL,1,175,SAN PEDRO,12:13 p. m.,6500,8000,17/09/2025
VH,1,300,SAN PEDRO,12:15 p. m.,5000,7500,17/09/2025
HL,2,145,BOLIVAR,12:16 p. m.,8000,8750,17/09/2025
HL,2,188,BOLIVAR,12:19 p. m.,7000,7250,17/09/2025
HL,2,158,BOLIVAR,12:18 p. m.,8000,9100,17/09/2025
ML,1,125,ARMENIA,12:20 p. m.,1000,4000,17/09/2025
ML,1,170,ARMENIA,12:23 p. m.,1000,3000,17/09/2025
ML,1,215,ARMENIA,12:23 p. m.,6000,8000,17/09/2025
ML,1,165,ARMENIA,12:22 p. m.,6000,7750,17/09/2025
ML,4,144,BOLIVAR,12:25 p. m.,10500,12000,17/09/2025
HL,5,197,BOLIVAR,12:26 p. m.,8000,8500,17/09/2025
VI,2,258,EL DOVIO,12:26 p. m.,4000,5500,17/09/2025
HV,1,345,EL DOVIO,12:28 p. m.,6000,7500,17/09/2025
HL,1,220,EL DOVIO,12:29 p. m.,7000,8500,17/09/2025
HV,2,295,EL DOVIO,12:30 p. m.,7500,8250,17/09/2025
ML,4,121,EL DOVIO,12:30 p. m.,10000,12750,17/09/2025
HL,2,115,BOLIVAR,12:46 p. m.,9000,10500,17/09/2025
ML,1,150,BOLIVAR,12:48 p. m.,11000,11500,17/09/2025
ML,1,65,BOLIVAR,12:49 p. m.,9000,11500,17/09/2025
HL,1,120,BOLIVAR,12:48 p. m.,9500,12500,17/09/2025
HL,1,70,BOLIVAR,12:50 p. m.,9000,10500,17/09/2025
ML,1,145,LA UNION,12:36 p. m.,10000,11500,17/09/2025
ML,1,110,LA UNION,12:35 p. m.,11000,14250,17/09/2025
ML,1,110,LA UNION,12:39 p. m.,11000,14000,17/09/2025
HL,1,50,LA UNION,12:37 p. m.,8000,13000,17/09/2025
ML,1,95,LA UNION,12:32 p. m.,11000,14000,17/09/2025
VH,1,275,MARSELLA,12:57 p. m.,5000,6000,17/09/2025
VH,1,385,MARSELLA,12:58 p. m.,5000,6000,17/09/2025
VH,1,445,TORO,12:51 p. m.,5000,7500,17/09/2025
ML,1,100,TORO,12:52 p. m.,9000,10750,17/09/2025
HL,1,95,TORO,12:53 p. m.,9000,10500,17/09/2025
ML,1,45,TORO,12:53 p. m.,2000,7000,17/09/2025
ML,2,185,TEBAIDA,01:01 p. m.,7000,8750,17/09/2025
MC,1,270,TEBAIDA,01:02 p. m.,8500,9500,17/09/2025
ML,3,218,TEBAIDA,01:03 p. m.,6000,7000,17/09/2025
ML,5,224,TEBAIDA,01:04 p. m.,8800,10000,17/09/2025
ML,3,135,TEBAIDA,01:05 p. m.,8500,9750,17/09/2025
ML,6,152,TEBAIDA,01:08 p. m.,9500,10250,17/09/2025
ML,7,194,TEBAIDA,01:10 p. m.,8600,10000,17/09/2025
ML,4,162,TEBAIDA,01:16 p. m.,9000,10000,17/09/2025
ML,2,170,TEBAIDA,01:19 p. m.,5000,6250,17/09/2025
ML,1,230,TEBAIDA,01:17 p. m.,6000,7500,17/09/2025
ML,1,160,TEBAIDA,01:21 p. m.,6000,6750,17/09/2025
ML,1,150,TEBAIDA,01:21 p. m.,6000,7750,17/09/2025
TR,1,225,TEBAIDA,01:18 p. m.,5500,6500,17/09/2025
ML,1,115,TEBAIDA,01:22 p. m.,9000,10250,17/09/2025
HV,1,320,LA UNION,01:24 p. m.,7500,8250,17/09/2025
HL,1,185,LA UNION,01:25 p. m.,6000,7500,17/09/2025
TR,1,295,LA UNION,01:23 p. m.,8000,8000,17/09/2025
HL,4,202,ZARZAL,01:25 p. m.,7500,8250,17/09/2025
ML,1,125,TEBAIDA,01:33 p. m.,4000,6000,17/09/2025
ML,1,110,TEBAIDA,01:29 p. m.,6000,8000,17/09/2025
HL,1,240,TEBAIDA,01:28 p. m.,7500,7500,17/09/2025
ML,1,210,TEBAIDA,01:32 p. m.,5000,5750,17/09/2025
ML,1,80,TEBAIDA,01:33 p. m.,10000,13000,17/09/2025
ML,1,85,TEBAIDA,01:30 p. m.,4000,10000,17/09/2025
ML,1,145,TEBAIDA,01:34 p. m.,5000,7750,17/09/2025
ML,1,165,TEBAIDA,01:34 p. m.,4000,5500,17/09/2025
ML,9,224,CARTAGO,01:36 p. m.,8600,10000,17/09/2025
ML,6,158,CARTAGO,01:40 p. m.,8000,9400,17/09/2025
ML,2,198,CARTAGO,01:41 p. m.,6000,7000,17/09/2025
ML,1,225,CARTAGO,01:42 p. m.,6000,9000,17/09/2025
ML,1,275,CARTAGO,01:40 p. m.,4000,7500,17/09/2025
ML,1,160,CAICEDONIA,01:43 p. m.,4000,4000,17/09/2025
MC,1,390,CAICEDONIA,01:45 p. m.,7750,8000,17/09/2025
ML,1,160,CAICEDONIA,01:45 p. m.,5000,5000,17/09/2025
ML,1,170,CAICEDONIA,01:47 p. m.,5000,5500,17/09/2025
HV,1,355,RIOFRIO,01:47 p. m.,7000,8000,17/09/2025
HV,1,375,RIOFRIO,01:49 p. m.,8000,9200,17/09/2025
HV,1,270,RIOFRIO,01:49 p. m.,7500,7500,17/09/2025
HV,1,275,RIOFRIO,01:50 p. m.,8000,8250,17/09/2025
HV,5,259,RIOFRIO,01:51 p. m.,8000,8500,17/09/2025
TR,2,268,LA VICTORIA,02:00 p. m.,6000,8500,17/09/2025
HV,1,245,RIOFRIO,01:52 p. m.,7000,7000,17/09/2025
ML,1,120,RIOFRIO,01:54 p. m.,8500,11000,17/09/2025
ML,1,190,RIOFRIO,01:54 p. m.,8000,8500,17/09/2025
HL,1,170,RIOFRIO,01:59 p. m.,8000,8500,17/09/2025
ML,1,210,RIOFRIO,01:55 p. m.,7000,8000,17/09/2025
ML,1,195,YOTOCO,02:16 p. m.,9000,9000,17/09/2025
VI,1,345,SEVILLA,02:03 p. m.,4000,4500,17/09/2025
VI,1,380,SEVILLA,02:05 p. m.,4000,6000,17/09/2025
VH,1,430,SEVILLA,02:05 p. m.,6000,7500,17/09/2025
VI,1,390,SEVILLA,02:06 p. m.,3500,5500,17/09/2025
HV,1,295,SEVILLA,02:07 p. m.,5500,6500,17/09/2025
HV,2,250,LA VICTORIA,02:04 p. m.,6000,7500,17/09/2025
HL,1,175,SEVILLA,02:07 p. m.,6000,7250,17/09/2025
ML,1,95,SEVILLA,02:13 p. m.,11000,13500,17/09/2025
HL,1,130,SEVILLA,02:11 p. m.,9000,9500,17/09/2025
HL,1,65,SEVILLA,02:10 p. m.,9000,11500,17/09/2025
ML,1,50,SEVILLA,02:09 p. m.,6000,13000,17/09/2025
ML,5,52,CAUCASIA,07:07 p. m.,6000,8500,17/09/2025
HL,6,172,TULUA,02:36 p. m.,7800,8100,17/09/2025
HL,1,135,YOTOCO,02:13 p. m.,10000,12000,17/09/2025
HV,1,350,YOTOCO,02:16 p. m.,7250,8000,17/09/2025
HV,1,415,YOTOCO,02:18 p. m.,7500,8250,17/09/2025
HV,1,395,YOTOCO,02:19 p. m.,7000,8000,17/09/2025
ML,1,170,YOTOCO,02:20 p. m.,5500,6250,17/09/2025
VH,1,485,YOTOCO,02:21 p. m.,7000,8000,17/09/2025
HV,1,330,YOTOCO,02:21 p. m.,7500,8000,17/09/2025
TR,1,340,YOTOCO,02:22 p. m.,7500,8400,17/09/2025
VH,1,455,YOTOCO,02:22 p. m.,4500,6500,17/09/2025
HV,1,385,YOTOCO,02:24 p. m.,7500,8500,17/09/2025
HV,1,340,YOTOCO,02:25 p. m.,7750,8000,17/09/2025
HL,9,173,TULUA,02:26 p. m.,8000,8700,17/09/2025
HV,5,305,ZARZAL,06:08 a. m.,7600,8700,27/06/2025
VH,4,405,ZARZAL,06:10 a. m.,6000,6950,27/06/2025
ML,2,220,ZARZAL,06:11 a. m.,9000,9900,27/06/2025
HV,2,322,ZARZAL,06:33 a. m.,7000,7700,27/06/2025
HV,5,297,ZARZAL,06:34 a. m.,8000,8700,27/06/2025
VH,6,332,ZARZAL,06:48 a. m.,7000,8700,27/06/2025
HL,10,242,ZARZAL,06:49 a. m.,7500,7500,27/06/2025
ML,2,205,EL DOVIO,06:53 a. m.,8000,8600,27/06/2025
ML,1,160,EL DOVIO,06:54 a. m.,8000,9050,27/06/2025
HL,1,195,EL DOVIO,06:55 a. m.,6000,7200,27/06/2025
MC,1,280,TULUA,06:56 a. m.,5000,6000,27/06/2025
HV,3,287,TULUA,06:59 a. m.,7000,7800,27/06/2025
VP,1,380,TULUA,07:00 a. m.,7500,8000,27/06/2025
ML,5,240,TULUA,07:01 a. m.,5800,8000,27/06/2025
HL,7,111,ZARZAL,07:02 a. m.,9600,10400,27/06/2025
HL,7,111,ZARZAL,07:06 a. m.,9000,10000,27/06/2025
ML,5,178,ZARZAL,07:07 a. m.,8600,10000,27/06/2025
HL,1,180,ZARZAL,07:10 a. m.,8000,8500,27/06/2025
HL,1,190,SEVILLA,07:17 a. m.,8000,8400,27/06/2025
HL,2,165,SEVILLA,07:19 a. m.,8000,8600,27/06/2025
HL,1,160,SEVILLA,07:20 a. m.,8000,8500,27/06/2025
TR,5,352,ROLDANILLO,07:22 a. m.,8600,9400,27/06/2025
TR,5,347,ROLDANILLO,07:23 a. m.,8800,9350,27/06/2025
TR,2,278,TORO,07:27 a. m.,8000,9000,27/06/2025
HL,3,200,TORO,07:30 a. m.,8000,8000,27/06/2025
TR,1,255,TORO,07:31 a. m.,8000,8400,27/06/2025
HV,1,265,LA UNION,07:33 a. m.,6400,7000,27/06/2025
HL,1,245,TORO,07:34 a. m.,7000,7400,27/06/2025
HL,5,112,MONTERIA,07:38 a. m.,9000,10500,27/06/2025
HL,3,123,MONTERIA,07:41 a. m.,9500,10500,27/06/2025
HL,3,130,MONTERIA,07:41 a. m.,8500,10000,27/06/2025
HL,2,102,MONTERIA,07:44 a. m.,10000,12000,27/06/2025
HL,2,148,MONTERIA,07:45 a. m.,6000,9000,27/06/2025
ML,1,125,MONTERIA,07:50 a. m.,10000,11500,27/06/2025
ML,1,140,MONTERIA,07:47 a. m.,5000,9500,27/06/2025
ML,1,180,MONTERIA,07:49 a. m.,10000,10500,27/06/2025
HL,2,125,MONTERIA,07:51 a. m.,11000,12000,27/06/2025
VH,7,260,PLANETA RICA,07:55 a. m.,7400,8200,27/06/2025
VH,6,342,PLANETA RICA,07:57 a. m.,7000,7950,27/06/2025
HL,1,115,MONTERIA,07:54 a. m.,8000,10500,27/06/2025
HL,1,130,MONTERIA,07:52 a. m.,10000,11500,27/06/2025
VH,1,260,PLANETA RICA,07:58 a. m.,5000,6500,27/06/2025
VH,1,440,PLANETA RICA,07:59 a. m.,5600,6800,27/06/2025
ML,1,90,PLANETA RICA,08:02 a. m.,12000,13000,27/06/2025
HL,1,50,PLANETA RICA,08:03 a. m.,5000,10000,27/06/2025
HL,6,92,PLANETA RICA,08:04 a. m.,9500,11000,27/06/2025
ML,7,82,PLANETA RICA,08:05 a. m.,9000,9000,27/06/2025
HL,5,73,PLANETA RICA,08:08 a. m.,9000,9000,27/06/2025
HL,2,98,PLANETA RICA,08:10 a. m.,10000,11250,27/06/2025
ML,4,62,PLANETA RICA,08:10 a. m.,6000,9000,27/06/2025
HL,9,214,JAMUNDI,08:20 a. m.,8600,8800,27/06/2025
HL,7,164,JAMUNDI,08:18 a. m.,8800,9200,27/06/2025
HV,1,215,JAMUNDI,08:15 a. m.,4000,5000,27/06/2025
VH,1,250,JAMUNDI,08:26 a. m.,6800,7200,27/06/2025
HL,6,251,JAMUNDI,08:26 a. m.,7400,7750,27/06/2025
HL,9,178,JAMUNDI,08:21 a. m.,8400,9200,27/06/2025
HV,8,251,JAMUNDI,08:30 a. m.,8000,8500,27/06/2025
HV,2,250,JAMUNDI,08:31 a. m.,6600,7600,27/06/2025
HV,2,280,JAMUNDI,08:32 a. m.,7400,7400,27/06/2025
HL,1,165,JAMUNDI,08:33 a. m.,8000,8400,27/06/2025
HL,1,165,JAMUNDI,08:34 a. m.,8000,10250,27/06/2025
HL,9,187,JAMUNDI,08:35 a. m.,8400,8750,27/06/2025
HL,5,191,JAMUNDI,08:35 a. m.,8000,8700,27/06/2025
HL,8,135,JAMUNDI,08:36 a. m.,9000,9800,27/06/2025
HL,1,125,JAMUNDI,08:41 a. m.,8000,10500,27/06/2025
HL,1,95,JAMUNDI,08:42 a. m.,8500,10750,27/06/2025
HL,1,165,JAMUNDI,08:39 a. m.,8000,8200,27/06/2025
HL,1,110,JAMUNDI,08:43 a. m.,9000,11500,27/06/2025
HL,1,135,JAMUNDI,08:40 a. m.,8500,9500,27/06/2025
HL,2,145,JAMUNDI,08:44 a. m.,7000,9200,27/06/2025
HV,1,390,PLANETA RICA,08:46 a. m.,8000,8900,27/06/2025
HV,1,350,PLANETA RICA,08:48 a. m.,6800,7200,27/06/2025
VH,1,465,SEVILLA,08:48 a. m.,7000,8000,27/06/2025
VH,1,440,SEVILLA,08:50 a. m.,6000,7400,27/06/2025
HL,5,189,PLANETA RICA,08:52 a. m.,8800,9800,27/06/2025
HL,5,150,PLANETA RICA,08:53 a. m.,9000,9700,27/06/2025
ML,4,128,PLANETA RICA,08:54 a. m.,9500,10500,27/06/2025
HL,2,80,PLANETA RICA,08:55 a. m.,10000,17000,27/06/2025
ML,2,175,PLANETA RICA,08:57 a. m.,9400,10200,27/06/2025
ML,1,140,PLANETA RICA,09:02 a. m.,5000,8000,27/06/2025
ML,1,175,PLANETA RICA,08:58 a. m.,10000,11250,27/06/2025
HL,1,145,PLANETA RICA,09:02 a. m.,8500,9500,27/06/2025
ML,1,170,PLANETA RICA,09:00 a. m.,6000,9500,27/06/2025
HL,4,109,PLANETA RICA,09:03 a. m.,8500,9800,27/06/2025
HL,3,145,CAICEDONIA,09:07 a. m.,8500,10000,27/06/2025
HL,1,155,CAICEDONIA,09:10 a. m.,6000,9500,27/06/2025
HL,1,200,CAICEDONIA,09:10 a. m.,7000,8200,27/06/2025
HL,2,80,CAICEDONIA,09:12 a. m.,9000,13000,27/06/2025
HL,1,170,CAICEDONIA,09:13 a. m.,8000,8800,27/06/2025
TR,1,320,LA UNION,09:15 a. m.,8000,8800,27/06/2025
ML,1,115,LA UNION,09:17 a. m.,10000,11000,27/06/2025
ML,1,245,LA UNION,09:18 a. m.,7000,7600,27/06/2025
ML,2,160,LA UNION,09:18 a. m.,9000,10600,27/06/2025
TR,1,450,BUGALAGRANDE,09:19 a. m.,7400,7700,27/06/2025
VH,2,355,BUGALAGRANDE,09:28 a. m.,7400,7900,27/06/2025
HV,1,330,BUGALAGRANDE,09:21 a. m.,7600,7900,27/06/2025
MC,1,460,BUGALAGRANDE,09:23 a. m.,6000,6800,27/06/2025
TR,1,395,BUGALAGRANDE,09:23 a. m.,6000,7000,27/06/2025
MC,1,460,BUGALAGRANDE,09:24 a. m.,6800,7400,27/06/2025
HV,1,395,BUGALAGRANDE,09:26 a. m.,7200,8000,27/06/2025
VH,1,445,BUGALAGRANDE,09:27 a. m.,7000,7400,27/06/2025
VI,1,415,BUGALAGRANDE,09:30 a. m.,5800,6900,27/06/2025
HV,4,332,BUGALAGRANDE,09:31 a. m.,7400,7850,27/06/2025
HL,1,90,BUGALAGRANDE,09:34 a. m.,10000,14000,27/06/2025
HL,1,110,BUGALAGRANDE,09:32 a. m.,10000,15500,27/06/2025
HV,1,365,TULUA,09:37 a. m.,7000,8000,27/06/2025
HV,1,320,TULUA,09:35 a. m.,7000,7400,27/06/2025
VH,1,375,TULUA,09:40 a. m.,7400,7800,27/06/2025
HV,1,290,TULUA,09:42 a. m.,7800,8300,27/06/2025
HV,1,260,TULUA,09:41 a. m.,6500,8100,27/06/2025
HL,1,165,LA UNION,09:43 a. m.,8000,8500,27/06/2025
HL,1,135,LA UNION,09:48 a. m.,8000,8500,27/06/2025
HL,1,190,LA UNION,09:46 a. m.,7800,8200,27/06/2025
HL,1,150,LA UNION,09:48 a. m.,8500,9000,27/06/2025
ML,1,115,LA UNION,09:47 a. m.,8500,10000,27/06/2025
HL,1,205,LA UNION,09:54 a. m.,6500,7000,27/06/2025
ML,1,135,LA UNION,09:49 a. m.,8000,9000,27/06/2025
ML,1,155,LA UNION,09:50 a. m.,7000,8750,27/06/2025
ML,1,215,LA UNION,09:51 a. m.,7800,8400,27/06/2025
ML,1,195,LA UNION,09:53 a. m.,9500,10750,27/06/2025
ML,1,195,LA UNION,09:53 a. m.,10000,10000,27/06/2025
HL,1,165,LA UNION,10:03 a. m.,8500,10500,27/06/2025
ML,1,125,LA UNION,10:04 a. m.,6000,10000,27/06/2025
HL,1,205,LA UNION,10:06 a. m.,6000,8000,27/06/2025
HL,1,205,LA UNION,10:06 a. m.,6500,8000,27/06/2025
HL,1,215,LA UNION,10:08 a. m.,7000,7750,27/06/2025
HL,1,230,LA UNION,10:07 a. m.,7800,8300,27/06/2025
VI,1,545,TULUA,10:02 a. m.,5400,6200,27/06/2025
VI,1,455,TULUA,10:03 a. m.,5000,5600,27/06/2025
HV,1,315,LA UNION,09:57 a. m.,6500,6750,27/06/2025
HL,1,185,LA UNION,09:58 a. m.,7000,8000,27/06/2025
HV,1,295,LA UNION,09:59 a. m.,7000,9000,27/06/2025
HL,1,140,SEVILLA,10:13 a. m.,8500,11000,27/06/2025
HL,1,110,SEVILLA,10:11 a. m.,8000,9500,27/06/2025
ML,1,245,LA UNION,10:36 a. m.,8400,8800,27/06/2025
HL,1,100,SEVILLA,10:11 a. m.,12000,16000,27/06/2025
HL,1,65,SEVILLA,10:13 a. m.,10000,13000,27/06/2025
HL,1,35,SEVILLA,10:09 a. m.,4000,16000,27/06/2025
HL,4,69,SEVILLA,10:14 a. m.,8000,12000,27/06/2025
HV,1,345,EL DOVIO,10:21 a. m.,7800,8400,27/06/2025
HV,1,385,EL DOVIO,10:22 a. m.,8000,8400,27/06/2025
HV,1,320,EL DOVIO,10:23 a. m.,7800,8400,27/06/2025
HV,1,335,EL DOVIO,10:24 a. m.,7800,8000,27/06/2025
HV,1,345,EL DOVIO,10:25 a. m.,7600,8400,27/06/2025
HV,1,380,ANDALUCIA,10:26 a. m.,9000,10250,27/06/2025
VH,1,415,ANDALUCIA,10:27 a. m.,4500,6500,27/06/2025
HL,2,60,SEVILLA,10:16 a. m.,8000,11500,27/06/2025
ML,4,72,SEVILLA,10:18 a. m.,9000,12250,27/06/2025
TO,1,605,ANDALUCIA,10:32 a. m.,8000,8800,27/06/2025
VH,1,405,ANDALUCIA,10:32 a. m.,7000,10750,27/06/2025
VH,1,295,ANDALUCIA,10:33 a. m.,6000,11500,27/06/2025
VP,1,495,ANDALUCIA,10:34 a. m.,8000,9500,27/06/2025
ML,2,248,ZARZAL,10:41 a. m.,7000,8000,27/06/2025
VH,1,515,ZARZAL,10:47 a. m.,6000,6600,27/06/2025
MC,2,255,ZARZAL,10:50 a. m.,8000,8800,27/06/2025
TR,3,288,SAN PEDRO,10:51 a. m.,8800,10000,27/06/2025
MC,1,325,SAN PEDRO,10:53 a. m.,8800,9800,27/06/2025
TR,1,305,SAN PEDRO,10:56 a. m.,8400,9300,27/06/2025
MC,1,275,SAN PEDRO,10:54 a. m.,6800,7400,27/06/2025
MC,1,255,SAN PEDRO,10:55 a. m.,8400,8800,27/06/2025
VH,1,535,LA UNION,11:01 a. m.,5000,6200,27/06/2025
VH,1,540,LA UNION,11:02 a. m.,7600,8400,27/06/2025
ML,1,175,LA UNION,10:39 a. m.,9000,9500,27/06/2025
ML,1,165,LA UNION,10:40 a. m.,7500,9000,27/06/2025
ML,1,225,LA UNION,10:38 a. m.,6400,7800,27/06/2025
ML,1,145,LA UNION,10:38 a. m.,9000,11000,27/06/2025
VH,1,515,ROLDANILLO,10:57 a. m.,7600,8600,27/06/2025
VP,1,420,ROLDANILLO,10:58 a. m.,6500,7750,27/06/2025
VP,1,305,ROLDANILLO,10:59 a. m.,7000,9250,27/06/2025
VH,1,470,LA UNION,11:03 a. m.,5400,6400,27/06/2025
ML,1,225,COROZAL,11:04 a. m.,8000,8800,27/06/2025
ML,1,175,COROZAL,11:06 a. m.,6500,8250,27/06/2025
VH,1,320,COROZAL,11:07 a. m.,4000,5500,27/06/2025
HV,1,315,RESTREPO,11:08 a. m.,7000,7000,27/06/2025
ML,1,135,RESTREPO,11:11 a. m.,9000,10750,27/06/2025
HL,1,150,RESTREPO,11:11 a. m.,8500,8500,27/06/2025
HV,1,250,RESTREPO,11:09 a. m.,7400,7800,27/06/2025
TR,1,285,RESTREPO,11:12 a. m.,8000,8300,27/06/2025
ML,1,225,RESTREPO,11:13 a. m.,8000,8800,27/06/2025
HV,2,280,RESTREPO,11:17 a. m.,8000,10500,27/06/2025
HV,1,265,RESTREPO,11:14 a. m.,7400,7600,27/06/2025
HL,2,230,RESTREPO,11:17 a. m.,7000,7500,27/06/2025
VH,1,475,VIJES,11:19 a. m.,4800,6200,27/06/2025
VH,1,410,VIJES,11:21 a. m.,5800,6400,27/06/2025
VH,1,395,VIJES,11:21 a. m.,7000,9000,27/06/2025
MC,1,285,VIJES,11:22 a. m.,8000,10200,27/06/2025
HV,2,295,RESTREPO,11:15 a. m.,8500,9500,27/06/2025
HL,2,190,RESTREPO,11:18 a. m.,9000,11500,27/06/2025
ML,4,160,VIJES,11:24 a. m.,8000,8600,27/06/2025
ML,4,201,VIJES,11:25 a. m.,6800,8050,27/06/2025
HV,5,331,TRUJILLO,11:26 a. m.,7800,8200,27/06/2025
HV,1,305,TRUJILLO,11:28 a. m.,7600,7600,27/06/2025
HV,2,292,TRUJILLO,11:29 a. m.,7000,7850,27/06/2025
ML,1,210,TRUJILLO,11:31 a. m.,7800,8400,27/06/2025
HL,3,203,EL DOVIO,11:39 a. m.,6000,8100,27/06/2025
HL,4,219,EL DOVIO,11:41 a. m.,5500,7700,27/06/2025
HL,2,208,BOLIVAR,11:32 a. m.,8400,8600,27/06/2025
HL,1,220,BOLIVAR,11:36 a. m.,8000,8400,27/06/2025
HL,1,215,BOLIVAR,11:34 a. m.,7800,8000,27/06/2025
HV,1,265,BOLIVAR,11:34 a. m.,7000,7900,27/06/2025
HV,4,265,EL DOVIO,11:37 a. m.,7600,7800,27/06/2025
ML,1,85,EL DOVIO,11:48 a. m.,6000,9500,27/06/2025
ML,1,135,EL DOVIO,11:41 a. m.,9000,10500,27/06/2025
TR,1,135,EL DOVIO,11:47 a. m.,12000,12000,27/06/2025
HL,1,180,EL DOVIO,11:44 a. m.,7000,8250,27/06/2025
VH,1,510,PALMIRA,11:50 a. m.,7500,7750,27/06/2025
VH,1,420,PALMIRA,11:51 a. m.,6600,7500,27/06/2025
VP,1,470,PALMIRA,11:53 a. m.,8000,9400,27/06/2025
MC,1,275,TULUA,12:00 p. m.,6000,6400,27/06/2025
VH,1,355,TULUA,11:57 a. m.,4800,4800,27/06/2025
VP,1,350,PALMIRA,11:54 a. m.,7500,8500,27/06/2025
VH,1,430,TULUA,12:02 p. m.,4800,6200,27/06/2025
ML,1,235,TULUA,12:05 p. m.,5500,6500,27/06/2025
VH,1,370,TULUA,12:05 p. m.,5000,6200,27/06/2025
VH,1,440,TULUA,12:06 p. m.,6000,7400,27/06/2025
VH,1,440,TULUA,12:07 p. m.,4800,5400,27/06/2025
VH,1,345,NEIVA,12:08 p. m.,7200,7600,27/06/2025
TR,4,300,NEIVA,12:15 p. m.,7000,7700,27/06/2025
HV,6,224,NEIVA,12:17 p. m.,7000,7500,27/06/2025
TR,1,380,TRUJILLO,12:23 p. m.,7800,7800,27/06/2025
MC,1,400,TRUJILLO,12:24 p. m.,6800,7400,27/06/2025
TR,1,400,TRUJILLO,12:25 p. m.,6000,7300,27/06/2025
ML,3,193,NEIVA,12:19 p. m.,9000,9000,27/06/2025
VH,1,400,RESTREPO,12:30 p. m.,6400,7600,27/06/2025
HL,1,115,ZARZAL,12:32 p. m.,8500,8500,27/06/2025
ML,1,135,RESTREPO,12:34 p. m.,5000,9000,27/06/2025
MC,1,360,TRUJILLO,12:24 p. m.,6600,7000,27/06/2025
TR,1,445,TRUJILLO,12:26 p. m.,6000,7800,27/06/2025
MC,1,375,TRUJILLO,12:28 p. m.,6800,7000,27/06/2025
MC,1,390,TRUJILLO,12:29 p. m.,6400,7800,27/06/2025
TR,1,390,TRUJILLO,12:30 p. m.,7000,7000,27/06/2025
HL,3,82,RESTREPO,12:38 p. m.,9500,13500,27/06/2025
TO,1,395,CIRCASIA,12:45 p. m.,7000,7300,27/06/2025
TR,1,320,CIRCASIA,12:45 p. m.,7800,8400,27/06/2025
HV,1,275,CIRCASIA,12:44 p. m.,5500,6000,27/06/2025
VH,1,270,CIRCASIA,12:38 p. m.,2000,5500,27/06/2025
ML,1,60,CIRCASIA,12:44 p. m.,8000,13000,27/06/2025
MC,2,318,JAMUNDI,01:08 p. m.,7800,8000,27/06/2025
TR,1,265,JAMUNDI,12:46 p. m.,7000,8200,27/06/2025
ML,2,132,JAMUNDI,01:12 p. m.,10500,11750,27/06/2025
MC,1,270,JAMUNDI,01:11 p. m.,6000,7000,27/06/2025
MC,3,265,JAMUNDI,01:49 p. m.,8400,9000,27/06/2025
TR,1,245,JAMUNDI,01:12 p. m.,7000,7800,27/06/2025
MC,1,240,JAMUNDI,01:10 p. m.,6000,7400,27/06/2025
ML,1,235,JAMUNDI,01:14 p. m.,7000,8200,27/06/2025
ML,2,192,JAMUNDI,01:15 p. m.,8000,8800,27/06/2025
ML,4,216,JAMUNDI,01:18 p. m.,8800,9800,27/06/2025
VH,1,390,TEBAIDA,01:51 p. m.,5000,6600,27/06/2025
VH,1,290,TEBAIDA,01:54 p. m.,6800,7400,27/06/2025
VH,1,290,TEBAIDA,01:56 p. m.,6800,8000,27/06/2025
HV,1,235,TEBAIDA,01:57 p. m.,7000,8000,27/06/2025
HV,1,185,TEBAIDA,01:58 p. m.,6000,8000,27/06/2025
ML,1,70,TEBAIDA,02:02 p. m.,8000,12000,27/06/2025
HL,1,110,TEBAIDA,01:59 p. m.,9500,10000,27/06/2025
VI,1,210,TEBAIDA,02:05 p. m.,4500,5250,27/06/2025
HV,1,230,TEBAIDA,02:00 p. m.,7000,7500,27/06/2025
ML,1,205,ROLDANILLO,06:02 a. m.,8400,8900,04/03/2026
ML,1,200,ROLDANILLO,06:03 a. m.,8600,8600,04/03/2026
ML,1,185,ROLDANILLO,06:05 a. m.,7800,9000,04/03/2026
ML,1,175,ROLDANILLO,06:07 a. m.,8400,9100,04/03/2026
ML,1,210,ROLDANILLO,06:08 a. m.,8000,8400,04/03/2026
ML,1,195,ROLDANILLO,06:10 a. m.,8400,8600,04/03/2026
ML,1,175,LA VICTORIA,06:30 a. m.,8400,8400,04/03/2026
HL,1,155,LA VICTORIA,06:36 a. m.,9000,9400,04/03/2026
ML,1,105,LA VICTORIA,06:35 a. m.,9000,10600,04/03/2026
ML,1,100,LA VICTORIA,06:35 a. m.,6000,6000,04/03/2026
HL,1,130,LA VICTORIA,06:39 a. m.,9000,9200,04/03/2026
HL,1,95,ZARZAL,06:38 a. m.,7000,8500,04/03/2026
ML,1,110,GUAVIARE,06:50 a. m.,11000,16400,04/03/2026
ML,1,90,GUAVIARE,06:48 a. m.,13000,16000,04/03/2026
ML,5,96,GUAVIARE,06:53 a. m.,12000,13600,04/03/2026
ML,1,155,GUAVIARE,06:55 a. m.,8400,9800,04/03/2026
HL,3,117,GUAVIARE,06:57 a. m.,10000,11100,04/03/2026
HL,1,120,GUAVIARE,07:01 a. m.,8400,10000,04/03/2026
HL,1,155,GUAVIARE,07:03 a. m.,9000,9200,04/03/2026
HL,1,145,GUAVIARE,07:02 a. m.,9600,11200,04/03/2026
HV,1,370,LA UNION,07:08 a. m.,8600,8900,04/03/2026
VH,1,405,LA UNION,07:10 a. m.,8000,8400,04/03/2026
HV,1,345,LA UNION,07:18 a. m.,8000,8600,04/03/2026
TR,1,420,BUGALAGRANDE,07:19 a. m.,5000,5800,04/03/2026
TR,1,395,BUGALAGRANDE,07:21 a. m.,7400,8500,04/03/2026
MC,1,255,BUGALAGRANDE,07:22 a. m.,7400,7700,04/03/2026
VH,1,440,BUGALAGRANDE,07:22 a. m.,7400,11000,04/03/2026
MC,1,390,BUGALAGRANDE,07:23 a. m.,8000,8400,04/03/2026
TR,1,380,BUGALAGRANDE,07:23 a. m.,6400,8200,04/03/2026
MC,1,380,BUGALAGRANDE,07:24 a. m.,7800,8300,04/03/2026
VH,1,465,BOLIVAR,07:24 a. m.,7600,7800,04/03/2026
HV,1,260,BOLIVAR,07:26 a. m.,5000,6000,04/03/2026
BF,4,182,BOLIVAR,07:29 a. m.,8500,9000,04/03/2026
BF,4,231,BOLIVAR,07:30 a. m.,8000,8400,04/03/2026
BF,1,205,BOLIVAR,07:30 a. m.,8000,8500,04/03/2026
BF,1,225,BOLIVAR,07:31 a. m.,8000,8500,04/03/2026
TR,1,350,JAMUNDI,07:58 a. m.,7800,8300,04/03/2026
HV,1,255,VERSALLES,07:45 a. m.,8000,8550,04/03/2026
HL,1,135,VERSALLES,07:41 a. m.,8000,9400,04/03/2026
ML,1,110,VERSALLES,07:42 a. m.,8400,9650,04/03/2026
HL,1,160,VERSALLES,07:43 a. m.,7800,8400,04/03/2026
ML,1,195,VERSALLES,07:44 a. m.,7400,8500,04/03/2026
HL,1,220,VERSALLES,07:45 a. m.,7000,7400,04/03/2026
ML,2,130,VERSALLES,07:46 a. m.,9000,10400,04/03/2026
ML,1,155,JAMUNDI,07:47 a. m.,9000,10800,04/03/2026
ML,1,210,JAMUNDI,07:48 a. m.,8000,8200,04/03/2026
HV,1,285,JAMUNDI,07:49 a. m.,8000,8200,04/03/2026
TR,1,280,JAMUNDI,07:49 a. m.,8000,8300,04/03/2026
HL,1,185,JAMUNDI,07:50 a. m.,7600,7600,04/03/2026
HL,1,240,JAMUNDI,07:51 a. m.,7800,7800,04/03/2026
VP,1,475,JAMUNDI,07:53 a. m.,6600,7350,04/03/2026
HL,1,230,JAMUNDI,07:56 a. m.,3800,5600,04/03/2026
HL,1,90,JAMUNDI,07:59 a. m.,11000,12300,04/03/2026
HL,1,185,JAMUNDI,07:54 a. m.,9000,9000,04/03/2026
ML,1,160,JAMUNDI,07:54 a. m.,8600,10100,04/03/2026
ML,1,130,JAMUNDI,07:56 a. m.,6000,7600,04/03/2026
TR,1,290,JAMUNDI,07:55 a. m.,7800,8300,04/03/2026
ML,2,162,JAMUNDI,07:59 a. m.,9000,10300,04/03/2026
HL,1,105,JAMUNDI,08:03 a. m.,10000,10800,04/03/2026
MC,3,268,SEVILLA,08:04 a. m.,7400,7700,04/03/2026
VH,1,365,SEVILLA,08:05 a. m.,2000,3500,04/03/2026
MC,1,275,SEVILLA,08:06 a. m.,8000,8300,04/03/2026
MC,1,255,SEVILLA,08:08 a. m.,9400,9400,04/03/2026
ML,1,240,SEVILLA,08:07 a. m.,8600,8800,04/03/2026
TR,3,253,SEVILLA,08:09 a. m.,8700,9550,04/03/2026
HL,4,104,SEVILLA,08:10 a. m.,8500,9000,04/03/2026
VH,1,425,EL DOVIO,08:12 a. m.,6600,7000,04/03/2026
TR,1,325,EL DOVIO,08:15 a. m.,9000,9400,04/03/2026
TR,3,272,EL DOVIO,08:16 a. m.,9300,9900,04/03/2026
ML,3,242,EL DOVIO,08:17 a. m.,9500,9600,04/03/2026
HL,1,155,BUGALAGRANDE,08:20 a. m.,10000,11800,04/03/2026
HL,1,190,BUGALAGRANDE,08:17 a. m.,9400,10800,04/03/2026
VP,1,480,BUGALAGRANDE,08:21 a. m.,8000,9050,04/03/2026
HV,1,355,BUGALAGRANDE,08:23 a. m.,8000,8600,04/03/2026
HV,1,395,BUGALAGRANDE,08:23 a. m.,8400,9100,04/03/2026
HV,1,395,BUGALAGRANDE,08:24 a. m.,9000,9650,04/03/2026
HV,1,445,BUGALAGRANDE,08:25 a. m.,8800,9100,04/03/2026
ML,1,190,SEVILLA,08:26 a. m.,9400,9500,04/03/2026
VH,1,360,SEVILLA,08:28 a. m.,3600,3600,04/03/2026
VH,1,360,SEVILLA,08:29 a. m.,3000,3900,04/03/2026
VH,1,390,GUACARI,08:29 a. m.,7600,9800,04/03/2026
VH,1,435,GUACARI,08:32 a. m.,6000,8400,04/03/2026
HV,1,285,GUACARI,08:33 a. m.,7600,7600,04/03/2026
VH,1,405,GUACARI,08:34 a. m.,7400,8300,04/03/2026
VH,1,370,GUACARI,08:35 a. m.,7200,7500,04/03/2026
VH,2,462,GUACARI,08:36 a. m.,7100,7150,04/03/2026
HL,1,245,GUACARI,08:37 a. m.,6000,6800,04/03/2026
VH,1,345,GUACARI,08:37 a. m.,5600,8200,04/03/2026
VH,1,340,GUACARI,08:38 a. m.,6600,7800,04/03/2026
VH,1,280,GUACARI,08:38 a. m.,7600,7800,04/03/2026
VH,1,440,GUACARI,08:39 a. m.,4800,6050,04/03/2026
TR,1,260,GUACARI,08:40 a. m.,5000,5000,04/03/2026
TR,3,353,ZARZAL,08:41 a. m.,9000,9200,04/03/2026
TR,1,390,ZARZAL,08:43 a. m.,8200,9000,04/03/2026
TR,1,400,ZARZAL,08:43 a. m.,8400,8600,04/03/2026
ML,5,214,SEVILLA,08:43 a. m.,8400,8800,04/03/2026
MC,2,250,SEVILLA,08:45 a. m.,8000,8300,04/03/2026
ML,7,184,SEVILLA,08:45 a. m.,10000,10450,04/03/2026
VH,1,370,OBANDO,08:47 a. m.,6900,7300,04/03/2026
HV,1,285,OBANDO,08:52 a. m.,6600,7800,04/03/2026
VH,1,320,OBANDO,08:56 a. m.,7000,7600,04/03/2026
VP,1,415,OBANDO,08:55 a. m.,6000,7300,04/03/2026
HL,1,190,TORO,08:56 a. m.,8600,9200,04/03/2026
VH,1,430,TORO,08:58 a. m.,7200,7850,04/03/2026
VH,1,495,SEVILLA,09:03 a. m.,6600,8000,04/03/2026
VH,1,510,SEVILLA,08:59 a. m.,5800,7400,04/03/2026
VH,1,385,SEVILLA,09:04 a. m.,7400,7800,04/03/2026
VH,1,395,SEVILLA,09:05 a. m.,5000,7700,04/03/2026
VH,1,440,SEVILLA,09:05 a. m.,6200,7600,04/03/2026
VH,1,320,SEVILLA,09:06 a. m.,3000,3500,04/03/2026
TR,1,280,OBANDO,09:06 a. m.,7000,7400,04/03/2026
MC,1,285,OBANDO,09:13 a. m.,7000,7400,04/03/2026
MC,1,250,OBANDO,09:13 a. m.,6600,7800,04/03/2026
MC,1,350,OBANDO,09:14 a. m.,7000,8300,04/03/2026
TR,3,328,OBANDO,09:17 a. m.,8000,8500,04/03/2026
MC,2,368,OBANDO,09:18 a. m.,7800,8300,04/03/2026
TR,1,280,LA VICTORIA,09:19 a. m.,7600,7600,04/03/2026
ML,7,130,MONTERIA,09:33 a. m.,10500,11350,04/03/2026
TR,1,255,LA VICTORIA,09:21 a. m.,5000,6600,04/03/2026
ML,6,123,MONTERIA,09:26 a. m.,9800,11350,04/03/2026
ML,2,150,MONTERIA,09:33 a. m.,10000,10000,04/03/2026
ML,5,111,MONTERIA,09:28 a. m.,10000,10100,04/03/2026
HL,1,245,MONTERIA,09:36 a. m.,7600,8400,04/03/2026
HL,1,100,MONTERIA,09:38 a. m.,9000,11200,04/03/2026
HL,1,125,MONTERIA,09:38 a. m.,9400,11400,04/03/2026
HL,2,108,MONTERIA,09:40 a. m.,10000,11000,04/03/2026
HL,2,150,MONTERIA,09:41 a. m.,8600,8800,04/03/2026
HL,2,175,MONTERIA,09:42 a. m.,9000,9200,04/03/2026
HL,6,159,LA UNION,09:43 a. m.,8200,8500,04/03/2026
HL,4,209,LA UNION,09:50 a. m.,7500,7600,04/03/2026
VH,1,350,EL DOVIO,09:51 a. m.,6700,7600,04/03/2026
HL,7,186,LA UNION,09:52 a. m.,8000,8300,04/03/2026
MC,1,295,LA UNION,09:55 a. m.,6600,7600,04/03/2026
HL,1,140,LA UNION,09:57 a. m.,5000,5700,04/03/2026
HL,10,124,ANDALUCIA,10:00 a. m.,9500,9500,04/03/2026
ML,2,100,ANDALUCIA,10:05 a. m.,10000,12000,04/03/2026
VH,2,395,PEREIRA,10:09 a. m.,6400,8000,04/03/2026
VP,1,495,ANDALUCIA,10:05 a. m.,6800,6800,04/03/2026
VH,2,290,PEREIRA,10:10 a. m.,5000,6200,04/03/2026
VH,2,302,PEREIRA,10:11 a. m.,6600,7350,04/03/2026
HV,1,310,PEREIRA,10:16 a. m.,6400,7200,04/03/2026
MC,1,335,PEREIRA,10:17 a. m.,6000,6700,04/03/2026
MC,1,255,PEREIRA,10:18 a. m.,6000,7150,04/03/2026
VH,1,325,PEREIRA,10:19 a. m.,6400,7400,04/03/2026
MC,1,315,PEREIRA,10:20 a. m.,7000,7400,04/03/2026
ML,2,125,PEREIRA,10:24 a. m.,6000,6400,04/03/2026
HL,2,118,PEREIRA,10:24 a. m.,9000,9600,04/03/2026
HL,1,90,PEREIRA,10:25 a. m.,10000,12000,04/03/2026
ML,1,90,RIOFRIO,10:31 a. m.,11000,12000,04/03/2026
TR,1,275,RIOFRIO,10:29 a. m.,6400,7000,04/03/2026
HL,1,150,RIOFRIO,10:26 a. m.,9200,9500,04/03/2026
TR,1,395,RIOFRIO,10:28 a. m.,9000,9000,04/03/2026
ML,2,165,RIOFRIO,10:31 a. m.,11000,11100,04/03/2026
VP,1,435,LA PRIMAVERA,10:50 a. m.,5000,5200,04/03/2026
ML,6,183,RIOFRIO,10:33 a. m.,9000,9250,04/03/2026
ML,1,185,RIOFRIO,10:37 a. m.,9600,10400,04/03/2026
HL,1,195,PEREIRA,11:05 a. m.,6000,7400,04/03/2026
VH,1,375,LA PRIMAVERA,10:52 a. m.,4600,5800,04/03/2026
VH,1,245,LA PRIMAVERA,10:50 a. m.,6000,6200,04/03/2026
VH,1,355,LA PRIMAVERA,10:53 a. m.,6200,7000,04/03/2026
VH,1,390,LA PRIMAVERA,10:54 a. m.,6800,7500,04/03/2026
HV,2,285,LA PRIMAVERA,10:38 a. m.,7400,7700,04/03/2026
VP,1,460,LA PRIMAVERA,10:49 a. m.,6000,7400,04/03/2026
HL,1,225,EL DOVIO,10:57 a. m.,6200,6600,04/03/2026
HV,1,340,EL DOVIO,10:59 a. m.,3000,3000,04/03/2026
VH,1,350,EL DOVIO,10:57 a. m.,3800,4600,04/03/2026
VH,1,355,EL DOVIO,10:59 a. m.,4600,5150,04/03/2026
ML,7,103,PEREIRA,11:02 a. m.,11000,11700,04/03/2026
HL,1,225,PEREIRA,11:04 a. m.,7000,7600,04/03/2026
HL,1,215,PEREIRA,11:05 a. m.,6400,7600,04/03/2026
HL,1,160,PEREIRA,11:06 a. m.,7000,7400,04/03/2026
HL,2,138,PEREIRA,11:16 a. m.,9000,9400,04/03/2026
HL,3,98,PEREIRA,11:15 a. m.,10000,10300,04/03/2026
TR,1,290,SEVILLA,11:17 a. m.,7400,8950,04/03/2026
ML,1,235,SEVILLA,11:20 a. m.,7000,7400,04/03/2026
ML,3,200,SEVILLA,11:20 a. m.,8600,9200,04/03/2026
VH,2,410,SEVILLA,11:21 a. m.,7800,8300,04/03/2026
HV,3,385,SEVILLA,11:24 a. m.,8600,8950,04/03/2026
HV,3,345,SEVILLA,11:25 a. m.,8500,8550,04/03/2026
HV,2,360,SEVILLA,11:25 a. m.,8700,9200,04/03/2026
HV,2,420,SEVILLA,11:26 a. m.,8300,8550,04/03/2026
VH,2,422,BUGALAGRANDE,11:27 a. m.,8000,8500,04/03/2026
VH,3,510,BUGALAGRANDE,11:33 a. m.,8000,8600,04/03/2026
VH,3,372,BUGALAGRANDE,11:34 a. m.,7500,7900,04/03/2026
VH,2,440,BUGALAGRANDE,11:46 a. m.,7600,7800,04/03/2026
VH,4,394,BUGALAGRANDE,11:46 a. m.,6500,7500,04/03/2026
VH,1,375,BUGALAGRANDE,11:48 a. m.,7000,7000,04/03/2026
HV,5,296,JAMUNDI,11:49 a. m.,7500,8250,04/03/2026
HV,4,312,JAMUNDI,12:00 p. m.,8000,8500,04/03/2026
HV,4,285,JAMUNDI,12:00 p. m.,8200,8700,04/03/2026
HV,8,327,JAMUNDI,12:04 p. m.,8200,8700,04/03/2026
HV,1,255,JAMUNDI,12:07 p. m.,7200,7600,04/03/2026
HV,1,345,JAMUNDI,12:10 p. m.,7400,8100,04/03/2026
HL,1,230,JAMUNDI,12:11 p. m.,7600,7800,04/03/2026
HL,1,220,JAMUNDI,12:10 p. m.,6000,7600,04/03/2026
HL,2,248,JAMUNDI,12:12 p. m.,7600,8500,04/03/2026
HL,4,144,JAMUNDI,12:13 p. m.,10000,13400,04/03/2026
HL,3,233,JAMUNDI,12:14 p. m.,8000,8500,04/03/2026
HL,5,233,JAMUNDI,12:16 p. m.,9500,10800,04/03/2026
HV,1,270,MONTERIA,12:21 p. m.,8000,8350,04/03/2026
HV,1,370,MONTERIA,12:22 p. m.,8000,8100,04/03/2026
HV,1,335,MONTERIA,12:24 p. m.,7600,8700,04/03/2026
VH,1,365,MONTERIA,12:25 p. m.,6600,7650,04/03/2026
VP,1,435,BUGALAGRANDE,12:31 p. m.,6400,9000,04/03/2026
HV,1,335,SEVILLA,12:28 p. m.,7200,8100,04/03/2026
HV,1,365,SEVILLA,12:29 p. m.,7400,7800,04/03/2026
HV,1,290,MONTERIA,12:31 p. m.,7800,8050,04/03/2026
TR,1,360,BUGALAGRANDE,12:34 p. m.,8500,8500,04/03/2026
ML,1,200,BUGALAGRANDE,12:35 p. m.,8600,9700,04/03/2026
HV,1,255,BUGALAGRANDE,12:35 p. m.,6500,6500,04/03/2026
HL,1,200,BUGALAGRANDE,12:34 p. m.,7800,8500,04/03/2026
HL,2,228,BUGALAGRANDE,12:36 p. m.,7400,7600,04/03/2026
ML,1,195,VERSALLES,12:40 p. m.,6500,7850,04/03/2026
ML,1,160,VERSALLES,12:40 p. m.,6400,6950,04/03/2026
HV,1,325,VERSALLES,12:38 p. m.,5000,7000,04/03/2026
VH,1,470,VERSALLES,12:41 p. m.,4400,4400,04/03/2026
ML,1,155,VERSALLES,12:42 p. m.,8400,8600,04/03/2026
HL,1,170,VERSALLES,12:41 p. m.,8200,8600,04/03/2026
VP,1,455,BUGALAGRANDE,12:37 p. m.,8600,10750,04/03/2026
VH,1,480,VERSALLES,12:43 p. m.,4700,5950,04/03/2026
HL,2,100,BUGALAGRANDE,12:45 p. m.,7600,9950,04/03/2026
ML,1,150,BUGALAGRANDE,12:48 p. m.,8000,10200,04/03/2026
HL,1,95,OBANDO,12:56 p. m.,9400,11300,04/03/2026
ML,1,190,CARTAGO,12:51 p. m.,8000,8800,04/03/2026
VH,1,350,CARTAGO,12:49 p. m.,3000,3700,04/03/2026
VH,1,355,CARTAGO,12:51 p. m.,3900,4200,04/03/2026
HV,1,275,CARTAGO,12:52 p. m.,7600,9100,04/03/2026
HV,1,315,CARTAGO,12:52 p. m.,7400,7850,04/03/2026
ML,1,235,CARTAGO,12:52 p. m.,4800,6650,04/03/2026
VH,1,285,CARTAGO,12:53 p. m.,4400,5100,04/03/2026
HL,2,230,CARTAGO,12:54 p. m.,6000,7500,04/03/2026
ML,1,150,OBANDO,12:57 p. m.,8000,8200,04/03/2026
HL,1,100,OBANDO,12:54 p. m.,9400,11400,04/03/2026
ML,1,105,OBANDO,12:58 p. m.,9400,10450,04/03/2026
ML,1,110,OBANDO,12:58 p. m.,7400,7900,04/03/2026
ML,1,155,OBANDO,12:59 p. m.,7600,8050,04/03/2026
HL,1,115,OBANDO,01:00 p. m.,9000,10200,04/03/2026
VH,1,520,LA CUMBRE,01:02 p. m.,8600,8600,04/03/2026
TO,1,725,LA CUMBRE,01:04 p. m.,10000,10000,04/03/2026
HL,1,195,OBANDO,01:00 p. m.,7000,7800,04/03/2026
ML,1,145,OBANDO,01:01 p. m.,6000,6550,04/03/2026
HL,1,185,OBANDO,01:01 p. m.,7400,7750,04/03/2026
VH,3,395,LA CUMBRE,01:05 p. m.,7200,8000,04/03/2026
ML,2,208,LA CUMBRE,01:07 p. m.,8600,9450,04/03/2026
TR,2,295,LA CUMBRE,01:10 p. m.,9400,9800,04/03/2026
HL,3,237,LA CUMBRE,01:06 p. m.,8000,8700,04/03/2026
HL,2,150,LA CUMBRE,01:11 p. m.,9000,9300,04/03/2026
VH,1,395,YOTOCO,01:17 p. m.,4400,4600,04/03/2026
VH,1,505,YOTOCO,01:18 p. m.,5000,6000,04/03/2026
VH,1,465,YOTOCO,01:19 p. m.,6000,6600,04/03/2026
VH,1,355,YOTOCO,01:19 p. m.,6000,6400,04/03/2026
HL,1,225,SEVILLA,01:12 p. m.,6900,7400,04/03/2026
TR,1,420,SEVILLA,01:14 p. m.,9000,10000,04/03/2026
VH,1,515,YOTOCO,01:20 p. m.,4400,5800,04/03/2026
HV,1,305,YOTOCO,01:21 p. m.,6600,6600,04/03/2026
ML,1,100,PEREIRA,01:27 p. m.,11000,14200,04/03/2026
VP,1,180,LA COSTA,03:58 p. m.,4800,6400,04/03/2026
HV,1,250,LA COSTA,04:00 p. m.,7200,7650,04/03/2026
HL,1,175,LA COSTA,04:00 p. m.,8600,8700,04/03/2026
VH,1,365,LA COSTA,04:00 p. m.,4800,5800,04/03/2026
ML,2,178,LA COSTA,04:01 p. m.,9000,9600,04/03/2026
TR,4,261,LA COSTA,04:02 p. m.,8000,8700,04/03/2026
TR,4,306,LA COSTA,04:02 p. m.,7500,7500,04/03/2026
HV,1,250,ZARZAL,06:12 a. m.,8000,8700,25/02/2026
HV,1,270,ZARZAL,06:12 a. m.,8000,8600,25/02/2026
HV,1,275,ZARZAL,06:14 a. m.,7600,7800,25/02/2026
HL,1,185,ZARZAL,06:17 a. m.,8000,8550,25/02/2026
HL,1,225,ZARZAL,06:17 a. m.,7800,8300,25/02/2026
HL,4,159,ZARZAL,06:39 a. m.,8400,9400,25/02/2026
HL,4,170,ZARZAL,06:41 a. m.,8400,9050,25/02/2026
HL,3,158,ZARZAL,07:00 a. m.,8400,9400,25/02/2026
VH,1,365,ZARZAL,06:51 a. m.,5600,7600,25/02/2026
ML,1,185,ZARZAL,06:52 a. m.,9000,9600,25/02/2026
HL,9,214,ZARZAL,06:54 a. m.,9300,9650,25/02/2026
HL,6,210,ZARZAL,06:55 a. m.,8700,9600,25/02/2026
HL,2,230,LA UNION,07:05 a. m.,9000,9800,25/02/2026
HL,3,240,LA UNION,07:08 a. m.,8000,8200,25/02/2026
ML,1,110,LA UNION,07:13 a. m.,9600,11400,25/02/2026
HL,1,125,LA UNION,07:10 a. m.,9400,11000,25/02/2026
VH,1,490,ROLDANILLO,07:14 a. m.,7600,7600,25/02/2026
HV,1,385,TULUA,07:17 a. m.,7000,8300,25/02/2026
HV,1,425,TULUA,07:19 a. m.,8600,9250,25/02/2026
VP,1,430,TULUA,07:20 a. m.,7600,8800,25/02/2026
ML,1,215,TULUA,07:21 a. m.,7600,8450,25/02/2026
HL,1,130,PEREIRA,07:22 a. m.,10000,11000,25/02/2026
ML,1,185,ZARZAL,07:25 a. m.,7200,8200,25/02/2026
ML,1,105,ZARZAL,07:27 a. m.,8000,8600,25/02/2026
ML,1,190,SEVILLA,07:30 a. m.,8400,8650,25/02/2026
ML,1,215,SEVILLA,07:27 a. m.,8600,8600,25/02/2026
ML,1,245,SEVILLA,07:32 a. m.,8400,8400,25/02/2026
ML,1,215,SEVILLA,07:31 a. m.,6000,8000,25/02/2026
ML,5,221,LA VICTORIA,07:37 a. m.,9500,9600,25/02/2026
TR,1,285,LA VICTORIA,07:32 a. m.,9400,10200,25/02/2026
ML,2,230,LA VICTORIA,07:38 a. m.,8600,8900,25/02/2026
ML,1,230,LA VICTORIA,07:41 a. m.,10000,10500,25/02/2026
HL,1,230,ZARZAL,07:42 a. m.,7000,7350,25/02/2026
VH,5,304,ZARZAL,07:44 a. m.,7500,8350,25/02/2026
ML,1,100,ZARZAL,07:50 a. m.,8800,11300,25/02/2026
HL,1,100,ZARZAL,07:51 a. m.,8000,8800,25/02/2026
VI,1,340,ZARZAL,07:53 a. m.,4000,5400,25/02/2026
VI,1,390,ZARZAL,07:52 a. m.,4400,4900,25/02/2026
TO,1,495,ZARZAL,07:54 a. m.,7000,7000,25/02/2026
VH,1,325,ZARZAL,07:55 a. m.,4000,5000,25/02/2026
VI,1,360,ZARZAL,07:56 a. m.,3000,4400,25/02/2026
HV,7,269,ZARZAL,07:58 a. m.,8000,8600,25/02/2026
HV,5,281,ZARZAL,07:59 a. m.,8200,8650,25/02/2026
HL,5,238,ZARZAL,08:00 a. m.,7700,8100,25/02/2026
ML,1,160,ZARZAL,08:11 a. m.,10000,11200,25/02/2026
ML,1,185,ZARZAL,08:11 a. m.,9000,9600,25/02/2026
ML,1,205,ZARZAL,08:10 a. m.,7400,8200,25/02/2026
HL,4,151,ZARZAL,08:03 a. m.,9000,9600,25/02/2026
HL,2,248,ZARZAL,08:04 a. m.,8400,9800,25/02/2026
HV,1,310,ZARZAL,08:05 a. m.,8000,8400,25/02/2026
VH,1,285,TORO,08:15 a. m.,6000,7800,25/02/2026
HL,1,125,TORO,08:13 a. m.,8400,9200,25/02/2026
ML,2,142,ZARZAL,08:12 a. m.,9000,9600,25/02/2026
VH,1,570,TULUA,08:27 a. m.,6000,6650,25/02/2026
HV,1,255,TULUA,08:23 a. m.,8000,8850,25/02/2026
ML,1,200,TULUA,08:25 a. m.,5000,5200,25/02/2026
HV,1,295,TULUA,08:24 a. m.,7000,7000,25/02/2026
VH,1,490,TULUA,08:27 a. m.,5800,7000,25/02/2026
VH,1,460,TULUA,08:25 a. m.,5000,6200,25/02/2026
ML,2,200,TORO,08:17 a. m.,5400,6300,25/02/2026
ML,2,215,TORO,08:18 a. m.,8700,9100,25/02/2026
ML,2,175,TORO,08:19 a. m.,7600,8650,25/02/2026
HL,1,135,CAUCASIA,08:28 a. m.,7400,7800,25/02/2026
HL,1,140,BOLIVAR,08:30 a. m.,7600,9200,25/02/2026
HV,1,310,BOLIVAR,08:31 a. m.,7000,7000,25/02/2026
VH,1,390,TULUA,08:33 a. m.,4000,5200,25/02/2026
VH,1,510,TULUA,08:34 a. m.,5000,7600,25/02/2026
HL,1,135,BOLIVAR,08:31 a. m.,9000,10600,25/02/2026
HL,1,230,EL DOVIO,08:40 a. m.,7000,7000,25/02/2026
HV,1,280,EL DOVIO,08:41 a. m.,6600,6600,25/02/2026
HV,1,325,PORTACHUELO,08:35 a. m.,7000,8400,25/02/2026
HL,1,125,EL DOVIO,08:42 a. m.,5600,6200,25/02/2026
HV,1,280,PORTACHUELO,08:37 a. m.,7000,8000,25/02/2026
HL,1,135,PORTACHUELO,08:38 a. m.,10000,10700,25/02/2026
HL,1,95,PORTACHUELO,08:38 a. m.,10000,12500,25/02/2026
VH,1,440,BUGALAGRANDE,08:42 a. m.,7400,7900,25/02/2026
VH,1,380,BUGALAGRANDE,08:46 a. m.,7400,7800,25/02/2026
HL,3,128,BUGALAGRANDE,08:46 a. m.,8000,9600,25/02/2026
HL,4,221,ZARZAL,08:49 a. m.,8000,8200,25/02/2026
HL,2,248,ZARZAL,08:50 a. m.,8000,8800,25/02/2026
HL,1,190,ZARZAL,08:52 a. m.,7000,7850,25/02/2026
HL,1,135,ZARZAL,08:54 a. m.,8000,8600,25/02/2026
HL,1,155,ZARZAL,08:51 a. m.,6400,7200,25/02/2026
HV,3,253,ZARZAL,09:11 a. m.,7000,7750,25/02/2026
TR,1,400,LA UNION,08:59 a. m.,7800,7800,25/02/2026
TR,1,290,LA UNION,09:00 a. m.,7000,7700,25/02/2026
TR,1,290,LA UNION,09:01 a. m.,7600,7800,25/02/2026
TR,1,395,LA UNION,09:02 a. m.,8400,8400,25/02/2026
MC,1,370,JAMUNDI,09:05 a. m.,6600,7600,25/02/2026
TR,1,350,JAMUNDI,09:05 a. m.,8000,8500,25/02/2026
HL,1,200,JAMUNDI,09:06 a. m.,7000,7600,25/02/2026
HV,1,300,JAMUNDI,09:08 a. m.,7600,8000,25/02/2026
HV,1,320,JAMUNDI,09:07 a. m.,8000,8550,25/02/2026
HL,1,200,ZARZAL,09:20 a. m.,7600,8800,25/02/2026
HL,1,195,ZARZAL,09:21 a. m.,8600,8800,25/02/2026
ML,6,141,CAUCASIA,09:23 a. m.,10000,10500,25/02/2026
HL,2,225,ZARZAL,09:35 a. m.,7600,8400,25/02/2026
VH,1,315,CAUCASIA,09:26 a. m.,5000,5800,25/02/2026
TR,1,340,LA UNION,09:28 a. m.,7800,8400,25/02/2026
HL,5,116,CAUCASIA,09:32 a. m.,9000,9700,25/02/2026
ML,3,127,TRUJILLO,09:40 a. m.,8400,8900,25/02/2026
HV,1,330,TRUJILLO,09:43 a. m.,7800,8300,25/02/2026
VH,1,350,TRUJILLO,09:43 a. m.,7400,8300,25/02/2026
VH,2,332,TRUJILLO,09:44 a. m.,7600,8300,25/02/2026
HL,1,200,TRUJILLO,09:45 a. m.,7600,8100,25/02/2026
ML,2,132,TRUJILLO,09:45 a. m.,8600,10300,25/02/2026
HL,1,155,TRUJILLO,09:47 a. m.,8200,8200,25/02/2026
VH,1,360,BUGALAGRANDE,09:50 a. m.,6400,6400,25/02/2026
ML,1,110,BUGALAGRANDE,09:51 a. m.,11000,12100,25/02/2026
ML,4,236,SEVILLA,09:52 a. m.,7400,8350,25/02/2026
MC,4,298,SEVILLA,09:53 a. m.,7500,8300,25/02/2026
ML,6,195,SEVILLA,09:57 a. m.,9000,9300,25/02/2026
ML,1,185,SEVILLA,09:54 a. m.,6000,7100,25/02/2026
HL,1,160,MONTERIA,09:58 a. m.,7000,7400,25/02/2026
HL,1,130,MONTERIA,10:00 a. m.,8600,10200,25/02/2026
ML,1,205,MONTERIA,10:00 a. m.,9600,10200,25/02/2026
ML,1,225,MONTERIA,10:01 a. m.,9600,9800,25/02/2026
HV,1,250,MONTERIA,10:02 a. m.,8400,8900,25/02/2026
HL,4,165,MONTERIA,10:02 a. m.,9000,9600,25/02/2026
HL,6,212,MONTERIA,10:03 a. m.,9500,9900,25/02/2026
VH,1,225,QUIMBAYA,10:06 a. m.,6000,6600,25/02/2026
VH,3,285,TRUJILLO,10:09 a. m.,7700,8150,25/02/2026
VH,1,315,TRUJILLO,10:11 a. m.,5000,6700,25/02/2026
HV,2,290,TRUJILLO,10:13 a. m.,7000,7950,25/02/2026
VH,3,423,ROLDANILLO,11:29 a. m.,6500,7950,25/02/2026
VH,1,285,TRUJILLO,10:16 a. m.,3000,7400,25/02/2026
VH,1,430,TRUJILLO,10:19 a. m.,7000,8300,25/02/2026
HL,1,240,TRUJILLO,10:20 a. m.,6000,6300,25/02/2026
TR,1,280,TRUJILLO,10:23 a. m.,4000,5000,25/02/2026
MC,1,410,TRUJILLO,10:25 a. m.,7600,7900,25/02/2026
HV,1,310,TRUJILLO,10:24 a. m.,7600,8100,25/02/2026
VP,1,570,TRUJILLO,10:27 a. m.,7000,7000,25/02/2026
VH,1,375,TRUJILLO,10:25 a. m.,6000,7400,25/02/2026
TR,3,253,LA PRIMAVERA,10:37 a. m.,8500,8600,25/02/2026
HV,2,398,TRUJILLO,10:19 a. m.,7400,8300,25/02/2026
TR,2,365,LA PRIMAVERA,10:36 a. m.,7400,8450,25/02/2026
MC,3,337,LA PRIMAVERA,10:27 a. m.,8700,8950,25/02/2026
MC,2,318,LA PRIMAVERA,10:38 a. m.,8000,8300,25/02/2026
VH,1,340,LA VICTORIA,10:46 a. m.,4000,7000,25/02/2026
TR,1,310,LA VICTORIA,10:47 a. m.,8400,8800,25/02/2026
MC,1,310,LA VICTORIA,10:43 a. m.,7400,8500,25/02/2026
ML,1,225,LA VICTORIA,10:47 a. m.,8400,8600,25/02/2026
ML,1,195,LA VICTORIA,10:49 a. m.,8400,8400,25/02/2026
VH,1,395,LA VICTORIA,10:49 a. m.,7000,8000,25/02/2026
ML,1,125,LA VICTORIA,10:50 a. m.,9000,9400,25/02/2026
HV,1,360,LA VICTORIA,10:50 a. m.,6600,8200,25/02/2026
ML,1,135,LA VICTORIA,10:52 a. m.,8000,8000,25/02/2026
ML,1,120,LA VICTORIA,10:52 a. m.,8600,10550,25/02/2026
ML,3,155,ROLDANILLO,10:53 a. m.,8000,8500,25/02/2026
HL,8,214,QUIMBAYA,11:03 a. m.,7300,7900,25/02/2026
HL,2,70,ROLDANILLO,10:55 a. m.,8400,9600,25/02/2026
HV,1,270,ROLDANILLO,11:00 a. m.,8000,8600,25/02/2026
HV,1,325,ROLDANILLO,10:59 a. m.,8000,9100,25/02/2026
HL,1,120,ROLDANILLO,10:58 a. m.,8400,9800,25/02/2026
ML,1,95,ROLDANILLO,11:01 a. m.,9000,10200,25/02/2026
HV,1,250,QUIMBAYA,11:06 a. m.,8000,9100,25/02/2026
ML,1,190,LA VICTORIA,11:18 a. m.,7400,8600,25/02/2026
ML,1,135,LA VICTORIA,11:18 a. m.,9000,9400,25/02/2026
HV,1,255,QUIMBAYA,11:08 a. m.,6600,7800,25/02/2026
TR,1,500,BUGALAGRANDE,11:19 a. m.,6000,8800,25/02/2026
TR,1,310,BUGALAGRANDE,11:22 a. m.,5000,8000,25/02/2026
TO,2,485,BUGALAGRANDE,11:23 a. m.,8000,8550,25/02/2026
TR,1,390,BUGALAGRANDE,11:25 a. m.,6000,6500,25/02/2026
ML,4,191,LA VICTORIA,11:20 a. m.,9500,9600,25/02/2026
VH,2,435,BUGALAGRANDE,11:26 a. m.,5000,6250,25/02/2026
VH,2,440,BUGALAGRANDE,11:27 a. m.,5000,5400,25/02/2026
ML,2,248,BUGALAGRANDE,11:16 a. m.,8000,8400,25/02/2026
VH,3,552,BUGALAGRANDE,11:21 a. m.,6800,7800,25/02/2026
HV,1,395,ROLDANILLO,11:31 a. m.,8000,8200,25/02/2026
TO,1,635,ROLDANILLO,11:33 a. m.,8200,8200,25/02/2026
ML,5,196,GENOVA,11:36 a. m.,8000,8500,25/02/2026
VH,2,418,ROLDANILLO,11:34 a. m.,8000,8100,25/02/2026
TR,5,287,GENOVA,11:39 a. m.,7800,8350,25/02/2026
TR,5,262,GENOVA,11:40 a. m.,8000,8350,25/02/2026
HL,7,216,VERSALLES,11:42 a. m.,8000,8600,25/02/2026
VH,1,400,VERSALLES,11:45 a. m.,4000,4600,25/02/2026
HL,2,222,VERSALLES,11:47 a. m.,7600,8700,25/02/2026
HV,1,280,VERSALLES,11:48 a. m.,7600,8250,25/02/2026
ML,1,180,VERSALLES,11:48 a. m.,8600,9400,25/02/2026
VH,1,375,CARTAGO,11:49 a. m.,4600,5200,25/02/2026
ML,1,125,CARTAGO,11:51 a. m.,10000,10400,25/02/2026
HV,1,305,RIOFRIO,11:58 a. m.,6600,7100,25/02/2026
HL,1,245,RIOFRIO,12:01 p. m.,7600,8650,25/02/2026
VH,1,325,RIOFRIO,12:02 p. m.,7400,8350,25/02/2026
HV,1,365,RIOFRIO,12:03 p. m.,8000,8700,25/02/2026
VH,1,330,RIOFRIO,12:03 p. m.,7600,8300,25/02/2026
MC,1,265,RIOFRIO,12:05 p. m.,6000,6600,25/02/2026
TO,1,510,RIOFRIO,12:05 p. m.,8600,9900,25/02/2026
TR,1,470,RIOFRIO,12:07 p. m.,9400,9800,25/02/2026
VH,1,355,RIOFRIO,12:08 p. m.,7400,8200,25/02/2026
TR,1,460,RIOFRIO,12:09 p. m.,9400,10200,25/02/2026
ML,4,195,SEVILLA,12:10 p. m.,6600,7400,25/02/2026
VH,5,298,LA MACARENA,12:14 p. m.,7400,8000,25/02/2026
VH,7,281,LA MACARENA,12:18 p. m.,6700,7900,25/02/2026
HV,4,252,LA MACARENA,12:20 p. m.,5800,7500,25/02/2026
MC,5,256,TRUJILLO,12:21 p. m.,8000,8600,25/02/2026
HL,1,215,TRUJILLO,12:25 p. m.,6000,7000,25/02/2026
HL,7,164,TRUJILLO,12:27 p. m.,7500,7750,25/02/2026
VP,1,370,URIBE,12:29 p. m.,8000,8200,25/02/2026
VH,1,480,URIBE,12:36 p. m.,6000,7700,25/02/2026
VH,1,390,URIBE,12:35 p. m.,8400,9400,25/02/2026
VH,1,530,URIBE,12:37 p. m.,6600,6600,25/02/2026
HL,1,115,URIBE,12:37 p. m.,8000,9000,25/02/2026
HL,5,244,RESTREPO,12:59 p. m.,8300,8500,25/02/2026
VH,1,240,VIJES,01:04 p. m.,6000,7500,25/02/2026
VH,1,435,VIJES,01:05 p. m.,5600,7200,25/02/2026
ML,1,125,VIJES,01:08 p. m.,9000,9600,25/02/2026
VH,1,380,VIJES,01:08 p. m.,6600,8500,25/02/2026
VI,1,400,VIJES,01:09 p. m.,4600,5200,25/02/2026
ML,1,245,VIJES,01:14 p. m.,6200,7100,25/02/2026
ML,1,110,LA CUMBRE,01:16 p. m.,6000,7300,25/02/2026
ML,4,96,LA CUMBRE,01:21 p. m.,9000,10000,25/02/2026
HL,4,101,LA CUMBRE,01:27 p. m.,9600,10900,25/02/2026
VH,1,460,LA CUMBRE,01:29 p. m.,4800,5800,25/02/2026
VH,1,380,LA CUMBRE,01:31 p. m.,4400,8400,25/02/2026
VH,1,425,LA CUMBRE,01:31 p. m.,7000,9800,25/02/2026
VH,1,410,LA CUMBRE,01:32 p. m.,4000,4600,25/02/2026
VH,1,320,LA CUMBRE,01:33 p. m.,4000,4300,25/02/2026
ML,4,191,SANTANDER DE QUILICHAO,01:41 p. m.,10000,10300,25/02/2026
VH,6,290,CAQUETA,06:50 a. m.,7000,7800,11/06/2025
VH,4,348,CAQUETA,06:53 a. m.,5800,6800,11/06/2025
MC,4,324,LA UNION,06:56 a. m.,8400,8750,11/06/2025
ML,4,240,LA UNION,06:58 a. m.,8600,8800,11/06/2025
ML,2,228,LA UNION,06:59 a. m.,7000,8300,11/06/2025
HL,2,185,LA UNION,07:01 a. m.,8000,8000,11/06/2025
VP,2,388,OBANDO,07:06 a. m.,7000,8000,11/06/2025
HL,2,248,MONTERIA,07:27 a. m.,7000,7600,11/06/2025
HL,2,262,MONTERIA,07:28 a. m.,7800,7900,11/06/2025
HL,1,140,MONTERIA,07:30 a. m.,9000,10000,11/06/2025
ML,4,170,MONTERIA,07:36 a. m.,8000,8350,11/06/2025
HL,1,190,MONTERIA,07:32 a. m.,5000,8500,11/06/2025
ML,1,150,MONTERIA,07:33 a. m.,10000,10500,11/06/2025
ML,6,180,MONTERIA,07:38 a. m.,9000,9200,11/06/2025
ML,1,125,MONTERIA,07:39 a. m.,9000,12000,11/06/2025
HV,7,279,SEVILLA,07:41 a. m.,7600,8200,11/06/2025
HV,1,320,SEVILLA,07:46 a. m.,7600,7600,11/06/2025
HL,1,230,SEVILLA,07:46 a. m.,5500,7500,11/06/2025
HV,1,310,SEVILLA,07:47 a. m.,7800,8000,11/06/2025
HV,5,252,SEVILLA,07:47 a. m.,8000,8200,11/06/2025
HV,2,282,SEVILLA,07:50 a. m.,7000,7400,11/06/2025
HV,2,268,SEVILLA,07:52 a. m.,8000,10000,11/06/2025
HL,9,176,SEVILLA,07:53 a. m.,7800,9400,11/06/2025
HL,6,187,SEVILLA,08:01 a. m.,8400,8600,11/06/2025
HL,5,220,SEVILLA,08:02 a. m.,8000,9300,11/06/2025
HL,6,238,SEVILLA,08:03 a. m.,7800,8400,11/06/2025
HV,1,255,SEVILLA,08:05 a. m.,7600,7800,11/06/2025
HV,1,295,SEVILLA,08:06 a. m.,7600,7600,11/06/2025
HL,1,210,SEVILLA,08:07 a. m.,7000,7400,11/06/2025
HL,2,212,SEVILLA,08:08 a. m.,7000,7600,11/06/2025
ML,1,275,SEVILLA,08:09 a. m.,7600,8200,11/06/2025
MC,1,345,SEVILLA,08:11 a. m.,6000,7200,11/06/2025
VI,1,475,SEVILLA,08:12 a. m.,5000,5400,11/06/2025
VI,1,405,SEVILLA,08:14 a. m.,4000,4400,11/06/2025
VH,1,395,SEVILLA,08:14 a. m.,6000,6000,11/06/2025
ML,1,195,SEVILLA,08:13 a. m.,8000,8600,11/06/2025
ML,3,125,SEVILLA,08:15 a. m.,7500,9000,11/06/2025
ML,6,167,SEVILLA,08:17 a. m.,6000,7000,11/06/2025
VH,1,420,ZARZAL,08:18 a. m.,7000,8000,11/06/2025
HV,1,290,ZARZAL,08:20 a. m.,7000,7000,11/06/2025
VH,1,480,ZARZAL,08:21 a. m.,8000,8000,11/06/2025
ML,1,140,SEVILLA,08:25 a. m.,11000,11250,11/06/2025
ML,1,50,SEVILLA,08:29 a. m.,7000,9000,11/06/2025
HL,1,85,SEVILLA,08:26 a. m.,10000,12500,11/06/2025
HL,1,60,SEVILLA,08:28 a. m.,4000,7500,11/06/2025
HL,1,115,SEVILLA,08:27 a. m.,10000,12000,11/06/2025
ML,1,85,SEVILLA,08:29 a. m.,6000,8750,11/06/2025
HL,3,113,SEVILLA,08:30 a. m.,8500,9500,11/06/2025
HL,1,165,TORO,08:31 a. m.,7000,9000,11/06/2025
HV,1,275,TORO,08:34 a. m.,6000,7600,11/06/2025
HL,1,240,TORO,08:34 a. m.,4500,5500,11/06/2025
HL,1,175,TORO,08:38 a. m.,7500,7500,11/06/2025
VI,1,335,LA UNION,08:38 a. m.,4000,4600,11/06/2025
HL,1,75,LA UNION,08:44 a. m.,9000,11500,11/06/2025
VH,1,330,LA UNION,08:44 a. m.,6000,6900,11/06/2025
ML,1,55,LA UNION,08:45 a. m.,5000,6000,11/06/2025
HL,2,215,RESTREPO,08:45 a. m.,7000,7700,11/06/2025
HL,2,132,RESTREPO,08:47 a. m.,9000,9000,11/06/2025
HL,1,165,RESTREPO,08:47 a. m.,5000,7500,11/06/2025
ML,3,108,RESTREPO,08:48 a. m.,8000,9750,11/06/2025
HL,3,92,RESTREPO,08:50 a. m.,10000,11500,11/06/2025
HL,2,48,RESTREPO,08:51 a. m.,8000,12000,11/06/2025
VP,1,390,RESTREPO,08:52 a. m.,7500,9500,11/06/2025
VH,1,500,RESTREPO,08:54 a. m.,8000,8500,11/06/2025
HV,1,370,RESTREPO,08:55 a. m.,6000,7200,11/06/2025
VH,1,475,RESTREPO,08:56 a. m.,7500,8500,11/06/2025
VH,1,420,RESTREPO,08:56 a. m.,7500,9500,11/06/2025
VH,1,550,RESTREPO,09:01 a. m.,7000,7500,11/06/2025
VH,1,535,RESTREPO,09:04 a. m.,6500,8000,11/06/2025
VH,1,465,RESTREPO,09:05 a. m.,7000,7500,11/06/2025
VH,1,455,RESTREPO,09:09 a. m.,7000,7750,11/06/2025
VP,1,415,RESTREPO,09:09 a. m.,7000,8500,11/06/2025
HL,4,128,RESTREPO,09:10 a. m.,9000,9700,11/06/2025
ML,1,215,SEVILLA,09:13 a. m.,9000,9200,11/06/2025
ML,1,260,SEVILLA,09:15 a. m.,9000,9700,11/06/2025
HL,3,195,SEVILLA,09:16 a. m.,10000,10750,11/06/2025
BH,1,445,SEVILLA,09:21 a. m.,7600,7800,11/06/2025
BH,1,460,SEVILLA,09:29 a. m.,5000,6200,11/06/2025
BH,1,160,SEVILLA,09:32 a. m.,8000,8600,11/06/2025
BH,1,505,SEVILLA,09:33 a. m.,7400,7600,11/06/2025
BF,1,305,SEVILLA,09:33 a. m.,4000,6000,11/06/2025
BH,1,520,SEVILLA,09:34 a. m.,4600,5300,11/06/2025
BH,2,360,SEVILLA,09:35 a. m.,7400,7600,11/06/2025
BH,2,382,SEVILLA,09:36 a. m.,7600,7600,11/06/2025
BH,2,378,SEVILLA,09:37 a. m.,7600,7800,11/06/2025
BH,2,380,SEVILLA,09:38 a. m.,7400,7700,11/06/2025
VH,2,342,SAN VICENTE,09:40 a. m.,6000,7200,11/06/2025
VI,1,330,SAN VICENTE,09:45 a. m.,4000,5100,11/06/2025
VI,2,350,SAN VICENTE,09:44 a. m.,4000,5400,11/06/2025
VH,2,360,SAN VICENTE,09:46 a. m.,6600,7200,11/06/2025
VI,1,415,SAN VICENTE,09:47 a. m.,4000,5200,11/06/2025
VI,2,212,SAN VICENTE,09:48 a. m.,5000,8250,11/06/2025
VI,2,238,SAN VICENTE,09:49 a. m.,5000,8000,11/06/2025
ML,4,64,SAN VICENTE,09:50 a. m.,8000,10000,11/06/2025
HL,1,70,SAN VICENTE,09:52 a. m.,2000,6000,11/06/2025
HL,1,80,SAN VICENTE,09:51 a. m.,10000,11000,11/06/2025
ML,1,95,SAN VICENTE,09:55 a. m.,10000,12000,11/06/2025
HL,1,105,SAN VICENTE,09:56 a. m.,9000,11000,11/06/2025
ML,1,45,SAN VICENTE,09:56 a. m.,4000,7000,11/06/2025
ML,1,45,SAN VICENTE,09:56 a. m.,4000,7000,11/06/2025
HL,3,100,SAN VICENTE,09:57 a. m.,9500,11000,11/06/2025
ML,1,160,ROLDANILLO,10:01 a. m.,3500,5500,11/06/2025
HL,1,160,ROLDANILLO,09:58 a. m.,6000,9000,11/06/2025
ML,1,125,ROLDANILLO,10:02 a. m.,6000,7750,11/06/2025
HL,1,180,ROLDANILLO,10:00 a. m.,8000,9000,11/06/2025
HL,1,135,ROLDANILLO,10:04 a. m.,9000,9500,11/06/2025
HL,1,180,ROLDANILLO,10:04 a. m.,6000,8750,11/06/2025
HL,1,155,ROLDANILLO,10:06 a. m.,8000,9500,11/06/2025
HL,1,155,ROLDANILLO,10:07 a. m.,7000,7500,11/06/2025
ML,1,80,ROLDANILLO,10:10 a. m.,1000,2000,11/06/2025
HL,3,160,ROLDANILLO,10:12 a. m.,8000,8900,11/06/2025
HL,3,173,ROLDANILLO,10:12 a. m.,8000,9000,11/06/2025
ML,1,145,GUACARI,10:31 a. m.,7000,8250,11/06/2025
ML,2,202,ROLDANILLO,10:13 a. m.,7000,8000,11/06/2025
HL,2,200,SEVILLA,10:32 a. m.,7400,8000,11/06/2025
ML,1,280,GUACARI,10:28 a. m.,8000,8000,11/06/2025
MC,1,295,GUACARI,10:26 a. m.,6600,7400,11/06/2025
ML,2,188,ROLDANILLO,10:17 a. m.,4500,7250,11/06/2025
HV,1,245,GUACARI,10:30 a. m.,8000,8500,11/06/2025
ML,1,210,GUACARI,10:29 a. m.,8600,8600,11/06/2025
ML,1,230,SEVILLA,10:39 a. m.,7600,7600,11/06/2025
HL,1,215,SEVILLA,10:35 a. m.,7600,7800,11/06/2025
HV,1,305,SEVILLA,10:36 a. m.,7000,7600,11/06/2025
ML,1,115,SEVILLA,10:41 a. m.,10000,11250,11/06/2025
HL,1,110,SEVILLA,10:40 a. m.,9000,10000,11/06/2025
HL,1,120,SEVILLA,10:39 a. m.,8500,9500,11/06/2025
HV,3,267,SAN VICENTE,10:41 a. m.,7600,8200,11/06/2025
HV,3,285,SAN VICENTE,10:44 a. m.,7400,8200,11/06/2025
VI,1,340,ROLDANILLO,10:46 a. m.,4000,4800,11/06/2025
HV,2,275,ROLDANILLO,10:49 a. m.,7000,7600,11/06/2025
HL,2,208,ROLDANILLO,10:49 a. m.,7800,7800,11/06/2025
HV,3,273,SAN VICENTE,10:45 a. m.,7400,8000,11/06/2025
HL,1,245,BOLIVAR,10:50 a. m.,8000,8400,11/06/2025
HV,1,315,BOLIVAR,10:54 a. m.,8000,8400,11/06/2025
HV,1,255,BOLIVAR,10:54 a. m.,7600,9200,11/06/2025
HV,1,375,BOLIVAR,10:56 a. m.,8000,8600,11/06/2025
VH,1,360,BOLIVAR,10:58 a. m.,6400,6900,11/06/2025
VP,1,455,BOLIVAR,10:59 a. m.,7500,8500,11/06/2025
VP,1,515,TULUA,10:59 a. m.,6500,8000,11/06/2025
VP,1,370,TULUA,11:03 a. m.,6500,6500,11/06/2025
VH,1,495,ZARZAL,11:15 a. m.,7600,8900,11/06/2025
HL,1,125,ZARZAL,11:18 a. m.,9000,9500,11/06/2025
HL,1,155,ZARZAL,11:17 a. m.,6500,6500,11/06/2025
HL,1,215,TULUA,11:05 a. m.,4000,5250,11/06/2025
ML,1,190,TULUA,11:03 a. m.,5500,8250,11/06/2025
HV,1,210,TULUA,11:05 a. m.,5000,6000,11/06/2025
ML,1,90,TULUA,11:07 a. m.,10000,12500,11/06/2025
ML,1,55,TULUA,11:13 a. m.,4000,7000,11/06/2025
ML,1,80,TULUA,11:06 a. m.,1000,3000,11/06/2025
ML,1,55,TULUA,11:09 a. m.,2000,5000,11/06/2025
ML,1,55,TULUA,11:10 a. m.,2000,6000,11/06/2025
HL,4,168,BUGALAGRANDE,11:19 a. m.,8400,9000,11/06/2025
HL,1,180,BUGALAGRANDE,11:20 a. m.,4000,7250,11/06/2025
HL,1,195,BUGALAGRANDE,11:22 a. m.,9000,9400,11/06/2025
HL,3,233,BUGALAGRANDE,11:25 a. m.,8000,8400,11/06/2025
HV,1,395,BUGALAGRANDE,11:26 a. m.,7400,8050,11/06/2025
VH,1,460,BUGALAGRANDE,11:26 a. m.,7600,8700,11/06/2025
VH,1,430,BUGALAGRANDE,11:27 a. m.,6600,7200,11/06/2025
VH,1,550,BUGALAGRANDE,11:28 a. m.,6600,7100,11/06/2025
VH,2,472,BUGALAGRANDE,11:29 a. m.,7000,8000,11/06/2025
HV,1,320,BUGALAGRANDE,11:30 a. m.,8000,8000,11/06/2025
ML,1,45,LA UNION,11:33 a. m.,4000,7000,11/06/2025
VH,2,212,VERSALLES,11:35 a. m.,6400,6800,11/06/2025
ML,2,178,VERSALLES,11:36 a. m.,7000,8600,11/06/2025
ML,1,175,VERSALLES,11:37 a. m.,4000,5750,11/06/2025
HV,1,215,VERSALLES,11:37 a. m.,5000,6250,11/06/2025
ML,1,235,VERSALLES,11:38 a. m.,4000,5000,11/06/2025
HL,1,145,VERSALLES,11:40 a. m.,8000,8000,11/06/2025
ML,4,199,VERSALLES,11:40 a. m.,8000,8400,11/06/2025
VH,1,280,SEVILLA,11:43 a. m.,6000,6600,11/06/2025
VI,1,340,SEVILLA,11:44 a. m.,5000,6400,11/06/2025
VH,1,355,SEVILLA,11:45 a. m.,6400,7000,11/06/2025
HL,1,100,SEVILLA,11:45 a. m.,10000,11500,11/06/2025
VH,1,355,SEVILLA,11:47 a. m.,6800,7500,11/06/2025
HL,1,70,SEVILLA,11:49 a. m.,8000,10000,11/06/2025
VH,1,335,SEVILLA,11:48 a. m.,7200,7200,11/06/2025
HV,1,255,SEVILLA,11:49 a. m.,8000,8300,11/06/2025
HV,1,310,SEVILLA,11:50 a. m.,6000,7000,11/06/2025
VH,1,310,SEVILLA,11:51 a. m.,6600,7600,11/06/2025
HV,1,320,SEVILLA,11:52 a. m.,5500,7500,11/06/2025
HV,1,260,SEVILLA,11:53 a. m.,7000,7400,11/06/2025
HV,1,260,SEVILLA,11:54 a. m.,7000,7000,11/06/2025
VI,2,375,SEVILLA,11:54 a. m.,4000,4400,11/06/2025
HV,2,258,SEVILLA,11:56 a. m.,7800,8100,11/06/2025
HL,4,229,SEVILLA,11:57 a. m.,6600,8000,11/06/2025
MC,2,265,CAQUETA,12:00 p. m.,4800,6800,11/06/2025
ML,3,153,CAQUETA,12:02 p. m.,5800,7200,11/06/2025
ML,1,175,CAQUETA,12:04 p. m.,5500,6750,11/06/2025
HL,1,210,CAQUETA,12:06 p. m.,5000,6500,11/06/2025
ML,1,105,CAQUETA,12:09 p. m.,4500,7000,11/06/2025
HL,1,210,CAQUETA,12:08 p. m.,5000,6750,11/06/2025
HL,1,220,CAQUETA,12:10 p. m.,7800,8400,11/06/2025
HL,1,130,CAQUETA,12:10 p. m.,3000,9000,11/06/2025
HL,6,153,CAQUETA,12:03 p. m.,8600,9000,11/06/2025
HL,8,146,CAQUETA,12:11 p. m.,8000,9200,11/06/2025
HL,2,170,CAQUETA,12:14 p. m.,7000,8000,11/06/2025
ML,2,218,JAMUNDI,12:14 p. m.,9000,9600,11/06/2025
VH,1,400,JAMUNDI,12:16 p. m.,5800,7200,11/06/2025
HV,1,330,JAMUNDI,12:18 p. m.,7600,8000,11/06/2025
HV,1,305,JAMUNDI,12:19 p. m.,7600,9000,11/06/2025
HV,1,310,JAMUNDI,12:20 p. m.,7800,8200,11/06/2025
HV,1,275,JAMUNDI,12:22 p. m.,8000,8400,11/06/2025
HV,1,290,JAMUNDI,12:24 p. m.,7400,8000,11/06/2025
HL,1,245,JAMUNDI,12:26 p. m.,5000,7750,11/06/2025
HV,1,260,JAMUNDI,12:28 p. m.,8000,8200,11/06/2025
HL,4,171,JAMUNDI,12:30 p. m.,8400,9300,11/06/2025
HL,4,195,JAMUNDI,12:31 p. m.,8400,9200,11/06/2025
HL,4,192,JAMUNDI,12:32 p. m.,8400,9100,11/06/2025
VH,1,340,BUGALAGRANDE,12:36 p. m.,6000,7200,11/06/2025
VH,1,315,BUGALAGRANDE,12:37 p. m.,6600,7400,11/06/2025
HV,1,295,BUGALAGRANDE,12:38 p. m.,8000,8000,11/06/2025
VI,1,495,BUGALAGRANDE,12:39 p. m.,4000,4400,11/06/2025
HV,2,222,BUGALAGRANDE,12:40 p. m.,6000,6800,11/06/2025
ML,2,180,BUGALAGRANDE,12:41 p. m.,9000,9300,11/06/2025
HL,1,75,TULUA,12:48 p. m.,8000,11000,11/06/2025
HL,1,170,TULUA,12:46 p. m.,8000,9400,11/06/2025
ML,1,135,BUGALAGRANDE,12:44 p. m.,9500,10500,11/06/2025
HL,1,165,BUGALAGRANDE,12:45 p. m.,7600,9400,11/06/2025
ML,2,102,TULUA,12:49 p. m.,9000,9500,11/06/2025
HL,2,120,TULUA,12:50 p. m.,9000,9500,11/06/2025
HV,1,335,TULUA,12:51 p. m.,6400,7200,11/06/2025
VI,1,385,TULUA,12:52 p. m.,3000,4000,11/06/2025
VI,1,335,TULUA,12:53 p. m.,3000,3400,11/06/2025
ML,2,175,YOTOCO,12:54 p. m.,7400,8300,11/06/2025
VP,1,490,YOTOCO,12:56 p. m.,7500,7500,11/06/2025
VI,1,360,YOTOCO,12:57 p. m.,5400,7000,11/06/2025
HV,1,320,YOTOCO,12:59 p. m.,5000,6750,11/06/2025
VI,1,225,YOTOCO,12:59 p. m.,3000,5500,11/06/2025
HV,1,340,YOTOCO,01:01 p. m.,7800,8000,11/06/2025
MC,1,300,YOTOCO,01:02 p. m.,5000,5700,11/06/2025
ML,1,70,YOTOCO,01:06 p. m.,8000,11500,11/06/2025
HL,1,160,YOTOCO,01:03 p. m.,10000,11250,11/06/2025
HV,1,360,YOTOCO,01:05 p. m.,6400,7400,11/06/2025
ML,1,235,YOTOCO,01:08 p. m.,7400,8000,11/06/2025
VH,1,290,YOTOCO,01:05 p. m.,6800,8200,11/06/2025
VH,1,355,YOTOCO,01:07 p. m.,6000,6600,11/06/2025
ML,1,55,PEREIRA,01:17 p. m.,2000,6000,11/06/2025
HL,1,40,PEREIRA,01:15 p. m.,8000,12500,11/06/2025
HL,1,45,PEREIRA,01:18 p. m.,7000,9000,11/06/2025
ML,1,40,PEREIRA,01:15 p. m.,2000,2000,11/06/2025
ML,1,40,PEREIRA,01:16 p. m.,4000,9000,11/06/2025
ML,2,75,MISTRATO,01:20 p. m.,4000,7500,11/06/2025
ML,1,100,PEREIRA,01:19 p. m.,2000,5000,11/06/2025
VH,1,510,CARTAGO,01:24 p. m.,7400,8200,11/06/2025
VH,1,520,CARTAGO,01:28 p. m.,6000,6000,11/06/2025
VH,1,530,CARTAGO,01:29 p. m.,5000,5300,11/06/2025
HV,2,335,CARTAGO,01:30 p. m.,6400,6800,11/06/2025
VH,2,372,CARTAGO,01:30 p. m.,6000,6600,11/06/2025
HV,2,308,CARTAGO,01:31 p. m.,7800,8400,11/06/2025
HV,1,360,CARTAGO,01:32 p. m.,8200,8600,11/06/2025
VH,1,460,CAICEDONIA,01:33 p. m.,5000,7000,11/06/2025
VH,1,505,CAICEDONIA,01:42 p. m.,4800,6300,11/06/2025
VH,1,430,CAICEDONIA,01:43 p. m.,5400,6900,11/06/2025
VP,1,385,CAICEDONIA,01:43 p. m.,7000,8250,11/06/2025
HV,3,303,SEVILLA,01:44 p. m.,7800,8200,11/06/2025
HV,4,315,CARTAGO,01:36 p. m.,7600,8300,11/06/2025
HL,1,225,SEVILLA,01:46 p. m.,5500,7000,11/06/2025
TR,1,505,SEVILLA,01:47 p. m.,6000,7500,11/06/2025
HL,1,190,SEVILLA,01:48 p. m.,5000,7500,11/06/2025
HL,2,188,SEVILLA,01:49 p. m.,8000,8800,11/06/2025
ML,1,235,SEVILLA,01:52 p. m.,6000,7750,11/06/2025
HV,1,345,ROLDANILLO,01:52 p. m.,6500,8000,11/06/2025
ML,1,90,ROLDANILLO,01:54 p. m.,10000,12000,11/06/2025
VH,1,470,BUGALAGRANDE,01:56 p. m.,5800,7100,11/06/2025
HV,1,275,BUGALAGRANDE,01:59 p. m.,7800,8400,11/06/2025
HV,1,300,BUGALAGRANDE,02:00 p. m.,6800,7200,11/06/2025
HL,1,125,BUGALAGRANDE,02:02 p. m.,9000,12500,11/06/2025
HL,1,150,BUGALAGRANDE,02:01 p. m.,8500,10750,11/06/2025
HV,1,265,VIJES,02:09 p. m.,5500,8500,11/06/2025
HL,1,115,VIJES,03:08 p. m.,8000,10000,11/06/2025
VH,1,435,VIJES,03:09 p. m.,4600,6800,11/06/2025
ML,1,145,VIJES,03:09 p. m.,7000,8000,11/06/2025
MC,1,250,VIJES,03:10 p. m.,7600,7600,11/06/2025
VH,1,420,VIJES,03:10 p. m.,4800,5600,11/06/2025
VH,1,410,VIJES,03:10 p. m.,4800,5400,11/06/2025
VH,1,555,VIJES,03:11 p. m.,4600,6600,11/06/2025
HV,1,390,VIJES,03:07 p. m.,7000,9000,11/06/2025
HL,1,210,VIJES,03:11 p. m.,6600,6600,11/06/2025
ML,10,124,ZARZAL,06:03 a. m.,10000,11450,01/10/2025
ML,1,95,ZARZAL,06:04 a. m.,10000,11400,01/10/2025
HL,2,150,MONTERIA,06:11 a. m.,8000,8400,01/10/2025
ML,1,130,MONTERIA,06:13 a. m.,7800,9200,01/10/2025
ML,2,92,MONTERIA,06:15 a. m.,9000,9400,01/10/2025
ML,3,83,MONTERIA,06:18 a. m.,9000,9400,01/10/2025
ML,1,95,MONTERIA,06:19 a. m.,7200,8800,01/10/2025
ML,1,85,MONTERIA,06:21 a. m.,9400,9800,01/10/2025
HL,1,140,ZARZAL,06:33 a. m.,5000,6000,01/10/2025
TR,1,320,ZARZAL,06:35 a. m.,8400,9000,01/10/2025
ML,1,110,OBANDO,06:42 a. m.,8000,10800,01/10/2025
HL,1,115,OBANDO,06:45 a. m.,10000,13000,01/10/2025
HL,1,60,OBANDO,06:40 a. m.,9000,9600,01/10/2025
ML,1,80,OBANDO,06:43 a. m.,7000,9100,01/10/2025
ML,1,170,OBANDO,06:44 a. m.,8600,8700,01/10/2025
ML,1,135,OBANDO,06:46 a. m.,8200,8900,01/10/2025
ML,1,65,OBANDO,06:48 a. m.,5000,5800,01/10/2025
HL,1,85,OBANDO,06:47 a. m.,8000,11400,01/10/2025
HL,1,135,OBANDO,06:50 a. m.,8400,8600,01/10/2025
HL,1,190,OBANDO,06:51 a. m.,7000,13000,01/10/2025
ML,1,195,OBANDO,06:53 a. m.,5000,5800,01/10/2025
MC,1,285,OBANDO,06:54 a. m.,6000,6600,01/10/2025
HL,6,196,LA VICTORIA,06:57 a. m.,8200,9000,01/10/2025
TR,1,250,LA VICTORIA,06:58 a. m.,9000,10000,01/10/2025
HL,1,105,ZARZAL,06:59 a. m.,9000,11300,01/10/2025
VH,1,375,ZARZAL,07:01 a. m.,7000,8700,01/10/2025
HL,2,205,CAUCASIA,07:03 a. m.,8000,8300,01/10/2025
ML,5,90,CAUCASIA,07:04 a. m.,11000,12200,01/10/2025
ML,1,130,CAUCASIA,07:06 a. m.,9400,10300,01/10/2025
HL,1,120,CAUCASIA,07:08 a. m.,8400,8900,01/10/2025
HL,1,140,CAUCASIA,07:07 a. m.,7000,9000,01/10/2025
ML,1,85,CAUCASIA,07:09 a. m.,9000,13000,01/10/2025
VH,1,300,ROLDANILLO,07:10 a. m.,7600,8200,01/10/2025
VH,1,380,ROLDANILLO,07:12 a. m.,7000,8000,01/10/2025
VI,1,400,ZARZAL,07:13 a. m.,4800,6200,01/10/2025
ML,1,130,LA UNION,07:15 a. m.,7800,9700,01/10/2025
HL,1,155,LA UNION,07:19 a. m.,8400,9000,01/10/2025
HL,1,185,LA UNION,07:18 a. m.,8500,9000,01/10/2025
ML,1,210,LA UNION,07:17 a. m.,9600,10000,01/10/2025
ML,2,95,LA UNION,07:21 a. m.,10000,12300,01/10/2025
HL,1,100,LA UNION,07:21 a. m.,8800,11000,01/10/2025
HL,1,125,LA UNION,07:24 a. m.,7000,7800,01/10/2025
ML,1,105,LA UNION,07:24 a. m.,9600,12400,01/10/2025
ML,6,146,CAUCASIA,07:37 a. m.,10000,11000,01/10/2025
ML,6,118,CAUCASIA,07:39 a. m.,11000,11600,01/10/2025
ML,6,138,CAUCASIA,07:41 a. m.,10000,10000,01/10/2025
ML,2,140,CAUCASIA,07:46 a. m.,10000,10400,01/10/2025
ML,1,145,CAUCASIA,07:47 a. m.,9000,9700,01/10/2025
TR,1,390,CAUCASIA,07:49 a. m.,8600,8600,01/10/2025
MC,1,255,CAUCASIA,07:54 a. m.,4000,6400,01/10/2025
MC,1,345,CAUCASIA,07:51 a. m.,8400,8600,01/10/2025
TR,1,400,CAUCASIA,07:52 a. m.,8400,8900,01/10/2025
TR,1,395,CAUCASIA,07:56 a. m.,8700,8700,01/10/2025
TR,1,365,ZARZAL,07:56 a. m.,9000,9000,01/10/2025
MC,1,255,ZARZAL,07:58 a. m.,7800,8100,01/10/2025
VH,1,320,ZARZAL,08:10 a. m.,6400,7800,01/10/2025
HL,1,135,ZARZAL,08:10 a. m.,8800,9800,01/10/2025
HV,2,288,ZARZAL,08:11 a. m.,7400,8200,01/10/2025
HV,2,228,ZARZAL,08:12 a. m.,7000,8000,01/10/2025
TR,1,460,TULUA,08:14 a. m.,7800,9200,01/10/2025
ML,3,167,CAUCASIA,08:01 a. m.,9000,9500,01/10/2025
ML,1,110,CAUCASIA,08:02 a. m.,10000,10900,01/10/2025
ML,1,115,CAUCASIA,08:06 a. m.,9000,10800,01/10/2025
ML,6,120,LA COSTA,08:15 a. m.,10000,10800,01/10/2025
ML,5,209,OBANDO,08:18 a. m.,9400,10000,01/10/2025
ML,1,160,OBANDO,08:21 a. m.,8700,9500,01/10/2025
ML,7,112,LA COSTA,08:17 a. m.,9000,10400,01/10/2025
ML,6,173,OBANDO,08:23 a. m.,9400,9800,01/10/2025
MC,1,235,GUACARI,08:32 a. m.,8800,9600,01/10/2025
HL,1,215,GUACARI,08:34 a. m.,6000,7700,01/10/2025
TR,1,270,GUACARI,08:35 a. m.,8000,8400,01/10/2025
MC,1,255,GUACARI,08:35 a. m.,8400,8950,01/10/2025
VH,1,415,BUGALAGRANDE,08:35 a. m.,7800,8600,01/10/2025
VH,1,400,BUGALAGRANDE,08:36 a. m.,8000,9800,01/10/2025
VH,1,495,BUGALAGRANDE,08:38 a. m.,7400,9100,01/10/2025
TR,2,370,ANSERMANUEVO,08:38 a. m.,6800,7400,01/10/2025
HL,1,150,SAN PEDRO,09:00 a. m.,8400,8600,01/10/2025
ML,1,175,OBANDO,08:25 a. m.,5000,6000,01/10/2025
TR,1,365,ANSERMANUEVO,08:40 a. m.,8600,8900,01/10/2025
ML,1,220,ANSERMANUEVO,08:42 a. m.,9000,9200,01/10/2025
ML,1,170,ANSERMANUEVO,08:45 a. m.,9800,10500,01/10/2025
HL,1,130,ANSERMANUEVO,08:41 a. m.,12000,12400,01/10/2025
ML,1,145,ANSERMANUEVO,08:43 a. m.,9200,10600,01/10/2025
ML,1,120,ANSERMANUEVO,08:43 a. m.,11000,12500,01/10/2025
VI,1,470,YOTOCO,08:46 a. m.,4000,5000,01/10/2025
VH,1,460,YOTOCO,08:48 a. m.,7400,7800,01/10/2025
ML,1,120,YOTOCO,08:48 a. m.,9200,10600,01/10/2025
VI,1,465,YOTOCO,08:49 a. m.,4000,4800,01/10/2025
HL,1,190,YOTOCO,08:53 a. m.,8200,8350,01/10/2025
ML,1,180,YOTOCO,08:54 a. m.,6000,6900,01/10/2025
ML,1,160,YOTOCO,08:52 a. m.,7200,7900,01/10/2025
ML,1,110,YOTOCO,08:55 a. m.,4000,4000,01/10/2025
HL,1,35,YOTOCO,08:57 a. m.,8000,8000,01/10/2025
ML,1,30,YOTOCO,08:58 a. m.,6000,7200,01/10/2025
HL,1,155,SAN PEDRO,09:02 a. m.,8400,9000,01/10/2025
ML,2,98,SAN PEDRO,09:03 a. m.,8000,10200,01/10/2025
VH,1,350,VERSALLES,09:03 a. m.,7400,8200,01/10/2025
VH,1,405,VERSALLES,09:05 a. m.,5200,7000,01/10/2025
ML,1,120,VERSALLES,09:07 a. m.,8500,9450,01/10/2025
VP,1,400,VERSALLES,09:05 a. m.,6400,6400,01/10/2025
HV,1,335,ROLDANILLO,09:10 a. m.,7000,8200,01/10/2025
TR,1,435,ROLDANILLO,09:07 a. m.,8800,9200,01/10/2025
HL,1,60,ROLDANILLO,09:14 a. m.,10000,15400,01/10/2025
HV,1,385,LA VEGA,09:16 a. m.,7400,8700,01/10/2025
VH,1,325,LA VEGA,09:19 a. m.,7600,7900,01/10/2025
HV,1,255,LA VEGA,09:19 a. m.,6000,7000,01/10/2025
ML,2,222,BUGALAGRANDE,09:21 a. m.,8000,8800,01/10/2025
ML,1,135,BUGALAGRANDE,09:20 a. m.,8400,9800,01/10/2025
TR,2,288,ROLDANILLO,09:22 a. m.,8000,9200,01/10/2025
TR,1,305,ROLDANILLO,09:25 a. m.,8400,8600,01/10/2025
ML,1,245,ROLDANILLO,09:24 a. m.,7000,8200,01/10/2025
VI,1,325,ANDALUCIA,09:29 a. m.,4800,6200,01/10/2025
VH,1,390,ANDALUCIA,09:31 a. m.,4600,6400,01/10/2025
VH,1,405,ANDALUCIA,09:31 a. m.,5400,6600,01/10/2025
VH,1,340,ANDALUCIA,09:32 a. m.,4800,5000,01/10/2025
ML,1,160,ANDALUCIA,09:32 a. m.,7000,7800,01/10/2025
ML,5,140,GUACARI,09:33 a. m.,8800,9000,01/10/2025
ML,1,175,GUACARI,09:36 a. m.,6000,6200,01/10/2025
ML,2,180,GUACARI,09:35 a. m.,5800,7400,01/10/2025
HL,1,175,LA UNION,09:40 a. m.,9000,9800,01/10/2025
HV,1,255,LA UNION,09:39 a. m.,8600,11200,01/10/2025
ML,5,181,SEVILLA,09:41 a. m.,8800,9200,01/10/2025
ML,8,166,GUACARI,09:37 a. m.,9400,9400,01/10/2025
ML,4,136,SEVILLA,09:44 a. m.,8400,8700,01/10/2025
VP,1,435,ROLDANILLO,09:46 a. m.,7000,8000,01/10/2025
ML,1,55,ROLDANILLO,09:48 a. m.,10000,12000,01/10/2025
ML,1,90,ROLDANILLO,09:52 a. m.,10000,12400,01/10/2025
ML,1,75,ROLDANILLO,09:53 a. m.,11000,12800,01/10/2025
ML,1,100,ROLDANILLO,09:51 a. m.,11000,12800,01/10/2025
HV,3,328,EL DOVIO,09:53 a. m.,7000,8000,01/10/2025
MC,1,380,SEVILLA,09:57 a. m.,7800,8650,01/10/2025
HV,1,315,SEVILLA,10:02 a. m.,8000,8400,01/10/2025
TR,1,325,SEVILLA,10:02 a. m.,7600,8300,01/10/2025
MC,1,305,SEVILLA,10:03 a. m.,7400,8000,01/10/2025
MC,2,240,SEVILLA,10:04 a. m.,6600,7000,01/10/2025
HL,1,175,EL DOVIO,09:59 a. m.,8000,8600,01/10/2025
HL,1,245,EL DOVIO,10:00 a. m.,7000,7500,01/10/2025
VH,1,340,BUGALAGRANDE,10:09 a. m.,6800,8100,01/10/2025
VH,3,422,BUGALAGRANDE,10:14 a. m.,5400,6000,01/10/2025
VH,1,570,BUGALAGRANDE,10:15 a. m.,7400,7800,01/10/2025
VI,1,450,BUGALAGRANDE,10:17 a. m.,5000,6400,01/10/2025
VH,1,510,BUGALAGRANDE,10:17 a. m.,5000,5400,01/10/2025
VI,1,465,BUGALAGRANDE,10:18 a. m.,4800,5300,01/10/2025
VI,1,515,BUGALAGRANDE,10:19 a. m.,4800,5600,01/10/2025
VH,2,432,BUGALAGRANDE,10:06 a. m.,4800,5800,01/10/2025
VI,1,455,LA PRIMAVERA,10:20 a. m.,7400,8200,01/10/2025
VH,1,450,LA PRIMAVERA,10:22 a. m.,4400,5200,01/10/2025
VH,1,450,LA PRIMAVERA,10:23 a. m.,7400,8400,01/10/2025
VH,1,440,LA PRIMAVERA,10:23 a. m.,7200,7400,01/10/2025
HV,1,380,LA PRIMAVERA,10:24 a. m.,6600,7000,01/10/2025
VH,1,385,LA PRIMAVERA,10:24 a. m.,7800,8550,01/10/2025
ML,3,140,PEREIRA,10:25 a. m.,10000,10400,01/10/2025
ML,1,240,PEREIRA,10:27 a. m.,8800,9600,01/10/2025
VH,1,255,BUENAVISTA,10:29 a. m.,6800,8200,01/10/2025
VH,1,375,BUENAVISTA,10:31 a. m.,5000,5800,01/10/2025
HV,1,265,BUENAVISTA,10:32 a. m.,6800,7950,01/10/2025
HV,1,365,BUENAVISTA,10:32 a. m.,8400,8800,01/10/2025
ML,1,190,BUENAVISTA,10:34 a. m.,8600,8800,01/10/2025
VH,1,365,BUENAVISTA,10:34 a. m.,5000,5800,01/10/2025
HL,1,75,BUENAVISTA,10:33 a. m.,12000,12000,01/10/2025
HL,1,80,CARTAGO,10:35 a. m.,11000,12800,01/10/2025
VH,1,455,CARTAGO,10:39 a. m.,5000,5800,01/10/2025
VP,1,555,CARTAGO,10:42 a. m.,5600,5600,01/10/2025
VP,1,385,CARTAGO,10:40 a. m.,6000,6800,01/10/2025
TR,1,395,CARTAGO,10:43 a. m.,8400,8700,01/10/2025
TR,1,250,CARTAGO,10:45 a. m.,7000,7400,01/10/2025
HV,5,283,EL DOVIO,10:46 a. m.,9000,9200,01/10/2025
HV,5,290,EL DOVIO,10:48 a. m.,8600,9200,01/10/2025
HV,3,258,EL DOVIO,10:49 a. m.,8000,8400,01/10/2025
ML,4,184,TORO,10:49 a. m.,9000,9600,01/10/2025
ML,6,140,TORO,10:52 a. m.,9800,10100,01/10/2025
ML,3,98,TORO,10:53 a. m.,10000,12700,01/10/2025
VH,1,375,EL DOVIO,10:55 a. m.,7600,8800,01/10/2025
HV,1,385,EL DOVIO,10:58 a. m.,6800,7400,01/10/2025
VH,1,365,EL DOVIO,10:58 a. m.,8000,8550,01/10/2025
MC,1,295,RIOFRIO,11:09 a. m.,4800,7000,01/10/2025
HV,3,370,EL DOVIO,11:00 a. m.,7400,8800,01/10/2025
HV,3,345,EL DOVIO,11:00 a. m.,8600,8850,01/10/2025
VH,1,285,EL DOVIO,11:03 a. m.,6800,7000,01/10/2025
HV,1,310,EL DOVIO,11:04 a. m.,8000,8600,01/10/2025
HL,2,102,EL DOVIO,11:01 a. m.,10000,11000,01/10/2025
VH,4,308,EL DOVIO,11:04 a. m.,7600,8250,01/10/2025
HL,3,63,EL DOVIO,11:06 a. m.,12000,12000,01/10/2025
MC,3,285,CAICEDONIA,11:07 a. m.,7000,7600,01/10/2025
VH,1,445,RIOFRIO,11:14 a. m.,7600,8400,01/10/2025
VH,1,280,RIOFRIO,11:15 a. m.,5000,6000,01/10/2025
HV,1,220,RIOFRIO,11:16 a. m.,7600,7800,01/10/2025
HL,1,195,RIOFRIO,11:16 a. m.,5000,7200,01/10/2025
MC,3,188,CAICEDONIA,11:11 a. m.,6400,6600,01/10/2025
HV,1,250,CAICEDONIA,11:13 a. m.,8000,8000,01/10/2025
HL,2,130,RIOFRIO,11:17 a. m.,9400,10000,01/10/2025
MC,1,360,EL DOVIO,11:18 a. m.,4000,6600,01/10/2025
VI,1,420,EL DOVIO,11:20 a. m.,4400,5200,01/10/2025
VH,1,315,EL DOVIO,11:19 a. m.,5800,6200,01/10/2025
MC,7,214,JAMUNDI,11:25 a. m.,9000,9100,01/10/2025
VH,1,305,EL DOVIO,11:21 a. m.,6400,8000,01/10/2025
VH,1,280,EL DOVIO,11:23 a. m.,6400,7700,01/10/2025
ML,1,120,EL DOVIO,11:22 a. m.,10000,11800,01/10/2025
ML,1,95,EL DOVIO,11:24 a. m.,10000,11600,01/10/2025
MC,5,254,JAMUNDI,11:28 a. m.,8000,9000,01/10/2025
VH,1,405,BUGALAGRANDE,11:30 a. m.,5800,6000,01/10/2025
VH,1,340,BUGALAGRANDE,11:32 a. m.,6800,7800,01/10/2025
HV,1,225,BUGALAGRANDE,11:33 a. m.,4000,4800,01/10/2025
VP,1,465,BUGALAGRANDE,11:34 a. m.,6000,7200,01/10/2025
HL,3,193,BUGALAGRANDE,11:35 a. m.,8000,8300,01/10/2025
HL,3,158,BUGALAGRANDE,11:39 a. m.,9000,9000,01/10/2025
HL,1,200,BUGALAGRANDE,11:40 a. m.,6000,8600,01/10/2025
HV,1,270,BUGALAGRANDE,11:40 a. m.,8000,8400,01/10/2025
HL,1,170,BUGALAGRANDE,11:41 a. m.,4000,6400,01/10/2025
ML,1,235,BUGALAGRANDE,11:42 a. m.,8600,9400,01/10/2025
HL,1,140,BUGALAGRANDE,11:43 a. m.,4000,6400,01/10/2025
ML,6,176,BUGALAGRANDE,11:46 a. m.,8200,8400,01/10/2025
HL,4,140,BUGALAGRANDE,11:47 a. m.,7800,9000,01/10/2025
MC,5,221,BUGALAGRANDE,11:47 a. m.,8400,8800,01/10/2025
VH,1,255,SEVILLA,11:49 a. m.,4000,6600,01/10/2025
VH,1,355,SEVILLA,11:51 a. m.,5000,5300,01/10/2025
VI,1,425,SEVILLA,11:51 a. m.,4000,4200,01/10/2025
VH,1,265,SEVILLA,11:52 a. m.,5000,5800,01/10/2025
VP,1,405,SEVILLA,11:53 a. m.,4000,5000,01/10/2025
VI,1,235,TRUJILLO,11:53 a. m.,4000,6200,01/10/2025
HV,1,230,TRUJILLO,11:56 a. m.,2000,3600,01/10/2025
VI,1,335,TRUJILLO,11:56 a. m.,4000,5200,01/10/2025
VH,6,348,CARTAGO,11:57 a. m.,7400,8200,01/10/2025
HL,2,170,CARTAGO,12:00 p. m.,7000,8000,01/10/2025
HL,2,105,CARTAGO,12:01 p. m.,9400,11800,01/10/2025
VH,6,324,CARTAGO,12:04 p. m.,5600,5600,01/10/2025
HL,2,140,CARTAGO,12:03 p. m.,8600,9200,01/10/2025
VH,1,235,LA UNION,12:06 p. m.,6000,7200,01/10/2025
HL,1,95,LA UNION,12:07 p. m.,10800,10800,01/10/2025
MC,1,380,BUGALAGRANDE,12:08 p. m.,7400,7700,01/10/2025
VH,1,405,BUGALAGRANDE,12:10 p. m.,7800,8500,01/10/2025
MC,1,470,BUGALAGRANDE,12:11 p. m.,7000,9100,01/10/2025
TR,1,420,BUGALAGRANDE,12:11 p. m.,8600,8600,01/10/2025
VH,1,390,BUGALAGRANDE,12:12 p. m.,7400,8200,01/10/2025
VH,1,460,BUGALAGRANDE,12:13 p. m.,7200,7500,01/10/2025
HV,1,365,BUGALAGRANDE,12:15 p. m.,7000,9800,01/10/2025
HV,2,330,BUGALAGRANDE,12:15 p. m.,8000,9800,01/10/2025
VI,1,475,CAICEDONIA,12:16 p. m.,4000,6000,01/10/2025
VI,1,460,CAICEDONIA,12:18 p. m.,5000,6000,01/10/2025
HV,1,285,CAICEDONIA,12:19 p. m.,6600,7200,01/10/2025
ML,1,115,CAICEDONIA,12:22 p. m.,7000,7800,01/10/2025
VI,1,405,CAICEDONIA,12:21 p. m.,3000,4000,01/10/2025
VH,1,415,CAICEDONIA,12:24 p. m.,4800,5700,01/10/2025
VI,1,435,CAICEDONIA,12:25 p. m.,3000,4800,01/10/2025
VH,1,395,BUGALAGRANDE,12:28 p. m.,6400,7800,01/10/2025
TR,1,300,BUGALAGRANDE,12:29 p. m.,1000,4400,01/10/2025
HL,3,225,BUGALAGRANDE,12:31 p. m.,8400,9150,01/10/2025
HL,8,236,BUGALAGRANDE,12:31 p. m.,8800,10000,01/10/2025
HL,4,189,BUGALAGRANDE,12:33 p. m.,8800,9400,01/10/2025
HV,2,288,TEBAIDA,12:35 p. m.,8000,8350,01/10/2025
VH,1,340,TEBAIDA,12:37 p. m.,6800,7000,01/10/2025
HV,1,285,TEBAIDA,12:38 p. m.,8000,8800,01/10/2025
ML,1,120,PEREIRA,12:38 p. m.,10400,11400,01/10/2025
VH,2,362,TORO,12:41 p. m.,6400,7600,01/10/2025
VH,2,418,TORO,12:42 p. m.,6000,6900,01/10/2025
VH,2,420,TORO,12:43 p. m.,7400,7800,01/10/2025
VH,3,345,TORO,12:44 p. m.,6000,7200,01/10/2025
MC,1,235,JAMUNDI,01:20 p. m.,7400,8000,01/10/2025
MC,1,305,JAMUNDI,01:21 p. m.,7400,7900,01/10/2025
VH,1,340,JAMUNDI,01:21 p. m.,6000,6000,01/10/2025
TR,1,300,JAMUNDI,01:21 p. m.,7800,8600,01/10/2025
ML,1,240,JAMUNDI,01:22 p. m.,7000,8000,01/10/2025
ML,2,182,JAMUNDI,01:22 p. m.,8000,8800,01/10/2025
HV,4,319,JAMUNDI,01:22 p. m.,7800,8650,01/10/2025
HV,3,268,JAMUNDI,01:22 p. m.,6000,6600,01/10/2025
HV,1,280,JAMUNDI,01:23 p. m.,8000,8000,01/10/2025
TR,1,350,ARMENIA,01:24 p. m.,9000,9300,01/10/2025
TR,1,365,ARMENIA,01:29 p. m.,9000,11200,01/10/2025
TR,1,425,ARMENIA,01:31 p. m.,9000,9850,01/10/2025
TR,1,385,ARMENIA,01:31 p. m.,9000,11200,01/10/2025
TR,1,370,ARMENIA,01:32 p. m.,9000,9600,01/10/2025
TR,1,395,ARMENIA,01:32 p. m.,9000,9500,01/10/2025
TR,1,435,ARMENIA,01:33 p. m.,9000,9400,01/10/2025
TR,1,355,ARMENIA,01:34 p. m.,9000,9200,01/10/2025
TR,1,355,ARMENIA,01:34 p. m.,9000,9700,01/10/2025
MC,1,220,ROLDANILLO,01:38 p. m.,4000,6200,01/10/2025
HL,1,235,ROLDANILLO,01:38 p. m.,7800,8200,01/10/2025
TR,1,230,ROLDANILLO,01:35 p. m.,5000,8000,01/10/2025
ML,1,180,ROLDANILLO,01:39 p. m.,6000,6800,01/10/2025
VH,3,405,ALCALA,03:38 p. m.,8000,8000,01/10/2025
VH,3,410,ALCALA,03:39 p. m.,8000,8000,01/10/2025
VH,4,405,ALCALA,03:39 p. m.,8000,8000,01/10/2025
VH,2,395,ALCALA,03:40 p. m.,8000,8000,01/10/2025
VH,3,410,ALCALA,03:40 p. m.,8000,8000,01/10/2025
ML,1,176,BUGALAGRANDE,06:49 p. m.,7000,7600,01/10/2025
HL,1,225,ZARZAL,06:00 a. m.,8600,10500,11/03/2026
HL,1,175,ZARZAL,06:03 a. m.,8600,10600,11/03/2026
HV,4,305,ZARZAL,06:10 a. m.,8300,9500,11/03/2026
HV,2,285,ZARZAL,06:12 a. m.,7400,8000,11/03/2026
HV,2,320,ZARZAL,06:13 a. m.,8000,8000,11/03/2026
VH,1,340,ROLDANILLO,06:19 a. m.,7600,8500,11/03/2026
VH,1,355,ROLDANILLO,06:25 a. m.,7400,8000,11/03/2026
VH,1,465,ROLDANILLO,06:27 a. m.,5600,7600,11/03/2026
VH,1,375,ROLDANILLO,06:29 a. m.,6600,7900,11/03/2026
VH,1,395,ROLDANILLO,06:30 a. m.,7200,8200,11/03/2026
VH,1,415,ROLDANILLO,06:32 a. m.,7000,7600,11/03/2026
VH,1,485,ROLDANILLO,06:33 a. m.,5600,5600,11/03/2026
ML,1,220,LA UNION,07:03 a. m.,8000,8600,11/03/2026
HL,1,170,LA UNION,06:56 a. m.,4000,4200,11/03/2026
HL,5,99,LA UNION,07:03 a. m.,9000,9400,11/03/2026
HL,1,140,LA UNION,07:07 a. m.,7000,8600,11/03/2026
HL,1,150,LA UNION,07:05 a. m.,7000,8300,11/03/2026
HL,3,118,LA UNION,07:11 a. m.,9000,9500,11/03/2026
HL,3,107,LA UNION,07:13 a. m.,8000,9000,11/03/2026
HL,1,235,BUGALAGRANDE,07:17 a. m.,9000,9900,11/03/2026
ML,1,240,BUGALAGRANDE,07:24 a. m.,8400,9600,11/03/2026
ML,1,220,BUGALAGRANDE,07:22 a. m.,8000,9200,11/03/2026
TR,1,310,LA UNION,07:19 a. m.,8000,8600,11/03/2026
HV,1,265,LA UNION,07:20 a. m.,6000,6100,11/03/2026
HL,1,170,LA UNION,07:21 a. m.,6400,8100,11/03/2026
HL,1,220,LA UNION,07:21 a. m.,7400,7600,11/03/2026
VH,1,480,OBANDO,07:26 a. m.,8000,9200,11/03/2026
ML,1,205,OBANDO,07:24 a. m.,6000,6000,11/03/2026
TR,1,375,OBANDO,07:27 a. m.,8600,9000,11/03/2026
TR,1,285,OBANDO,07:28 a. m.,6600,7600,11/03/2026
MC,1,275,OBANDO,07:27 a. m.,7800,8400,11/03/2026
VI,1,375,ROLDANILLO,07:29 a. m.,5000,5300,11/03/2026
HV,1,275,ROLDANILLO,07:31 a. m.,8400,9200,11/03/2026
ML,1,175,ROLDANILLO,07:31 a. m.,8600,9400,11/03/2026
ML,2,105,OBANDO,07:33 a. m.,9000,9200,11/03/2026
HL,5,139,LA UNION,07:34 a. m.,8400,9300,11/03/2026
HV,1,310,LA UNION,07:36 a. m.,6800,7200,11/03/2026
HL,1,195,LA UNION,07:36 a. m.,8000,9800,11/03/2026
HV,1,310,LA UNION,07:38 a. m.,6000,6600,11/03/2026
HV,1,415,LA UNION,07:38 a. m.,7200,8200,11/03/2026
VH,1,440,LA UNION,07:38 a. m.,8200,10000,11/03/2026
HV,1,420,LA UNION,07:39 a. m.,7600,8200,11/03/2026
ML,8,101,MONTERIA,07:43 a. m.,10000,11800,11/03/2026
ML,1,120,MONTERIA,07:49 a. m.,7000,7500,11/03/2026
ML,2,82,MONTERIA,07:56 a. m.,11000,12600,11/03/2026
HL,1,245,MONTERIA,07:58 a. m.,6000,6600,11/03/2026
HL,1,220,MONTERIA,07:59 a. m.,8200,8800,11/03/2026
TR,1,380,MONTERIA,08:00 a. m.,7400,8300,11/03/2026
HL,1,165,MONTERIA,08:00 a. m.,9000,9400,11/03/2026
HV,1,300,MONTERIA,08:01 a. m.,8000,8300,11/03/2026
ML,1,115,MONTERIA,08:02 a. m.,10400,13300,11/03/2026
TR,1,385,MONTERIA,08:02 a. m.,7400,8000,11/03/2026
TR,1,250,MONTERIA,08:03 a. m.,7600,7800,11/03/2026
VH,1,260,MONTERIA,08:03 a. m.,5000,5600,11/03/2026
ML,1,200,MONTERIA,08:05 a. m.,6000,7600,11/03/2026
HV,1,265,MONTERIA,08:05 a. m.,7600,8600,11/03/2026
ML,10,162,MONTERIA,08:09 a. m.,9500,11150,11/03/2026
VH,1,480,ZARZAL,08:11 a. m.,8600,8600,11/03/2026
HV,2,388,TULUA,08:13 a. m.,7400,7800,11/03/2026
VH,6,303,TULUA,08:15 a. m.,7500,7500,11/03/2026
VI,1,380,VIJES,08:17 a. m.,1000,1000,11/03/2026
VI,1,420,VIJES,08:19 a. m.,1500,4000,11/03/2026
VI,1,345,VIJES,08:22 a. m.,4200,4600,11/03/2026
VI,1,245,VIJES,08:22 a. m.,4000,5000,11/03/2026
VI,1,300,VIJES,08:24 a. m.,500,3500,11/03/2026
VI,1,305,VIJES,08:24 a. m.,1500,4500,11/03/2026
VI,1,360,VIJES,08:25 a. m.,1000,4000,11/03/2026
ML,2,225,VERSALLES,08:25 a. m.,6000,7400,11/03/2026
ML,2,122,VERSALLES,08:27 a. m.,7000,8350,11/03/2026
ML,3,128,VERSALLES,08:29 a. m.,7800,8400,11/03/2026
HL,1,100,VERSALLES,08:34 a. m.,8400,9200,11/03/2026
HL,1,165,VERSALLES,08:34 a. m.,7600,8500,11/03/2026
HL,1,100,VERSALLES,08:31 a. m.,8000,8600,11/03/2026
HL,1,170,VERSALLES,08:32 a. m.,7600,8200,11/03/2026
HL,1,150,VERSALLES,08:32 a. m.,7400,7900,11/03/2026
VH,1,415,TORO,08:38 a. m.,8000,8850,11/03/2026
HV,1,250,TORO,08:38 a. m.,6000,6200,11/03/2026
HL,1,240,TORO,08:39 a. m.,7600,7600,11/03/2026
HL,2,225,VERSALLES,08:35 a. m.,7600,8700,11/03/2026
ML,9,217,LA UNION,08:36 a. m.,10000,11550,11/03/2026
ML,6,170,LA UNION,08:45 a. m.,11000,11800,11/03/2026
ML,1,110,ROLDANILLO,08:45 a. m.,9000,9800,11/03/2026
ML,1,240,ROLDANILLO,08:47 a. m.,9000,9600,11/03/2026
ML,1,180,ROLDANILLO,08:47 a. m.,8000,8600,11/03/2026
ML,1,165,ROLDANILLO,08:47 a. m.,8000,9050,11/03/2026
ML,1,155,ROLDANILLO,08:49 a. m.,8600,9550,11/03/2026
VP,1,425,VERSALLES,08:51 a. m.,7000,7400,11/03/2026
ML,1,130,ROLDANILLO,08:50 a. m.,8000,9600,11/03/2026
VH,1,410,ZARZAL,08:58 a. m.,7600,8900,11/03/2026
VH,1,335,ROLDANILLO,08:58 a. m.,4900,5600,11/03/2026
HL,4,148,TORO,09:02 a. m.,8700,8900,11/03/2026
HL,3,173,TORO,09:06 a. m.,7000,7500,11/03/2026
HL,3,180,TORO,09:07 a. m.,8000,8600,11/03/2026
HL,1,190,TORO,09:08 a. m.,3800,3800,11/03/2026
HL,1,195,TORO,09:09 a. m.,5450,5450,11/03/2026
HV,1,445,SALENTO,09:19 a. m.,9400,9400,11/03/2026
HL,1,215,SALENTO,09:21 a. m.,7600,8150,11/03/2026
HL,1,165,SALENTO,09:23 a. m.,7600,7600,11/03/2026
HL,1,210,SALENTO,09:21 a. m.,9000,10400,11/03/2026
HL,1,225,SALENTO,09:22 a. m.,8000,9000,11/03/2026
HL,3,180,TORO,09:09 a. m.,5800,6450,11/03/2026
HV,6,277,TEBAIDA,09:12 a. m.,8500,9100,11/03/2026
HL,4,238,TEBAIDA,09:15 a. m.,8000,8600,11/03/2026
HL,3,170,TEBAIDA,09:16 a. m.,9000,10050,11/03/2026
HV,1,250,TEBAIDA,09:17 a. m.,8000,8800,11/03/2026
HL,1,210,TEBAIDA,09:19 a. m.,8000,9200,11/03/2026
ML,1,220,CAICEDONIA,09:24 a. m.,9000,9000,11/03/2026
MC,2,252,CAICEDONIA,09:27 a. m.,8000,8500,11/03/2026
HL,6,213,CAICEDONIA,09:28 a. m.,8000,8500,11/03/2026
HL,2,220,CAICEDONIA,09:31 a. m.,8400,9400,11/03/2026
HL,2,222,CAICEDONIA,09:33 a. m.,8000,8750,11/03/2026
HL,1,215,CAICEDONIA,09:34 a. m.,8000,8200,11/03/2026
HL,3,215,CAICEDONIA,09:35 a. m.,7600,8000,11/03/2026
HL,5,229,ZARZAL,09:44 a. m.,8300,8800,11/03/2026
HL,2,170,CAICEDONIA,09:36 a. m.,8600,9600,11/03/2026
HL,9,201,ZARZAL,09:39 a. m.,8500,9300,11/03/2026
HL,4,186,ZARZAL,09:41 a. m.,8400,9200,11/03/2026
HV,4,265,ZARZAL,09:42 a. m.,8000,8900,11/03/2026
HL,7,163,ZARZAL,09:47 a. m.,8300,8850,11/03/2026
HL,5,149,ZARZAL,09:49 a. m.,8300,8550,11/03/2026
HV,1,255,ZARZAL,09:50 a. m.,7600,8200,11/03/2026
VH,1,365,ZARZAL,09:53 a. m.,7600,8300,11/03/2026
HV,1,255,ZARZAL,09:53 a. m.,7800,8350,11/03/2026
HL,2,205,ZARZAL,09:56 a. m.,8000,8600,11/03/2026
HV,1,305,ZARZAL,09:55 a. m.,7400,8600,11/03/2026
HL,1,245,ZARZAL,09:55 a. m.,6600,7900,11/03/2026
HL,1,180,ZARZAL,09:54 a. m.,7400,7950,11/03/2026
HL,2,218,ZARZAL,09:57 a. m.,8000,8700,11/03/2026
VH,1,390,ANSERMANUEVO,09:57 a. m.,5400,6200,11/03/2026
HL,1,205,ANSERMANUEVO,10:00 a. m.,8000,8400,11/03/2026
MC,1,290,ANSERMANUEVO,10:01 a. m.,8400,9400,11/03/2026
ML,2,242,ANDALUCIA,10:02 a. m.,8000,8600,11/03/2026
HL,3,210,ANSERMANUEVO,10:04 a. m.,9000,10400,11/03/2026
ML,1,150,ANDALUCIA,10:25 a. m.,5200,7600,11/03/2026
HL,2,100,ANDALUCIA,10:25 a. m.,11000,13800,11/03/2026
HL,3,108,ANDALUCIA,10:26 a. m.,9400,11100,11/03/2026
HV,1,320,SEVILLA,10:29 a. m.,7600,7600,11/03/2026
HL,1,215,SEVILLA,10:30 a. m.,7000,7600,11/03/2026
HL,1,215,SEVILLA,10:27 a. m.,7600,7800,11/03/2026
HL,1,225,SEVILLA,10:30 a. m.,7400,8500,11/03/2026
MC,1,260,SEVILLA,10:32 a. m.,7600,7600,11/03/2026
HL,1,205,SEVILLA,10:30 a. m.,6600,7600,11/03/2026
HL,1,220,SEVILLA,10:32 a. m.,7000,7000,11/03/2026
HL,1,205,SEVILLA,10:34 a. m.,7000,8300,11/03/2026
HL,1,235,SEVILLA,10:33 a. m.,6000,6700,11/03/2026
TR,1,295,SEVILLA,10:32 a. m.,7800,8400,11/03/2026
MC,1,330,SEVILLA,10:35 a. m.,8000,8300,11/03/2026
HL,1,160,SEVILLA,10:36 a. m.,7000,9600,11/03/2026
HV,1,320,SEVILLA,10:36 a. m.,7000,7800,11/03/2026
HV,3,257,SEVILLA,10:37 a. m.,7400,8300,11/03/2026
VH,4,296,BUGALAGRANDE,10:38 a. m.,6600,6600,11/03/2026
VH,3,335,BUGALAGRANDE,10:44 a. m.,7300,7300,11/03/2026
TO,1,695,BUGALAGRANDE,10:46 a. m.,7000,7900,11/03/2026
HV,1,305,BUGALAGRANDE,10:46 a. m.,7400,8900,11/03/2026
HV,1,335,BUGALAGRANDE,10:48 a. m.,8650,8650,11/03/2026
ML,1,205,BUGALAGRANDE,10:47 a. m.,8400,9400,11/03/2026
ML,1,200,BUGALAGRANDE,10:50 a. m.,3800,5700,11/03/2026
ML,1,100,BUGALAGRANDE,10:50 a. m.,8600,8600,11/03/2026
ML,2,152,BUGALAGRANDE,10:53 a. m.,8400,9800,11/03/2026
HL,4,145,PEREIRA,10:55 a. m.,8400,8750,11/03/2026
HL,1,205,PEREIRA,10:58 a. m.,7400,7500,11/03/2026
HL,4,108,BUGALAGRANDE,10:56 a. m.,9600,9600,11/03/2026
VH,2,462,QUIMBAYA,11:03 a. m.,8800,9400,11/03/2026
HV,1,460,QUIMBAYA,11:03 a. m.,8000,9200,11/03/2026
VH,1,475,QUIMBAYA,11:01 a. m.,8600,8600,11/03/2026
VH,2,360,QUIMBAYA,11:05 a. m.,7600,7800,11/03/2026
VH,1,365,QUIMBAYA,11:05 a. m.,8400,9100,11/03/2026
VH,1,465,QUIMBAYA,11:06 a. m.,7200,7800,11/03/2026
HV,2,385,QUIMBAYA,11:07 a. m.,7600,8400,11/03/2026
VH,2,508,QUIMBAYA,11:07 a. m.,6000,6800,11/03/2026
VH,1,495,QUIMBAYA,11:08 a. m.,3800,4500,11/03/2026
VH,1,415,QUIMBAYA,11:09 a. m.,5000,6500,11/03/2026
HL,2,90,SAN PEDRO,11:10 a. m.,10000,10600,11/03/2026
ML,2,88,SAN PEDRO,11:12 a. m.,11000,11400,11/03/2026
ML,4,82,SAN PEDRO,11:16 a. m.,9000,9500,11/03/2026
ML,2,208,TORO,11:16 a. m.,7400,7700,11/03/2026
ML,1,110,TORO,11:17 a. m.,6000,6300,11/03/2026
ML,1,150,TORO,11:19 a. m.,8600,10250,11/03/2026
ML,1,90,TORO,11:20 a. m.,9000,9700,11/03/2026
VH,1,390,CAICEDONIA,11:20 a. m.,3800,4800,11/03/2026
VH,1,310,CAICEDONIA,11:22 a. m.,5700,7400,11/03/2026
VI,1,375,CAICEDONIA,11:22 a. m.,2000,4600,11/03/2026
VH,1,295,CAICEDONIA,11:23 a. m.,3900,6100,11/03/2026
VH,1,465,CAICEDONIA,11:24 a. m.,1000,4000,11/03/2026
VH,1,420,CAICEDONIA,11:23 a. m.,4000,5400,11/03/2026
VH,1,290,GINEBRA,11:30 a. m.,1000,3500,11/03/2026
ML,1,95,GINEBRA,11:27 a. m.,9000,9300,11/03/2026
ML,1,220,GINEBRA,11:31 a. m.,8000,8800,11/03/2026
VI,1,435,GINEBRA,11:31 a. m.,2500,4000,11/03/2026
ML,1,190,GINEBRA,11:34 a. m.,9600,10000,11/03/2026
HL,1,230,GINEBRA,11:32 a. m.,9000,9000,11/03/2026
VH,1,360,GINEBRA,11:35 a. m.,7800,8100,11/03/2026
TR,1,475,GINEBRA,11:34 a. m.,9800,9850,11/03/2026
VH,1,390,GINEBRA,11:36 a. m.,8500,8800,11/03/2026
VH,1,570,GINEBRA,11:37 a. m.,6500,6700,11/03/2026
HV,1,420,GINEBRA,11:37 a. m.,9200,9900,11/03/2026
ML,1,215,ANSERMANUEVO,11:26 a. m.,8200,9000,11/03/2026
ML,3,210,TEBAIDA,11:40 a. m.,10000,10500,11/03/2026
HL,2,140,TEBAIDA,11:41 a. m.,9600,9800,11/03/2026
HL,6,185,TEBAIDA,11:42 a. m.,9200,9200,11/03/2026
HV,2,250,TEBAIDA,11:46 a. m.,6000,7200,11/03/2026
HL,5,147,TEBAIDA,11:47 a. m.,10300,10300,11/03/2026
TR,1,255,TEBAIDA,11:52 a. m.,8600,8850,11/03/2026
HL,1,195,TEBAIDA,11:54 a. m.,7000,7500,11/03/2026
HL,2,82,TEBAIDA,11:48 a. m.,4500,10000,11/03/2026
ML,1,95,TEBAIDA,11:50 a. m.,8400,9800,11/03/2026
ML,1,205,TEBAIDA,11:53 a. m.,8000,8200,11/03/2026
ML,1,125,TEBAIDA,11:51 a. m.,8000,9400,11/03/2026
HL,1,110,TEBAIDA,11:51 a. m.,9600,12100,11/03/2026
HL,1,240,TEBAIDA,11:54 a. m.,7600,8800,11/03/2026
HV,2,262,LA VICTORIA,11:57 a. m.,7900,8150,11/03/2026
HL,1,115,TEBAIDA,11:57 a. m.,9000,13200,11/03/2026
HL,1,135,LA VICTORIA,12:02 p. m.,6600,6600,11/03/2026
HL,1,180,LA VICTORIA,12:02 p. m.,8000,8600,11/03/2026
HL,2,172,LA VICTORIA,12:01 p. m.,8800,8800,11/03/2026
HL,5,190,LA VICTORIA,12:03 p. m.,9900,9900,11/03/2026
ML,3,217,TULUA,12:07 p. m.,6200,7100,11/03/2026
HL,7,157,LA VICTORIA,12:04 p. m.,9500,9500,11/03/2026
HV,2,285,CAUCASIA,12:09 p. m.,7900,8050,11/03/2026
TO,1,575,OBANDO,12:10 p. m.,9600,9900,11/03/2026
HL,1,185,CAUCASIA,12:22 p. m.,4000,6000,11/03/2026
HV,1,285,CAUCASIA,12:21 p. m.,7600,7800,11/03/2026
ML,1,220,OBANDO,12:15 p. m.,6600,7800,11/03/2026
ML,1,130,OBANDO,12:14 p. m.,6800,8700,11/03/2026
HL,1,160,OBANDO,12:15 p. m.,7000,8400,11/03/2026
ML,2,168,OBANDO,12:16 p. m.,7800,9000,11/03/2026
ML,4,155,CAUCASIA,12:25 p. m.,10400,10400,11/03/2026
HL,1,220,CAUCASIA,12:23 p. m.,7400,7900,11/03/2026
ML,9,177,ANDALUCIA,12:36 p. m.,10600,10600,11/03/2026
ML,1,200,ANDALUCIA,12:40 p. m.,9400,9600,11/03/2026
MC,2,278,ANDALUCIA,12:40 p. m.,8500,8700,11/03/2026
ML,6,137,ANDALUCIA,12:41 p. m.,9150,9150,11/03/2026
HV,6,301,ANDALUCIA,12:43 p. m.,8400,8400,11/03/2026
HL,2,198,LA UNION,12:54 p. m.,8100,8420,11/03/2026
HL,1,170,BUGALAGRANDE,12:47 p. m.,8800,11800,11/03/2026
HL,1,165,BUGALAGRANDE,12:45 p. m.,10000,16000,11/03/2026
HV,1,300,BUGALAGRANDE,12:48 p. m.,8400,8800,11/03/2026
HL,1,110,BUGALAGRANDE,12:49 p. m.,9000,9400,11/03/2026
HV,1,280,BUGALAGRANDE,12:51 p. m.,8400,8800,11/03/2026
TR,1,325,BUGALAGRANDE,12:50 p. m.,9000,9400,11/03/2026
ML,1,190,BUGALAGRANDE,12:51 p. m.,8400,9800,11/03/2026
HL,1,100,BUGALAGRANDE,12:53 p. m.,11000,12600,11/03/2026
VI,1,405,BUGALAGRANDE,12:53 p. m.,4500,5100,11/03/2026
VI,1,380,BUGALAGRANDE,12:52 p. m.,3400,4700,11/03/2026
ML,1,170,BUGALAGRANDE,12:54 p. m.,8400,9600,11/03/2026
ML,1,110,BUGALAGRANDE,12:52 p. m.,8600,9900,11/03/2026
HL,1,225,CALI,01:00 p. m.,8500,8500,11/03/2026
HV,6,317,CALI,12:59 p. m.,7400,7850,11/03/2026
HL,1,150,LA UNION,12:56 p. m.,8400,8400,11/03/2026
TO,1,585,LA UNION,12:56 p. m.,9800,9920,11/03/2026
VH,1,380,LA UNION,12:58 p. m.,6400,8300,11/03/2026
VH,1,505,LA UNION,12:58 p. m.,7800,8500,11/03/2026
HV,1,270,CALI,01:04 p. m.,7400,8000,11/03/2026
VH,5,339,CALI,01:06 p. m.,6000,6950,11/03/2026
HV,3,290,CALI,01:07 p. m.,7000,7400,11/03/2026
ML,6,133,CALI,01:09 p. m.,9500,9700,11/03/2026
ML,1,195,CALI,01:11 p. m.,5000,6150,11/03/2026
ML,1,125,CALI,01:12 p. m.,4800,5600,11/03/2026
ML,1,110,CALI,01:10 p. m.,7000,7700,11/03/2026
VH,1,380,CALI,01:16 p. m.,4000,5200,11/03/2026
VH,1,390,CALI,01:17 p. m.,5000,5000,11/03/2026
VH,1,385,CALI,01:17 p. m.,3800,4000,11/03/2026
HL,3,237,GENOVA,01:25 p. m.,8700,8700,11/03/2026
VH,1,410,CALI,01:18 p. m.,5600,6700,11/03/2026
VH,1,380,CALI,01:18 p. m.,5200,5700,11/03/2026
VH,1,325,CALI,01:19 p. m.,4000,4300,11/03/2026
VH,1,350,CALI,01:23 p. m.,4000,4400,11/03/2026
HV,1,305,GENOVA,01:23 p. m.,8400,8850,11/03/2026
HV,1,265,GENOVA,01:24 p. m.,7700,8800,11/03/2026
VP,1,385,MARSELLA,01:29 p. m.,5400,6000,11/03/2026
HL,3,213,GENOVA,01:26 p. m.,8900,8900,11/03/2026
HL,3,200,GENOVA,01:27 p. m.,8000,8050,11/03/2026
VH,2,338,MARSELLA,01:34 p. m.,6400,7700,11/03/2026
VH,1,340,MARSELLA,01:38 p. m.,4400,6800,11/03/2026
VH,1,445,MARSELLA,01:39 p. m.,5400,6100,11/03/2026
VH,1,260,MARSELLA,01:40 p. m.,5800,6600,11/03/2026
ML,1,165,MARSELLA,01:42 p. m.,6600,7200,11/03/2026
VH,1,380,MARSELLA,01:42 p. m.,6000,6800,11/03/2026
ML,1,115,MARSELLA,01:45 p. m.,8600,8900,11/03/2026
VH,1,405,TULUA,01:50 p. m.,7000,8400,11/03/2026
ML,1,110,MARSELLA,01:46 p. m.,8600,9900,11/03/2026
ML,1,85,MARSELLA,01:44 p. m.,8400,9000,11/03/2026
VH,1,350,TULUA,01:51 p. m.,7400,7900,11/03/2026
HL,1,245,TULUA,01:57 p. m.,7600,8300,11/03/2026
HL,1,195,TULUA,02:04 p. m.,8000,8400,11/03/2026
HL,1,245,TULUA,02:04 p. m.,7600,8200,11/03/2026
HL,1,185,TULUA,02:02 p. m.,6200,6600,11/03/2026
HL,1,100,TULUA,02:02 p. m.,9000,11800,11/03/2026
HV,1,280,SEVILLA,02:11 p. m.,5800,6700,11/03/2026
VI,1,410,TULUA,02:05 p. m.,2500,4000,11/03/2026
HL,1,195,TULUA,02:06 p. m.,6000,6800,11/03/2026
VH,3,287,SEVILLA,02:06 p. m.,7200,7200,11/03/2026
HV,5,297,SEVILLA,02:08 p. m.,8150,8150,11/03/2026
HV,5,341,SEVILLA,02:09 p. m.,8900,8900,11/03/2026
HV,1,255,SEVILLA,02:12 p. m.,5000,5900,11/03/2026
HV,1,255,SEVILLA,02:13 p. m.,7400,8300,11/03/2026
HV,4,332,SEVILLA,02:14 p. m.,9000,9000,11/03/2026
BH,2,110,VIRGINIA,02:19 p. m.,8000,12600,11/03/2026
ML,6,111,VIRGINIA,02:23 p. m.,9450,9450,11/03/2026
HV,4,296,ZARZAL,03:59 p. m.,8450,8450,11/03/2026
HL,1,120,SEVILLA,06:18 a. m.,9000,10500,10/09/2025
ML,1,180,SEVILLA,06:20 a. m.,8000,9000,10/09/2025
ML,1,150,SEVILLA,06:08 a. m.,9000,10000,10/09/2025
ML,2,40,SEVILLA,06:20 a. m.,8000,13000,10/09/2025
VH,1,362,ZARZAL,06:27 a. m.,6500,8200,10/09/2025
TR,1,450,ZARZAL,06:28 a. m.,8000,8900,10/09/2025
VH,1,430,ZARZAL,06:29 a. m.,7250,8500,10/09/2025
ML,2,52,SEVILLA,06:22 a. m.,8000,14500,10/09/2025
HV,1,320,ZARZAL,06:32 a. m.,7750,8000,10/09/2025
TR,1,315,ZARZAL,06:33 a. m.,8500,8500,10/09/2025
ML,1,125,ZARZAL,06:34 a. m.,9000,10500,10/09/2025
ML,1,210,ZARZAL,06:35 a. m.,8750,9000,10/09/2025
ML,1,175,ZARZAL,06:36 a. m.,7000,9500,10/09/2025
ML,5,134,SEVILLA,07:00 a. m.,8500,9750,10/09/2025
HL,1,220,SEVILLA,07:01 a. m.,8250,8750,10/09/2025
ML,1,130,SEVILLA,07:02 a. m.,4000,7000,10/09/2025
ML,2,180,SEVILLA,07:03 a. m.,7750,8000,10/09/2025
HV,1,280,ZARZAL,07:04 a. m.,7500,7750,10/09/2025
MC,1,250,ZARZAL,07:09 a. m.,5500,6500,10/09/2025
ML,2,165,ZARZAL,07:14 a. m.,6500,9000,10/09/2025
HL,2,158,ZARZAL,07:10 a. m.,7000,8000,10/09/2025
ML,3,128,MONTERIA,07:16 a. m.,9000,11750,10/09/2025
ML,7,131,MONTERIA,07:19 a. m.,12000,12000,10/09/2025
ML,6,142,MONTERIA,07:21 a. m.,9750,11250,10/09/2025
HL,4,134,MONTERIA,07:23 a. m.,9250,10000,10/09/2025
ML,6,128,MONTERIA,07:24 a. m.,10250,12250,10/09/2025
ML,3,167,MONTERIA,07:25 a. m.,7500,8750,10/09/2025
ML,2,150,MONTERIA,07:26 a. m.,8500,10500,10/09/2025
HL,3,153,ARGELIA,07:28 a. m.,7000,8750,10/09/2025
HL,1,125,ARGELIA,07:31 a. m.,9000,11000,10/09/2025
HL,5,141,ARGELIA,07:32 a. m.,8750,8750,10/09/2025
HL,1,155,ARGELIA,07:31 a. m.,8500,9000,10/09/2025
MC,5,296,SAN VICENTE,07:32 a. m.,7400,8400,10/09/2025
MC,4,378,SAN VICENTE,07:36 a. m.,7000,8400,10/09/2025
TR,2,305,SAN VICENTE,07:40 a. m.,8400,8900,10/09/2025
MC,4,346,SAN VICENTE,07:40 a. m.,6500,8000,10/09/2025
ML,1,70,SAN VICENTE,07:43 a. m.,5000,9500,10/09/2025
MC,2,315,SAN VICENTE,07:41 a. m.,8000,8800,10/09/2025
MC,1,250,SAN VICENTE,07:44 a. m.,4000,7000,10/09/2025
HL,2,142,SAN VICENTE,07:46 a. m.,7000,8000,10/09/2025
ML,2,72,CAUCASIA,07:46 a. m.,10000,12500,10/09/2025
ML,8,108,CAUCASIA,07:52 a. m.,10750,12500,10/09/2025
HL,2,130,CAUCASIA,07:55 a. m.,9000,9500,10/09/2025
HL,1,105,CAUCASIA,08:04 a. m.,9000,17000,10/09/2025
HL,1,100,CAUCASIA,08:03 a. m.,10000,12500,10/09/2025
ML,1,105,CAUCASIA,08:06 a. m.,10000,13000,10/09/2025
HL,1,105,CAUCASIA,08:05 a. m.,9500,12250,10/09/2025
HL,1,115,CAUCASIA,08:05 a. m.,9000,10250,10/09/2025
VH,1,370,VERSALLES,08:10 a. m.,7000,8000,10/09/2025
VI,1,460,VERSALLES,08:07 a. m.,3000,4000,10/09/2025
VP,1,520,VERSALLES,08:11 a. m.,8000,8500,10/09/2025
ML,1,185,CAUCASIA,08:12 a. m.,4000,5000,10/09/2025
MC,1,220,CAUCASIA,08:14 a. m.,4500,7500,10/09/2025
MC,1,310,CAUCASIA,08:16 a. m.,7500,8500,10/09/2025
HL,1,105,CAUCASIA,08:14 a. m.,9000,11000,10/09/2025
ML,4,101,CAUCASIA,08:16 a. m.,10000,12000,10/09/2025
TR,1,440,JAMUNDI,08:27 a. m.,7500,8250,10/09/2025
ML,1,195,JAMUNDI,08:25 a. m.,6000,6000,10/09/2025
TR,1,380,JAMUNDI,08:28 a. m.,4500,7500,10/09/2025
TR,1,395,JAMUNDI,08:29 a. m.,8250,8750,10/09/2025
ML,1,190,JAMUNDI,08:28 a. m.,8750,8750,10/09/2025
VH,1,370,JAMUNDI,08:30 a. m.,6250,7750,10/09/2025
ML,6,140,CAUCASIA,08:18 a. m.,10000,11250,10/09/2025
ML,1,120,CAUCASIA,08:21 a. m.,9500,11000,10/09/2025
ML,5,114,CAUCASIA,08:23 a. m.,10500,11500,10/09/2025
HV,2,328,SEVILLA,08:31 a. m.,7500,7500,10/09/2025
HV,6,298,SEVILLA,08:33 a. m.,8000,8450,10/09/2025
HV,4,344,SEVILLA,08:32 a. m.,8000,8700,10/09/2025
HV,2,338,ARGELIA,08:34 a. m.,7500,8300,10/09/2025
VH,1,385,ARGELIA,08:42 a. m.,4500,7500,10/09/2025
HV,1,345,ARGELIA,08:37 a. m.,6750,7750,10/09/2025
ML,1,105,ARGELIA,08:39 a. m.,10000,11500,10/09/2025
ML,1,135,ARGELIA,08:38 a. m.,10000,12000,10/09/2025
VP,1,360,ARGELIA,08:43 a. m.,7500,8000,10/09/2025
HL,1,215,SEVILLA,08:40 a. m.,7500,8250,10/09/2025
HL,7,219,OBANDO,08:44 a. m.,8350,8350,10/09/2025
HV,7,231,OBANDO,08:45 a. m.,8350,8350,10/09/2025
HV,5,207,OBANDO,08:47 a. m.,6800,7100,10/09/2025
HL,1,190,LA UNION,08:51 a. m.,8000,9750,10/09/2025
HL,1,215,LA UNION,08:48 a. m.,7000,7000,10/09/2025
HL,1,175,LA UNION,08:52 a. m.,8000,8000,10/09/2025
HV,5,286,TORO,08:53 a. m.,8400,8600,10/09/2025
ML,3,222,TORO,08:54 a. m.,8000,8400,10/09/2025
ML,3,148,TORO,08:55 a. m.,9000,10000,10/09/2025
ML,2,105,TORO,08:56 a. m.,10000,12000,10/09/2025
ML,1,60,TORO,08:58 a. m.,9000,13000,10/09/2025
ML,1,55,TORO,09:00 a. m.,6000,6000,10/09/2025
ML,10,200,CAUCASIA,09:03 a. m.,9600,10600,10/09/2025
ML,10,228,CAUCASIA,09:01 a. m.,9500,10550,10/09/2025
ML,1,205,LA VICTORIA,09:03 a. m.,8750,9250,10/09/2025
HV,1,340,LA VICTORIA,09:04 a. m.,7500,8000,10/09/2025
HV,6,255,LA VICTORIA,09:05 a. m.,8000,9000,10/09/2025
HL,4,182,ZARZAL,09:07 a. m.,8000,8500,10/09/2025
HL,3,122,CAUCASIA,09:12 a. m.,9500,11000,10/09/2025
VH,1,375,LA UNION,09:08 a. m.,6000,7000,10/09/2025
HV,1,255,LA UNION,09:10 a. m.,7500,7500,10/09/2025
VH,1,360,LA UNION,09:11 a. m.,4500,6500,10/09/2025
HL,4,119,LA VICTORIA,09:14 a. m.,8000,8900,10/09/2025
VH,1,395,LA VICTORIA,09:23 a. m.,6000,7400,10/09/2025
ML,2,195,LA VICTORIA,09:24 a. m.,8500,9250,10/09/2025
HL,5,92,LA VICTORIA,09:16 a. m.,7000,10750,10/09/2025
HL,2,128,LA VICTORIA,09:19 a. m.,8000,9000,10/09/2025
HL,1,145,LA VICTORIA,09:20 a. m.,4500,7500,10/09/2025
HL,1,105,LA VICTORIA,09:21 a. m.,10000,10000,10/09/2025
ML,2,102,LA VICTORIA,09:27 a. m.,7000,8500,10/09/2025
HL,6,179,TRUJILLO,09:27 a. m.,8600,8600,10/09/2025
HL,6,178,TRUJILLO,09:29 a. m.,8200,8400,10/09/2025
HV,1,270,TRUJILLO,09:35 a. m.,7250,7900,10/09/2025
HL,1,200,TRUJILLO,09:36 a. m.,5500,7000,10/09/2025
HV,1,295,TRUJILLO,09:36 a. m.,7750,8500,10/09/2025
HL,1,75,TRUJILLO,09:36 a. m.,3000,8000,10/09/2025
VH,1,545,ROLDANILLO,09:37 a. m.,4500,7500,10/09/2025
VH,1,525,ROLDANILLO,09:38 a. m.,5000,7250,10/09/2025
VH,1,490,ROLDANILLO,09:39 a. m.,7000,9250,10/09/2025
HL,2,178,TRUJILLO,09:42 a. m.,8000,8250,10/09/2025
HV,5,300,SEVILLA,09:46 a. m.,7800,8250,10/09/2025
HV,5,301,SEVILLA,10:16 a. m.,7400,8100,10/09/2025
VH,3,350,CASCARILLO,10:18 a. m.,6500,7200,10/09/2025
HV,2,360,CASCARILLO,10:27 a. m.,8500,8500,10/09/2025
HV,1,275,EL DOVIO,10:28 a. m.,8500,9500,10/09/2025
HL,1,150,EL DOVIO,10:32 a. m.,8000,9500,10/09/2025
HL,1,125,EL DOVIO,10:34 a. m.,9500,10750,10/09/2025
HL,1,235,EL DOVIO,10:33 a. m.,7500,7750,10/09/2025
HL,1,220,EL DOVIO,10:34 a. m.,8000,8000,10/09/2025
ML,3,113,COROZAL,10:35 a. m.,9500,11500,10/09/2025
ML,5,119,COROZAL,10:50 a. m.,9500,10250,10/09/2025
HL,2,102,COROZAL,10:54 a. m.,9000,10500,10/09/2025
HL,2,162,COROZAL,10:54 a. m.,8000,8900,10/09/2025
HL,2,180,COROZAL,10:55 a. m.,8500,11000,10/09/2025
HL,1,215,COROZAL,10:56 a. m.,8000,8000,10/09/2025
HL,1,120,COROZAL,10:58 a. m.,5000,9000,10/09/2025
HL,3,192,COROZAL,10:59 a. m.,7000,7700,10/09/2025
HL,1,165,COROZAL,11:01 a. m.,2000,5000,10/09/2025
HL,2,168,COROZAL,11:01 a. m.,8000,8400,10/09/2025
HL,2,175,COROZAL,11:02 a. m.,8000,8000,10/09/2025
HL,8,156,COROZAL,11:03 a. m.,8600,8700,10/09/2025
ML,1,95,CARTAGO,11:12 a. m.,10000,12500,10/09/2025
ML,1,30,CARTAGO,11:15 a. m.,1000,1000,10/09/2025
ML,1,30,CARTAGO,11:11 a. m.,4000,10000,10/09/2025
ML,1,25,CARTAGO,11:09 a. m.,2000,4000,10/09/2025
HL,1,20,CARTAGO,11:14 a. m.,9000,15000,10/09/2025
ML,1,250,VERSALLES,11:16 a. m.,7000,7750,10/09/2025
ML,3,127,VERSALLES,11:21 a. m.,9500,11000,10/09/2025
ML,3,165,VERSALLES,11:17 a. m.,9000,9600,10/09/2025
ML,3,168,VERSALLES,11:21 a. m.,7000,8300,10/09/2025
VH,1,350,BUGALAGRANDE,11:33 a. m.,6000,7000,10/09/2025
HV,1,355,BUGALAGRANDE,11:34 a. m.,7750,8500,10/09/2025
HV,1,350,BUGALAGRANDE,11:34 a. m.,8000,8750,10/09/2025
HL,1,240,BUGALAGRANDE,11:34 a. m.,7250,7250,10/09/2025
VH,1,275,BUGALAGRANDE,11:36 a. m.,5500,6500,10/09/2025
ML,1,80,VERSALLES,11:24 a. m.,6000,10000,10/09/2025
HL,1,60,PEREIRA,11:39 a. m.,6000,12000,10/09/2025
ML,1,35,PEREIRA,11:40 a. m.,4000,10000,10/09/2025
ML,1,35,PEREIRA,11:40 a. m.,4000,8000,10/09/2025
HL,1,130,PEREIRA,11:36 a. m.,9000,9000,10/09/2025
HL,1,30,PEREIRA,11:42 a. m.,8000,18000,10/09/2025
ML,2,55,PEREIRA,11:43 a. m.,8000,11000,10/09/2025
ML,2,55,PEREIRA,11:44 a. m.,7000,10000,10/09/2025
ML,1,185,GINEBRA,11:48 a. m.,7750,7750,10/09/2025
ML,1,105,GINEBRA,11:45 a. m.,2000,6000,10/09/2025
VI,1,330,GINEBRA,11:47 a. m.,2000,3750,10/09/2025
ML,1,200,GINEBRA,11:50 a. m.,6500,7250,10/09/2025
VH,1,295,GINEBRA,11:53 a. m.,6250,7250,10/09/2025
ML,1,45,GINEBRA,11:51 a. m.,10000,12000,10/09/2025
HL,1,65,GINEBRA,11:49 a. m.,9000,12000,10/09/2025
VH,1,270,GINEBRA,11:54 a. m.,6000,6750,10/09/2025
VH,2,470,LA UNION,12:05 p. m.,7400,8000,10/09/2025
VH,1,510,LA UNION,12:08 p. m.,6500,8250,10/09/2025
VH,1,455,LA UNION,12:08 p. m.,8000,8000,10/09/2025
VH,2,550,LA UNION,12:09 p. m.,8000,9100,10/09/2025
VH,2,518,LA UNION,12:10 p. m.,7400,8300,10/09/2025
VH,2,475,GINEBRA,12:01 p. m.,5000,6500,10/09/2025
VH,1,475,GINEBRA,12:01 p. m.,6000,7750,10/09/2025
VI,1,305,GINEBRA,12:02 p. m.,2000,5000,10/09/2025
VH,1,380,BUGALAGRANDE,12:02 p. m.,7000,7400,10/09/2025
HL,1,80,BUGALAGRANDE,12:04 p. m.,9000,13000,10/09/2025
VH,3,505,LA UNION,12:11 p. m.,7600,8600,10/09/2025
VH,3,447,LA UNION,12:12 p. m.,7000,8200,10/09/2025
ML,10,186,CAUCASIA,12:24 p. m.,11000,11300,10/09/2025
VP,1,415,CAICEDONIA,12:25 p. m.,7000,8000,10/09/2025
VP,1,410,CAICEDONIA,12:39 p. m.,6000,7000,10/09/2025
ML,1,130,CAICEDONIA,12:43 p. m.,9000,9000,10/09/2025
TR,1,210,CAICEDONIA,12:41 p. m.,1000,2000,10/09/2025
ML,1,45,CAICEDONIA,12:45 p. m.,4000,9000,10/09/2025
ML,1,125,CAICEDONIA,12:45 p. m.,6000,7500,10/09/2025
HL,1,130,CAICEDONIA,12:43 p. m.,1000,3000,10/09/2025
ML,1,125,CAICEDONIA,12:44 p. m.,2000,6000,10/09/2025
TR,4,309,YUMBO,01:28 p. m.,8800,9500,10/09/2025
TR,1,455,RIOFRIO,01:45 p. m.,8500,9200,10/09/2025
TO,1,505,RIOFRIO,01:48 p. m.,8000,8750,10/09/2025
TO,1,475,RIOFRIO,01:51 p. m.,8250,9300,10/09/2025
HV,1,390,RIOFRIO,01:52 p. m.,8250,8700,10/09/2025
HV,1,360,RIOFRIO,01:52 p. m.,8000,8250,10/09/2025
TR,1,450,RIOFRIO,01:53 p. m.,8500,9150,10/09/2025
TR,1,460,RIOFRIO,01:53 p. m.,8500,8750,10/09/2025
MC,1,435,RIOFRIO,01:54 p. m.,8250,9600,10/09/2025
TR,1,450,RIOFRIO,01:55 p. m.,7750,8750,10/09/2025
HV,1,415,RIOFRIO,01:56 p. m.,8500,8900,10/09/2025
HV,1,265,TEBAIDA,02:02 p. m.,7000,7800,10/09/2025
ML,1,175,TEBAIDA,02:05 p. m.,4000,6500,10/09/2025
ML,1,235,TEBAIDA,02:04 p. m.,4000,5500,10/09/2025
ML,1,150,TEBAIDA,02:07 p. m.,8000,9000,10/09/2025
ML,1,145,PALMIRA,02:52 p. m.,4000,5500,10/09/2025
HL,1,135,PALMIRA,02:54 p. m.,8500,9000,10/09/2025
HL,1,100,PALMIRA,02:54 p. m.,8000,10500,10/09/2025
ML,1,105,TRUJILLO,06:17 a. m.,2000,6000,24/09/2025
ML,1,130,TRUJILLO,06:19 a. m.,9500,9500,24/09/2025
VH,1,290,TRUJILLO,06:21 a. m.,7500,8250,24/09/2025
VH,1,360,TRUJILLO,06:22 a. m.,6500,7500,24/09/2025
HL,1,100,TRUJILLO,06:25 a. m.,8000,10000,24/09/2025
ML,1,65,TRUJILLO,06:23 a. m.,5000,7000,24/09/2025
HL,1,205,BUGALAGRANDE,06:28 a. m.,5000,6000,24/09/2025
HV,1,295,BUGALAGRANDE,06:30 a. m.,8000,8500,24/09/2025
HL,1,170,BUGALAGRANDE,06:31 a. m.,5500,6500,24/09/2025
HL,1,180,BUGALAGRANDE,06:32 a. m.,7000,9250,24/09/2025
ML,1,165,BUGALAGRANDE,06:33 a. m.,8500,9000,24/09/2025
HV,2,278,BUGALAGRANDE,06:34 a. m.,7250,7750,24/09/2025
HV,1,250,BUGALAGRANDE,06:52 a. m.,6000,6900,24/09/2025
HL,1,160,BUGALAGRANDE,06:55 a. m.,4000,6250,24/09/2025
HV,6,308,BUGALAGRANDE,06:55 a. m.,7600,8300,24/09/2025
HL,1,110,BUGALAGRANDE,06:57 a. m.,4000,6000,24/09/2025
HL,7,141,BUGALAGRANDE,06:59 a. m.,8500,8700,24/09/2025
HL,7,193,BUGALAGRANDE,07:01 a. m.,8200,8300,24/09/2025
HV,3,262,BUGALAGRANDE,07:02 a. m.,7750,8400,24/09/2025
HL,6,135,BUGALAGRANDE,07:04 a. m.,8000,9000,24/09/2025
VH,1,210,BUGALAGRANDE,07:05 a. m.,7000,7250,24/09/2025
HL,7,196,BUGALAGRANDE,07:06 a. m.,7800,8300,24/09/2025
HL,3,208,BUGALAGRANDE,07:08 a. m.,7500,8500,24/09/2025
HL,1,220,GUACARI,07:09 a. m.,8500,8500,24/09/2025
HL,1,190,GUACARI,07:14 a. m.,8500,9500,24/09/2025
ML,1,225,GUACARI,07:15 a. m.,9300,10800,24/09/2025
ML,1,145,GUACARI,07:15 a. m.,9000,10000,24/09/2025
ML,1,155,GUACARI,07:16 a. m.,8000,9750,24/09/2025
ML,1,100,MONTERIA,07:38 a. m.,6000,6000,24/09/2025
ML,1,45,MONTERIA,07:36 a. m.,10000,12000,24/09/2025
HL,1,120,MONTERIA,07:36 a. m.,10000,11500,24/09/2025
ML,1,180,MONTERIA,07:35 a. m.,9500,10100,24/09/2025
ML,1,45,MONTERIA,07:34 a. m.,8000,10000,24/09/2025
ML,1,40,MONTERIA,07:39 a. m.,4000,10000,24/09/2025
HL,3,123,MONTERIA,07:39 a. m.,10000,12500,24/09/2025
HV,1,225,LA VICTORIA,07:21 a. m.,6500,6750,24/09/2025
ML,1,105,LA VICTORIA,07:23 a. m.,9000,13000,24/09/2025
VI,1,415,LA VICTORIA,07:24 a. m.,3000,4250,24/09/2025
ML,1,90,LA VICTORIA,07:17 a. m.,6000,6000,24/09/2025
ML,1,125,LA VICTORIA,07:24 a. m.,7000,9000,24/09/2025
VI,1,445,LA VICTORIA,07:25 a. m.,4750,4750,24/09/2025
HL,1,135,ZARZAL,07:33 a. m.,4000,8000,24/09/2025
HL,1,180,ZARZAL,07:32 a. m.,5000,6500,24/09/2025
ML,1,125,ZARZAL,07:33 a. m.,4000,8500,24/09/2025
HL,1,165,ZARZAL,07:32 a. m.,7000,8000,24/09/2025
HL,1,160,ZARZAL,07:33 a. m.,8500,10000,24/09/2025
ML,7,182,MONTERIA,07:41 a. m.,8400,8400,24/09/2025
ML,8,152,MONTERIA,07:40 a. m.,9500,10750,24/09/2025
ML,1,170,MONTERIA,07:54 a. m.,5000,5750,24/09/2025
ML,7,134,MONTERIA,07:55 a. m.,9500,10500,24/09/2025
HL,1,120,MONTERIA,08:00 a. m.,9000,11000,24/09/2025
ML,1,200,MONTERIA,07:49 a. m.,7000,7300,24/09/2025
HL,1,110,MONTERIA,07:57 a. m.,9500,10500,24/09/2025
HL,1,85,MONTERIA,08:01 a. m.,8000,13000,24/09/2025
HL,1,100,MONTERIA,08:02 a. m.,9000,16000,24/09/2025
HL,1,95,MONTERIA,08:05 a. m.,9000,12500,24/09/2025
HL,1,95,MONTERIA,08:07 a. m.,9000,12000,24/09/2025
ML,1,100,MONTERIA,08:07 a. m.,11000,13000,24/09/2025
HL,1,65,MONTERIA,08:07 a. m.,11000,13000,24/09/2025
HL,1,70,MONTERIA,08:08 a. m.,9000,12000,24/09/2025
HL,8,102,MONTERIA,08:03 a. m.,10000,12250,24/09/2025
MC,1,400,ZARZAL,08:12 a. m.,7300,7900,24/09/2025
MC,1,250,ZARZAL,08:13 a. m.,4000,6000,24/09/2025
TR,1,275,ZARZAL,08:12 a. m.,8700,11700,24/09/2025
VH,5,326,EL GUAMO,08:14 a. m.,7400,8400,24/09/2025
HV,1,315,EL GUAMO,08:16 a. m.,7500,8000,24/09/2025
HV,2,358,EL GUAMO,08:17 a. m.,7250,8400,24/09/2025
ML,1,70,ZARZAL,08:28 a. m.,10000,13000,24/09/2025
VH,1,475,GUACARI,08:20 a. m.,5500,10000,24/09/2025
HV,1,320,GUACARI,08:22 a. m.,7000,8000,24/09/2025
VH,1,330,GUACARI,08:23 a. m.,6700,7300,24/09/2025
ML,1,190,GUACARI,08:26 a. m.,8000,9200,24/09/2025
HL,1,95,GUACARI,08:24 a. m.,10000,12500,24/09/2025
HL,1,165,GUACARI,08:26 a. m.,8500,8750,24/09/2025
VI,1,435,GUACARI,08:27 a. m.,4500,4500,24/09/2025
TR,1,255,GUACARI,08:26 a. m.,8250,8750,24/09/2025
VH,4,290,ZARZAL,08:31 a. m.,7200,8000,24/09/2025
ML,3,117,LA UNION,08:32 a. m.,9500,11000,24/09/2025
ML,1,30,LA UNION,08:37 a. m.,2000,4000,24/09/2025
ML,1,35,LA UNION,08:36 a. m.,6000,10000,24/09/2025
HV,1,245,TULUA,08:40 a. m.,7750,8250,24/09/2025
HL,1,180,TULUA,08:45 a. m.,8000,8750,24/09/2025
TR,1,275,TULUA,08:43 a. m.,5500,6000,24/09/2025
HL,1,140,TULUA,08:44 a. m.,9000,9000,24/09/2025
HL,1,185,TULUA,08:48 a. m.,8000,8500,24/09/2025
VP,1,400,TULUA,08:49 a. m.,7000,8000,24/09/2025
VH,1,310,TULUA,09:28 a. m.,7500,8000,24/09/2025
VH,1,415,TULUA,09:30 a. m.,7000,10000,24/09/2025
HV,1,360,TULUA,09:31 a. m.,7500,8750,24/09/2025
HV,1,260,SEVILLA,08:56 a. m.,7750,8250,24/09/2025
TR,1,320,SEVILLA,08:59 a. m.,8750,9400,24/09/2025
ML,1,210,SEVILLA,08:59 a. m.,8500,9250,24/09/2025
VH,1,450,SEVILLA,09:00 a. m.,7500,8250,24/09/2025
HV,1,275,SEVILLA,09:02 a. m.,7250,8400,24/09/2025
VH,1,490,SEVILLA,09:03 a. m.,6000,7900,24/09/2025
VH,2,480,ANDALUCIA,09:04 a. m.,7250,7750,24/09/2025
TO,1,585,ANDALUCIA,09:05 a. m.,8750,10250,24/09/2025
VH,2,385,ANDALUCIA,09:06 a. m.,7750,8250,24/09/2025
VH,2,405,ANDALUCIA,09:13 a. m.,7000,8250,24/09/2025
ML,1,80,ANDALUCIA,09:08 a. m.,10000,15500,24/09/2025
ML,1,70,ANDALUCIA,09:08 a. m.,6000,12000,24/09/2025
HL,1,85,ANDALUCIA,09:11 a. m.,8000,10000,24/09/2025
VI,1,360,BUGALAGRANDE,09:15 a. m.,4000,5250,24/09/2025
VI,1,350,BUGALAGRANDE,09:19 a. m.,4000,4750,24/09/2025
HL,1,170,ZARZAL,08:50 a. m.,8500,8500,24/09/2025
VH,1,430,BUGALAGRANDE,09:19 a. m.,4500,6000,24/09/2025
VH,1,465,BUGALAGRANDE,09:20 a. m.,6000,8000,24/09/2025
ML,1,175,ZARZAL,08:56 a. m.,9500,11500,24/09/2025
ML,1,120,BUGALAGRANDE,09:21 a. m.,5000,6500,24/09/2025
ML,1,70,ANDALUCIA,09:15 a. m.,6000,6000,24/09/2025
ML,1,95,ANDALUCIA,09:13 a. m.,7000,7000,24/09/2025
MC,2,338,CARTAGO,09:21 a. m.,6250,7250,24/09/2025
MC,1,390,CARTAGO,09:22 a. m.,6250,7750,24/09/2025
ML,1,130,CARTAGO,09:23 a. m.,10000,11500,24/09/2025
MC,1,340,CARTAGO,09:25 a. m.,6500,8000,24/09/2025
VH,1,380,CARTAGO,09:26 a. m.,7250,8200,24/09/2025
HL,1,220,LA UNION,09:48 a. m.,5000,8000,24/09/2025
HL,1,145,CARTAGO,09:27 a. m.,3000,7000,24/09/2025
HL,1,110,CARTAGO,09:28 a. m.,8000,9500,24/09/2025
HV,1,375,TULUA,09:31 a. m.,7500,8400,24/09/2025
HV,1,375,TULUA,09:32 a. m.,8000,9000,24/09/2025
HV,1,310,TULUA,09:33 a. m.,7500,8250,24/09/2025
VH,1,280,TULUA,09:35 a. m.,5500,7000,24/09/2025
VI,1,370,TULUA,09:36 a. m.,5500,7750,24/09/2025
VH,1,365,TULUA,09:36 a. m.,7500,8400,24/09/2025
VH,1,350,TULUA,09:37 a. m.,6500,8400,24/09/2025
TR,1,365,TULUA,09:37 a. m.,8000,9100,24/09/2025
TR,1,440,TULUA,09:38 a. m.,8000,8600,24/09/2025
MC,1,365,TULUA,09:40 a. m.,8250,8700,24/09/2025
TR,1,360,TULUA,09:41 a. m.,8500,9000,24/09/2025
ML,1,245,LA UNION,09:41 a. m.,4500,5750,24/09/2025
HL,1,170,LA UNION,09:48 a. m.,8000,8000,24/09/2025
HL,1,210,LA UNION,09:45 a. m.,4000,5000,24/09/2025
ML,1,175,LA UNION,09:44 a. m.,4000,5000,24/09/2025
ML,1,115,LA UNION,09:47 a. m.,8000,9750,24/09/2025
ML,1,210,LA UNION,09:48 a. m.,4500,5500,24/09/2025
HL,1,180,LA UNION,09:52 a. m.,5000,8250,24/09/2025
HL,1,145,LA UNION,09:51 a. m.,8500,8500,24/09/2025
ML,1,180,OBANDO,09:53 a. m.,7500,8500,24/09/2025
HL,1,195,OBANDO,09:56 a. m.,5000,6000,24/09/2025
ML,1,100,OBANDO,09:54 a. m.,8000,9000,24/09/2025
ML,1,195,OBANDO,09:55 a. m.,4000,6500,24/09/2025
ML,1,130,OBANDO,09:58 a. m.,9500,11500,24/09/2025
ML,1,105,OBANDO,09:59 a. m.,8000,11500,24/09/2025
ML,1,175,OBANDO,10:03 a. m.,9000,10000,24/09/2025
HL,1,100,OBANDO,10:05 a. m.,9000,10000,24/09/2025
HL,1,115,OBANDO,09:55 a. m.,10500,10500,24/09/2025
VI,2,338,LA PRIMAVERA,10:07 a. m.,2000,2500,24/09/2025
MC,1,450,LA PRIMAVERA,10:10 a. m.,7500,8500,24/09/2025
HL,1,85,OBANDO,10:05 a. m.,4000,8000,24/09/2025
HL,1,120,OBANDO,10:01 a. m.,9000,9500,24/09/2025
VI,1,360,LA PRIMAVERA,10:11 a. m.,4000,5000,24/09/2025
VI,1,405,LA PRIMAVERA,10:13 a. m.,3500,4750,24/09/2025
VH,1,370,LA PRIMAVERA,10:10 a. m.,4500,6000,24/09/2025
ML,2,90,LA PRIMAVERA,10:15 a. m.,11000,13000,24/09/2025
ML,1,95,LA PRIMAVERA,10:14 a. m.,8000,10000,24/09/2025
ML,1,215,LA PRIMAVERA,10:17 a. m.,8000,8900,24/09/2025
ML,1,125,YOTOCO,10:23 a. m.,6000,6000,24/09/2025
HV,1,295,YOTOCO,10:25 a. m.,8000,10500,24/09/2025
VH,1,450,YOTOCO,10:26 a. m.,5500,6500,24/09/2025
HV,1,350,YOTOCO,10:26 a. m.,8000,12500,24/09/2025
VH,1,425,YOTOCO,10:27 a. m.,5000,9500,24/09/2025
VI,1,525,YOTOCO,10:28 a. m.,4500,5500,24/09/2025
ML,2,110,LA PRIMAVERA,10:22 a. m.,10000,12750,24/09/2025
ML,2,108,LA PRIMAVERA,10:18 a. m.,9000,11500,24/09/2025
ML,1,35,YOTOCO,10:31 a. m.,4000,8000,24/09/2025
ML,1,35,YOTOCO,10:30 a. m.,6000,10000,24/09/2025
ML,1,30,YOTOCO,10:29 a. m.,4000,4000,24/09/2025
ML,1,30,YOTOCO,10:32 a. m.,6000,12000,24/09/2025
ML,1,40,YOTOCO,10:33 a. m.,4000,6000,24/09/2025
ML,1,35,YOTOCO,10:33 a. m.,6000,12000,24/09/2025
MC,1,410,BUGALAGRANDE,10:36 a. m.,7500,8500,24/09/2025
MC,1,340,BUGALAGRANDE,10:39 a. m.,6500,7500,24/09/2025
MC,1,430,BUGALAGRANDE,10:40 a. m.,6750,7900,24/09/2025
MC,1,350,BUGALAGRANDE,10:41 a. m.,7500,8900,24/09/2025
MC,1,260,BUGALAGRANDE,10:41 a. m.,5000,5000,24/09/2025
VI,1,435,BUGALAGRANDE,10:42 a. m.,4000,5250,24/09/2025
MC,1,265,BUGALAGRANDE,10:42 a. m.,7000,7750,24/09/2025
MC,6,331,BUGALAGRANDE,10:46 a. m.,7800,8200,24/09/2025
ML,1,235,BUGALAGRANDE,10:43 a. m.,4500,6000,24/09/2025
TR,1,385,EL DOVIO,10:52 a. m.,8000,9000,24/09/2025
HL,1,145,EL DOVIO,10:51 a. m.,8000,8500,24/09/2025
HL,1,190,EL DOVIO,10:53 a. m.,8000,8250,24/09/2025
TR,1,325,EL DOVIO,10:53 a. m.,8500,8500,24/09/2025
HL,1,190,EL DOVIO,10:54 a. m.,7000,7750,24/09/2025
HL,1,180,EL DOVIO,10:55 a. m.,7000,7000,24/09/2025
HV,2,290,BUGALAGRANDE,11:05 a. m.,8000,8500,24/09/2025
HV,1,370,VERSALLES,10:55 a. m.,6000,8000,24/09/2025
VH,1,410,VERSALLES,10:58 a. m.,4500,5500,24/09/2025
VI,1,325,EL DOVIO,11:09 a. m.,3000,4000,24/09/2025
HV,1,355,EL DOVIO,11:08 a. m.,7750,9250,24/09/2025
VH,1,375,EL DOVIO,11:10 a. m.,5000,5000,24/09/2025
VI,1,275,EL DOVIO,11:10 a. m.,4000,5500,24/09/2025
VH,1,470,EL DOVIO,11:12 a. m.,4500,6500,24/09/2025
TR,3,283,CALI,11:27 a. m.,7500,8000,24/09/2025
VH,1,525,VERSALLES,10:58 a. m.,5000,6000,24/09/2025
VH,1,435,VERSALLES,11:00 a. m.,7000,7750,24/09/2025
VI,1,330,VERSALLES,11:00 a. m.,4000,5750,24/09/2025
VH,1,270,VERSALLES,11:03 a. m.,6000,7500,24/09/2025
VH,1,385,VERSALLES,11:03 a. m.,6000,7000,24/09/2025
VH,1,405,VERSALLES,11:04 a. m.,5500,7500,24/09/2025
ML,1,70,VERSALLES,11:04 a. m.,9000,10000,24/09/2025
HV,1,335,EL DOVIO,11:14 a. m.,8000,8250,24/09/2025
VH,1,405,EL DOVIO,11:14 a. m.,6500,8700,24/09/2025
VI,1,435,EL DOVIO,11:16 a. m.,4500,6250,24/09/2025
HL,2,242,CALARCA,11:16 a. m.,5500,7250,24/09/2025
HL,1,210,CALARCA,11:18 a. m.,8000,8000,24/09/2025
HV,1,250,CALARCA,11:19 a. m.,6000,7500,24/09/2025
HL,1,130,CALARCA,11:20 a. m.,7500,8750,24/09/2025
VH,1,465,CALARCA,11:21 a. m.,7250,8500,24/09/2025
ML,1,210,CALARCA,11:23 a. m.,8000,9000,24/09/2025
MC,3,235,CALI,11:24 a. m.,8500,8750,24/09/2025
MC,2,308,CALI,11:27 a. m.,6750,7750,24/09/2025
VI,1,280,CALI,11:29 a. m.,5000,8000,24/09/2025
ML,1,120,CALI,11:30 a. m.,5000,5500,24/09/2025
HL,1,175,CALI,11:31 a. m.,7000,8000,24/09/2025
ML,3,90,MARSELLA,11:32 a. m.,8500,12500,24/09/2025
HV,8,241,TEBAIDA,11:53 a. m.,8200,8700,24/09/2025
ML,1,135,MARSELLA,11:45 a. m.,7000,10000,24/09/2025
ML,1,100,MARSELLA,11:43 a. m.,5000,8500,24/09/2025
HL,1,35,MARSELLA,11:45 a. m.,6000,10000,24/09/2025
ML,1,80,MARSELLA,11:47 a. m.,10000,12000,24/09/2025
VH,1,435,BUGALAGRANDE,11:47 a. m.,6500,7500,24/09/2025
VH,1,460,BUGALAGRANDE,11:49 a. m.,5500,7500,24/09/2025
VH,1,405,BUGALAGRANDE,11:50 a. m.,6000,7000,24/09/2025
VH,1,425,BUGALAGRANDE,11:51 a. m.,5000,6250,24/09/2025
VH,1,535,BUGALAGRANDE,11:53 a. m.,5500,7000,24/09/2025
HV,4,286,TEBAIDA,11:56 a. m.,7800,8500,24/09/2025
HV,2,228,TEBAIDA,12:01 p. m.,7500,8500,24/09/2025
HL,2,188,TEBAIDA,12:07 p. m.,8000,8600,24/09/2025
HL,1,220,TEBAIDA,12:09 p. m.,7000,7500,24/09/2025
HV,1,200,TEBAIDA,12:10 p. m.,8500,8500,24/09/2025
HV,1,265,TEBAIDA,12:10 p. m.,7000,8000,24/09/2025
HV,1,205,TEBAIDA,12:12 p. m.,6000,7000,24/09/2025
HV,1,260,TEBAIDA,12:13 p. m.,7500,7500,24/09/2025
HV,1,200,TEBAIDA,12:14 p. m.,6500,7500,24/09/2025
HV,1,310,TEBAIDA,12:14 p. m.,5000,5750,24/09/2025
HV,1,200,TEBAIDA,12:14 p. m.,5000,5500,24/09/2025
VH,4,364,CARTAGO,12:16 p. m.,5500,6750,24/09/2025
VH,1,270,CARTAGO,12:19 p. m.,6500,8000,24/09/2025
VH,1,340,CARTAGO,12:18 p. m.,7000,7750,24/09/2025
TR,1,320,CARTAGO,12:21 p. m.,8250,8500,24/09/2025
VH,1,400,CARTAGO,12:21 p. m.,6000,7000,24/09/2025
HL,3,95,CARTAGO,12:20 p. m.,10000,11750,24/09/2025
ML,1,80,CARTAGO,12:22 p. m.,10000,10500,24/09/2025
HL,7,124,CAQUETA,12:24 p. m.,9000,9250,24/09/2025
HL,6,95,CAQUETA,12:28 p. m.,9000,10500,24/09/2025
HL,4,98,CAQUETA,12:29 p. m.,9000,13750,24/09/2025
HL,2,105,CAQUETA,12:30 p. m.,9000,10000,24/09/2025
HL,2,160,CAQUETA,12:31 p. m.,7000,7500,24/09/2025
HV,1,210,CAQUETA,12:32 p. m.,7000,8500,24/09/2025
HV,1,195,CAQUETA,12:35 p. m.,7000,7500,24/09/2025
HV,1,250,CAQUETA,12:34 p. m.,6500,7500,24/09/2025
VH,1,310,CAQUETA,12:35 p. m.,7500,8000,24/09/2025
VH,1,225,CAQUETA,12:36 p. m.,7500,8500,24/09/2025
VH,1,325,CAQUETA,12:37 p. m.,5500,7000,24/09/2025
HL,2,85,CAQUETA,12:38 p. m.,10000,11000,24/09/2025
HL,3,118,CAQUETA,12:38 p. m.,5000,9000,24/09/2025
HL,7,119,CAQUETA,12:42 p. m.,10000,10200,24/09/2025
ML,4,102,CAQUETA,12:43 p. m.,10000,12500,24/09/2025
HL,4,114,CAQUETA,12:45 p. m.,9000,9500,24/09/2025
ML,1,115,CAQUETA,12:53 p. m.,9000,10500,24/09/2025
ML,1,65,CAQUETA,12:49 p. m.,10000,11000,24/09/2025
ML,1,105,CAQUETA,12:51 p. m.,8500,10750,24/09/2025
ML,1,100,CAQUETA,12:51 p. m.,4000,6000,24/09/2025
ML,1,110,CAQUETA,12:46 p. m.,9500,10750,24/09/2025
ML,1,145,CAQUETA,12:53 p. m.,9000,10500,24/09/2025
ML,1,75,CAQUETA,12:54 p. m.,10000,11500,24/09/2025
ML,2,75,CAQUETA,12:55 p. m.,10000,12500,24/09/2025
HL,11,80,SEVILLA,01:02 p. m.,10000,12500,24/09/2025
VH,3,363,CAQUETA,12:57 p. m.,6500,6500,24/09/2025
VH,2,262,CAQUETA,01:01 p. m.,7000,8700,24/09/2025
HL,1,100,SEVILLA,01:08 p. m.,8000,8000,24/09/2025
HL,1,145,SEVILLA,01:05 p. m.,6000,8500,24/09/2025
HL,1,90,SEVILLA,01:07 p. m.,5000,7000,24/09/2025
ML,10,117,SEVILLA,01:09 p. m.,10000,11500,24/09/2025
HL,8,115,SEVILLA,01:15 p. m.,9000,9500,24/09/2025
ML,12,85,SEVILLA,01:18 p. m.,9000,11250,24/09/2025
HV,1,305,RIOFRIO,01:22 p. m.,8000,8500,24/09/2025
HL,1,145,RIOFRIO,01:23 p. m.,8000,9500,24/09/2025
HL,1,200,RIOFRIO,01:20 p. m.,7000,8000,24/09/2025
ML,1,115,RIOFRIO,01:22 p. m.,10000,12000,24/09/2025
ML,1,90,RIOFRIO,01:24 p. m.,10000,10000,24/09/2025
MC,1,245,ANDALUCIA,01:25 p. m.,4000,5500,24/09/2025
ML,3,78,ANDALUCIA,01:29 p. m.,7000,8000,24/09/2025
ML,4,189,RIOFRIO,02:50 p. m.,10000,11000,24/09/2025
HL,4,179,RIOFRIO,03:01 p. m.,8500,9000,24/09/2025
HL,1,115,CAUCASIA,06:02 a. m.,9600,11000,18/03/2026
HL,1,145,CAUCASIA,06:06 a. m.,9000,10200,18/03/2026
HL,1,165,CAUCASIA,06:09 a. m.,9000,9600,18/03/2026
HL,1,130,CAUCASIA,06:11 a. m.,9400,11400,18/03/2026
HL,1,140,CAUCASIA,06:14 a. m.,9000,9900,18/03/2026
HL,1,180,CAUCASIA,06:09 a. m.,9000,9300,18/03/2026
HL,1,185,CAUCASIA,06:19 a. m.,9000,9650,18/03/2026
HL,1,180,CAUCASIA,06:20 a. m.,7400,8200,18/03/2026
HL,1,185,CAUCASIA,06:20 a. m.,8000,8800,18/03/2026
ML,4,240,ROLDANILLO,06:22 a. m.,8500,8700,18/03/2026
ML,5,209,ROLDANILLO,06:24 a. m.,8500,8750,18/03/2026
HL,1,205,ZARZAL,06:20 a. m.,6400,6400,18/03/2026
HL,1,230,ZARZAL,06:23 a. m.,7000,7200,18/03/2026
VP,1,475,ZARZAL,06:27 a. m.,4800,5600,18/03/2026
MC,4,256,ROLDANILLO,06:26 a. m.,8100,8200,18/03/2026
MC,1,325,LA UNION,06:38 a. m.,7800,8200,18/03/2026
HL,1,115,ZARZAL,06:48 a. m.,9400,10600,18/03/2026
ML,1,150,ZARZAL,06:45 a. m.,8000,8450,18/03/2026
VH,1,370,UÑEGATO,06:51 a. m.,7000,8000,18/03/2026
ML,4,211,UÑEGATO,06:54 a. m.,8000,8900,18/03/2026
HL,2,130,UÑEGATO,06:55 a. m.,8000,8200,18/03/2026
HL,2,140,UÑEGATO,06:56 a. m.,8000,8300,18/03/2026
HL,1,220,VIJES,06:57 a. m.,8000,8950,18/03/2026
HL,1,170,VIJES,07:02 a. m.,8000,8200,18/03/2026
HL,10,182,VIJES,07:03 a. m.,9000,9450,18/03/2026
ML,1,150,VIJES,07:11 a. m.,7600,8800,18/03/2026
HL,5,142,VIJES,07:05 a. m.,8600,9100,18/03/2026
HL,1,125,VIJES,07:07 a. m.,5000,5000,18/03/2026
HL,1,135,VIJES,07:10 a. m.,9000,9800,18/03/2026
HL,4,222,VIJES,07:12 a. m.,8000,8900,18/03/2026
HL,2,178,VIJES,07:13 a. m.,8000,8500,18/03/2026
HL,2,128,VIJES,07:16 a. m.,8000,8300,18/03/2026
HL,6,136,VIJES,07:16 a. m.,8600,8900,18/03/2026
HL,4,165,VIJES,07:17 a. m.,9000,9650,18/03/2026
HV,1,320,ZARZAL,07:21 a. m.,7600,7600,18/03/2026
HL,1,140,ZARZAL,07:18 a. m.,8000,11400,18/03/2026
HL,1,235,ZARZAL,07:20 a. m.,8000,8000,18/03/2026
HV,1,330,LA UNION,07:22 a. m.,6000,7500,18/03/2026
VH,1,345,LA UNION,07:26 a. m.,7000,7600,18/03/2026
HV,1,370,LA UNION,07:27 a. m.,7500,8250,18/03/2026
VH,1,335,LA UNION,07:27 a. m.,4700,6350,18/03/2026
VH,1,370,LA UNION,07:28 a. m.,6000,6600,18/03/2026
VH,1,400,LA UNION,07:28 a. m.,7000,7800,18/03/2026
VH,1,325,LA UNION,07:30 a. m.,6000,6600,18/03/2026
HL,1,130,LA UNION,07:29 a. m.,8000,8600,18/03/2026
HL,6,213,PLANETA RICA,07:30 a. m.,8200,8850,18/03/2026
HL,1,150,LA UNION,07:32 a. m.,7000,7900,18/03/2026
HL,1,155,LA UNION,07:31 a. m.,7600,8250,18/03/2026
HL,4,211,PLANETA RICA,07:34 a. m.,8300,8750,18/03/2026
ML,3,93,CAUCASIA,07:37 a. m.,10000,10600,18/03/2026
HL,1,90,CAUCASIA,07:47 a. m.,9000,12600,18/03/2026
HL,1,200,CAUCASIA,07:46 a. m.,8400,8400,18/03/2026
ML,5,180,CAUCASIA,07:50 a. m.,7600,8400,18/03/2026
ML,3,235,SAN JOSE DEL GUAVIARE,07:54 a. m.,7600,8200,18/03/2026
HL,6,180,SAN JOSE DEL GUAVIARE,07:58 a. m.,8500,9200,18/03/2026
ML,6,138,SAN JOSE DEL GUAVIARE,08:03 a. m.,9400,10150,18/03/2026
HL,2,145,SAN JOSE DEL GUAVIARE,08:01 a. m.,8600,8600,18/03/2026
HL,3,155,SEVILLA,08:07 a. m.,7400,8000,18/03/2026
HL,2,185,SEVILLA,08:04 a. m.,6000,7800,18/03/2026
HL,7,152,SEVILLA,08:08 a. m.,8600,9200,18/03/2026
HV,1,345,LA UNION,08:09 a. m.,8700,8800,18/03/2026
HV,1,345,LA UNION,08:14 a. m.,7200,7950,18/03/2026
HV,1,405,LA UNION,08:13 a. m.,8600,8850,18/03/2026
HV,1,360,LA UNION,08:14 a. m.,7200,8750,18/03/2026
HV,4,320,LA UNION,08:17 a. m.,8500,8800,18/03/2026
VH,1,380,LA UNION,08:20 a. m.,6600,7400,18/03/2026
HV,1,375,LA UNION,08:17 a. m.,8100,8200,18/03/2026
VH,1,390,LA UNION,08:21 a. m.,7200,7400,18/03/2026
VH,1,395,QUIMBAYA,08:34 a. m.,4000,5200,18/03/2026
HL,5,143,MONTERIA,09:06 a. m.,8600,9300,18/03/2026
HL,1,90,TORO,08:26 a. m.,11000,12600,18/03/2026
VH,1,220,QUIMBAYA,08:35 a. m.,6000,6000,18/03/2026
HL,1,160,QUIMBAYA,08:35 a. m.,7000,7750,18/03/2026
HL,1,190,QUIMBAYA,08:36 a. m.,8400,8600,18/03/2026
ML,2,95,TORO,08:28 a. m.,10000,11200,18/03/2026
ML,1,210,BUGALAGRANDE,08:37 a. m.,8000,8500,18/03/2026
ML,1,235,BUGALAGRANDE,08:38 a. m.,8400,8700,18/03/2026
MC,1,250,BUGALAGRANDE,08:40 a. m.,8400,8400,18/03/2026
TR,1,280,BUGALAGRANDE,08:39 a. m.,8400,8800,18/03/2026
ML,1,230,BUGALAGRANDE,08:41 a. m.,7400,7800,18/03/2026
VH,3,440,BUGALAGRANDE,08:47 a. m.,8200,8400,18/03/2026
HV,2,368,BUGALAGRANDE,08:58 a. m.,6500,6700,18/03/2026
HV,3,370,BUGALAGRANDE,08:58 a. m.,7800,8100,18/03/2026
HL,6,152,MONTERIA,09:07 a. m.,8600,9450,18/03/2026
TO,1,635,TULUA,08:45 a. m.,8800,9600,18/03/2026
VH,1,440,ZARZAL,08:41 a. m.,5800,6850,18/03/2026
HV,1,400,QUIMBAYA,08:32 a. m.,5600,6200,18/03/2026
VH,1,335,TULUA,08:46 a. m.,6200,7200,18/03/2026
ML,1,125,ZARZAL,08:42 a. m.,7800,8050,18/03/2026
HV,1,360,SEVILLA,08:52 a. m.,8000,8100,18/03/2026
ML,1,205,SEVILLA,08:53 a. m.,7600,8150,18/03/2026
HV,1,280,SEVILLA,08:54 a. m.,8000,8350,18/03/2026
HL,1,230,SEVILLA,08:55 a. m.,8000,8600,18/03/2026
VH,1,315,SEVILLA,08:55 a. m.,8000,8550,18/03/2026
VH,1,425,SEVILLA,08:56 a. m.,5600,6400,18/03/2026
HV,2,348,SEVILLA,08:58 a. m.,8500,8750,18/03/2026
VP,1,480,SEVILLA,08:59 a. m.,7400,7600,18/03/2026
HL,7,196,JAMUNDI,09:00 a. m.,9000,9600,18/03/2026
HL,7,166,MONTERIA,09:09 a. m.,8600,9500,18/03/2026
HL,7,175,MONTERIA,09:16 a. m.,8600,9700,18/03/2026
ML,1,160,MONTERIA,09:28 a. m.,9400,9800,18/03/2026
ML,1,215,JAMUNDI,09:30 a. m.,7600,8100,18/03/2026
ML,1,220,JAMUNDI,09:29 a. m.,8600,9200,18/03/2026
ML,1,175,JAMUNDI,09:28 a. m.,8400,9400,18/03/2026
ML,1,190,JAMUNDI,09:32 a. m.,8600,8600,18/03/2026
HL,1,150,JAMUNDI,09:34 a. m.,7000,8700,18/03/2026
ML,1,185,JAMUNDI,09:37 a. m.,7000,8350,18/03/2026
HL,1,190,JAMUNDI,09:34 a. m.,6600,7800,18/03/2026
HL,1,235,JAMUNDI,09:34 a. m.,8000,8200,18/03/2026
HL,1,185,JAMUNDI,09:33 a. m.,7600,8200,18/03/2026
HL,8,201,JAMUNDI,09:38 a. m.,8500,9500,18/03/2026
ML,1,225,BOLIVAR,09:40 a. m.,10000,10600,18/03/2026
MC,1,250,BOLIVAR,09:44 a. m.,10000,11000,18/03/2026
MC,1,250,BOLIVAR,09:44 a. m.,9600,11600,18/03/2026
MC,1,275,BOLIVAR,09:45 a. m.,9000,9400,18/03/2026
BF,1,185,FILANDIA,09:48 a. m.,6600,8000,18/03/2026
BF,4,129,FILANDIA,09:46 a. m.,8400,9800,18/03/2026
HL,1,200,TRUJILLO,09:48 a. m.,8400,9000,18/03/2026
HL,1,225,TORO,10:03 a. m.,9400,10100,18/03/2026
HL,5,178,TORO,10:03 a. m.,9000,9300,18/03/2026
HL,1,180,TORO,10:04 a. m.,7600,8400,18/03/2026
HL,1,180,TORO,09:57 a. m.,7600,7600,18/03/2026
HL,3,183,TORO,09:58 a. m.,8400,9100,18/03/2026
VH,1,595,BUGALAGRANDE,09:59 a. m.,5800,6200,18/03/2026
HL,4,178,TORO,09:59 a. m.,9000,10200,18/03/2026
VH,1,495,ROLDANILLO,10:12 a. m.,5400,6000,18/03/2026
VH,1,345,ROLDANILLO,10:15 a. m.,8000,8900,18/03/2026
VH,1,460,ROLDANILLO,10:15 a. m.,6000,6600,18/03/2026
VH,1,435,EL DOVIO,10:21 a. m.,6000,6500,18/03/2026
VH,1,470,EL DOVIO,10:21 a. m.,5600,6000,18/03/2026
HV,1,325,EL DOVIO,10:22 a. m.,6000,8100,18/03/2026
ML,4,228,EL DOVIO,10:22 a. m.,7600,7950,18/03/2026
ML,1,195,EL DOVIO,10:26 a. m.,7000,7450,18/03/2026
HL,1,220,LA UNION,10:28 a. m.,7800,8700,18/03/2026
VH,1,395,LA UNION,10:32 a. m.,7400,7400,18/03/2026
ML,1,220,EL DOVIO,10:26 a. m.,8000,8200,18/03/2026
VH,1,350,LA UNION,10:33 a. m.,6000,7400,18/03/2026
ML,2,105,BUGALAGRANDE,10:36 a. m.,7800,8250,18/03/2026
HL,2,92,BUGALAGRANDE,10:38 a. m.,7000,8000,18/03/2026
MC,3,292,EL DOVIO,10:34 a. m.,6600,7500,18/03/2026
ML,1,115,SEVILLA,10:42 a. m.,7600,7800,18/03/2026
ML,1,155,SEVILLA,10:43 a. m.,7400,8400,18/03/2026
TR,1,285,SEVILLA,10:44 a. m.,7600,8200,18/03/2026
VH,1,500,CAQUETA,10:47 a. m.,6600,8000,18/03/2026
VH,6,312,CAQUETA,10:54 a. m.,7500,8600,18/03/2026
ML,2,88,BUGALAGRANDE,10:39 a. m.,6000,7500,18/03/2026
ML,2,210,SEVILLA,10:46 a. m.,7400,8000,18/03/2026
VH,3,263,CAQUETA,10:53 a. m.,7500,8500,18/03/2026
HV,2,358,CAQUETA,10:55 a. m.,6000,7400,18/03/2026
VH,1,350,CAQUETA,10:55 a. m.,6400,6400,18/03/2026
VH,1,330,CAQUETA,10:56 a. m.,3400,4800,18/03/2026
HV,1,275,CAQUETA,10:58 a. m.,6000,6400,18/03/2026
HV,3,305,CAQUETA,10:57 a. m.,6000,7600,18/03/2026
HL,1,235,CAQUETA,11:01 a. m.,6000,6600,18/03/2026
HL,1,195,CAQUETA,11:02 a. m.,7000,7700,18/03/2026
HV,1,345,CAQUETA,11:02 a. m.,4000,6450,18/03/2026
TR,1,270,CAQUETA,11:03 a. m.,7000,7800,18/03/2026
HL,1,210,CAQUETA,11:05 a. m.,5000,5900,18/03/2026
ML,1,245,CAQUETA,11:06 a. m.,6000,6600,18/03/2026
HL,1,200,CAQUETA,11:08 a. m.,7000,7600,18/03/2026
HV,1,305,CAQUETA,11:09 a. m.,6000,6900,18/03/2026
HL,1,215,CAQUETA,11:09 a. m.,6900,7200,18/03/2026
VH,1,310,CAQUETA,11:10 a. m.,7000,7200,18/03/2026
HL,1,220,CAQUETA,11:11 a. m.,7000,7000,18/03/2026
HL,2,152,CAQUETA,11:14 a. m.,8000,9800,18/03/2026
HL,2,145,CAQUETA,11:15 a. m.,8600,9300,18/03/2026
HL,2,180,CAQUETA,11:15 a. m.,8600,9200,18/03/2026
HL,2,155,CAQUETA,11:19 a. m.,8400,9200,18/03/2026
HL,3,167,CAQUETA,11:21 a. m.,8000,8900,18/03/2026
HL,1,150,CAQUETA,11:22 a. m.,7400,8700,18/03/2026
HL,1,110,CAQUETA,11:23 a. m.,8000,15200,18/03/2026
HL,2,120,CAQUETA,11:25 a. m.,9000,10200,18/03/2026
HV,6,261,CAQUETA,11:28 a. m.,8000,8250,18/03/2026
HL,3,132,CAQUETA,11:29 a. m.,9600,11000,18/03/2026
HL,4,219,CAQUETA,11:31 a. m.,8000,8850,18/03/2026
HV,1,310,SAN PEDRO,11:32 a. m.,7600,8100,18/03/2026
VH,1,450,SAN PEDRO,11:35 a. m.,5500,6300,18/03/2026
VH,1,390,SAN PEDRO,11:36 a. m.,5600,6400,18/03/2026
HV,1,275,SAN PEDRO,11:36 a. m.,6400,7200,18/03/2026
VH,1,400,SAN PEDRO,11:37 a. m.,8200,8550,18/03/2026
ML,2,135,MONTERIA,11:40 a. m.,8000,9050,18/03/2026
ML,8,68,MONTERIA,11:47 a. m.,7000,8000,18/03/2026
VH,1,345,BUGALAGRANDE,12:02 p. m.,6600,7000,18/03/2026
VH,1,335,BUGALAGRANDE,12:06 p. m.,7400,8400,18/03/2026
ML,1,100,BUGALAGRANDE,12:08 p. m.,9400,9500,18/03/2026
HV,1,320,EL DOVIO,12:08 p. m.,6000,7700,18/03/2026
VH,1,495,EL DOVIO,12:13 p. m.,8000,8800,18/03/2026
HV,1,400,EL DOVIO,12:14 p. m.,6600,8200,18/03/2026
VH,1,495,EL DOVIO,12:15 p. m.,7000,7600,18/03/2026
TR,1,580,EL DOVIO,12:15 p. m.,9400,9600,18/03/2026
VH,1,395,EL DOVIO,12:16 p. m.,8000,8000,18/03/2026
VH,1,335,EL DOVIO,12:18 p. m.,6000,7500,18/03/2026
HV,1,400,EL DOVIO,12:19 p. m.,8800,8800,18/03/2026
HV,1,375,EL DOVIO,12:21 p. m.,8000,8600,18/03/2026
ML,3,145,EL DOVIO,12:21 p. m.,8800,9400,18/03/2026
HL,1,140,EL DOVIO,12:23 p. m.,8400,9150,18/03/2026
HL,4,156,LAS CRUCES,01:15 p. m.,10000,10000,18/03/2026
VH,1,580,LAS CRUCES,01:20 p. m.,8000,8000,18/03/2026
VH,1,480,LAS CRUCES,01:22 p. m.,7400,7800,18/03/2026
VH,1,290,LAS CRUCES,01:24 p. m.,6800,7800,18/03/2026
HV,3,283,LAS CRUCES,01:24 p. m.,8000,8400,18/03/2026
HV,1,255,LAS CRUCES,01:19 p. m.,7600,8150,18/03/2026
HL,1,175,LAS CRUCES,01:17 p. m.,8600,9100,18/03/2026
HL,1,215,LAS CRUCES,01:18 p. m.,6000,7300,18/03/2026
HL,1,135,LAS CRUCES,01:19 p. m.,8600,11200,18/03/2026
HL,1,110,LAS CRUCES,01:20 p. m.,8200,8800,18/03/2026
ML,5,204,LAS CRUCES,01:21 p. m.,8600,8900,18/03/2026
TR,1,255,LAS CRUCES,01:25 p. m.,8000,8500,18/03/2026
ML,1,140,LAS CRUCES,01:26 p. m.,8000,8600,18/03/2026
HL,1,245,VERSALLES,01:30 p. m.,4000,5900,18/03/2026
VH,1,380,VERSALLES,01:32 p. m.,3000,4400,18/03/2026
VH,1,340,VERSALLES,01:32 p. m.,4400,6300,18/03/2026
ML,3,165,LAS CRUCES,01:26 p. m.,8400,8900,18/03/2026
VH,1,420,VERSALLES,01:33 p. m.,5600,5600,18/03/2026
VH,1,375,VERSALLES,01:34 p. m.,6000,6600,18/03/2026
VH,1,420,VERSALLES,01:35 p. m.,4000,5200,18/03/2026
HL,1,125,JAMUNDI,01:45 p. m.,8000,8900,18/03/2026
HL,1,195,JAMUNDI,02:12 p. m.,9000,9800,18/03/2026
TR,6,303,JAMUNDI,02:22 p. m.,8500,8700,18/03/2026
MC,1,250,JAMUNDI,02:10 p. m.,8400,8750,18/03/2026
VH,1,420,JAMUNDI,02:12 p. m.,6000,7000,18/03/2026
TR,5,265,JAMUNDI,02:26 p. m.,8500,8800,18/03/2026
HL,1,205,JAMUNDI,02:13 p. m.,7600,8650,18/03/2026
VH,1,315,JAMUNDI,02:13 p. m.,8000,8250,18/03/2026
VP,1,385,JAMUNDI,02:14 p. m.,7000,7800,18/03/2026
TR,2,300,JAMUNDI,02:16 p. m.,8400,9000,18/03/2026
TR,5,295,JAMUNDI,02:19 p. m.,8500,9100,18/03/2026
ML,3,220,JAMUNDI,02:32 p. m.,8400,8800,18/03/2026
VH,3,275,CAQUETA,06:04 a. m.,6750,7800,03/09/2025
VH,2,300,CAQUETA,06:04 a. m.,7250,7750,03/09/2025
VH,1,320,CAQUETA,06:05 a. m.,6000,6600,03/09/2025
HL,2,132,CAQUETA,06:06 a. m.,8500,9000,03/09/2025
HL,2,150,CAQUETA,06:07 a. m.,6500,7500,03/09/2025
HL,1,130,CAQUETA,06:08 a. m.,7000,11500,03/09/2025
HL,1,160,CAQUETA,06:09 a. m.,5000,9000,03/09/2025
HL,1,200,CAQUETA,06:10 a. m.,5500,7500,03/09/2025
HL,1,160,CAQUETA,06:11 a. m.,7000,8500,03/09/2025
HL,1,185,CAQUETA,06:11 a. m.,4000,6500,03/09/2025
HL,1,195,CAQUETA,06:14 a. m.,8250,9000,03/09/2025
HL,3,153,CAQUETA,06:15 a. m.,7750,8500,03/09/2025
HL,3,155,CAQUETA,06:17 a. m.,8500,10000,03/09/2025
HL,2,132,CAQUETA,06:17 a. m.,8500,10000,03/09/2025
ML,2,168,LA VICTORIA,06:27 a. m.,8250,9250,03/09/2025
HL,1,120,LA VICTORIA,06:29 a. m.,4000,7500,03/09/2025
HL,1,200,TULUA,06:36 a. m.,5000,6000,03/09/2025
HL,1,125,LA VICTORIA,06:31 a. m.,7500,9250,03/09/2025
HL,1,80,LA VICTORIA,06:33 a. m.,10000,11500,03/09/2025
VP,1,380,LA UNION,06:37 a. m.,8500,10500,03/09/2025
HL,1,120,TULUA,06:41 a. m.,8500,9000,03/09/2025
VP,1,615,LA UNION,06:43 a. m.,7000,7700,03/09/2025
VP,1,450,LA UNION,06:44 a. m.,8000,8000,03/09/2025
VP,1,475,LA UNION,06:45 a. m.,7500,8250,03/09/2025
VP,1,435,LA UNION,06:47 a. m.,7500,8750,03/09/2025
VP,1,490,LA UNION,06:51 a. m.,6500,7000,03/09/2025
VP,1,460,LA UNION,06:52 a. m.,7000,8000,03/09/2025
VP,1,485,LA UNION,06:53 a. m.,8000,8250,03/09/2025
VH,1,350,LA UNION,06:57 a. m.,7500,8500,03/09/2025
VP,1,430,LA UNION,06:58 a. m.,8000,8500,03/09/2025
VP,1,515,LA UNION,06:54 a. m.,7500,8250,03/09/2025
HV,1,300,ZARZAL,07:03 a. m.,6250,6750,03/09/2025
ML,1,190,ZARZAL,07:05 a. m.,8500,9000,03/09/2025
TR,1,425,ZARZAL,07:06 a. m.,8250,8400,03/09/2025
VH,1,430,ZARZAL,07:08 a. m.,5000,5900,03/09/2025
VH,1,370,ZARZAL,07:10 a. m.,5500,6400,03/09/2025
ML,1,160,ZARZAL,07:07 a. m.,9500,10000,03/09/2025
ML,1,50,ZARZAL,07:12 a. m.,10000,11500,03/09/2025
ML,1,100,ZARZAL,07:09 a. m.,11000,11750,03/09/2025
ML,1,110,ZARZAL,07:11 a. m.,9500,10500,03/09/2025
VH,2,338,ZARZAL,07:13 a. m.,6750,7500,03/09/2025
HL,1,175,CAUCASIA,07:15 a. m.,8500,9250,03/09/2025
HL,2,160,CAUCASIA,07:14 a. m.,8500,9400,03/09/2025
HL,7,154,CAUCASIA,07:16 a. m.,10000,10400,03/09/2025
HV,2,258,ROLDANILLO,07:17 a. m.,7750,8700,03/09/2025
ML,1,210,ROLDANILLO,07:19 a. m.,8000,9500,03/09/2025
HL,6,176,ROLDANILLO,07:20 a. m.,10000,10900,03/09/2025
HL,8,211,SEVILLA,07:24 a. m.,8400,8650,03/09/2025
VH,1,240,SEVILLA,07:25 a. m.,5500,5500,03/09/2025
HL,1,210,SEVILLA,07:27 a. m.,9000,8500,03/09/2025
HV,1,275,SEVILLA,07:27 a. m.,5000,5250,03/09/2025
HL,1,235,SEVILLA,07:28 a. m.,5000,5500,03/09/2025
HV,1,250,SEVILLA,07:30 a. m.,7500,8500,03/09/2025
HV,1,235,SEVILLA,07:32 a. m.,4500,5250,03/09/2025
HL,3,177,SEVILLA,07:33 a. m.,8000,8750,03/09/2025
HL,1,220,SEVILLA,07:34 a. m.,7000,7250,03/09/2025
HL,1,145,SEVILLA,07:37 a. m.,4000,7000,03/09/2025
HL,1,215,SEVILLA,07:35 a. m.,6000,7250,03/09/2025
HL,1,115,SEVILLA,07:36 a. m.,7000,7500,03/09/2025
HL,1,115,SEVILLA,07:33 a. m.,8500,10000,03/09/2025
HL,3,188,SEVILLA,07:37 a. m.,7500,8000,03/09/2025
ML,1,180,ZARZAL,07:38 a. m.,5500,8500,03/09/2025
TO,1,635,RESTREPO,07:39 a. m.,8000,8000,03/09/2025
TR,1,410,RESTREPO,07:43 a. m.,8250,8700,03/09/2025
TR,1,385,RESTREPO,07:44 a. m.,8500,9100,03/09/2025
TR,1,410,RESTREPO,07:45 a. m.,8500,8500,03/09/2025
TR,1,380,RESTREPO,07:46 a. m.,8500,8550,03/09/2025
HL,1,240,RESTREPO,07:46 a. m.,7750,8250,03/09/2025
HV,1,280,RESTREPO,07:50 a. m.,7750,8300,03/09/2025
HL,1,225,RESTREPO,07:51 a. m.,6000,8000,03/09/2025
HV,1,270,RESTREPO,07:50 a. m.,7500,7500,03/09/2025
HV,1,285,RESTREPO,07:52 a. m.,7500,8100,03/09/2025
TR,1,340,RESTREPO,07:51 a. m.,7500,8600,03/09/2025
HV,1,285,RESTREPO,07:52 a. m.,7000,8000,03/09/2025
HV,1,300,RESTREPO,07:53 a. m.,8000,8400,03/09/2025
HV,1,245,RESTREPO,07:53 a. m.,7750,8000,03/09/2025
HV,1,250,RESTREPO,07:55 a. m.,8250,8600,03/09/2025
HV,1,305,RESTREPO,07:55 a. m.,8000,8400,03/09/2025
HL,1,235,RESTREPO,07:56 a. m.,8250,9000,03/09/2025
ML,1,40,RESTREPO,07:56 a. m.,8000,8000,03/09/2025
ML,1,145,SAN PEDRO,07:59 a. m.,9000,11000,03/09/2025
TO,1,390,SAN PEDRO,07:57 a. m.,5750,5750,03/09/2025
HV,1,310,SAN PEDRO,07:59 a. m.,8000,8400,03/09/2025
MC,1,275,SAN PEDRO,08:01 a. m.,5750,6250,03/09/2025
HL,1,50,SAN PEDRO,08:01 a. m.,10000,14500,03/09/2025
HL,3,215,SAN PEDRO,08:03 a. m.,8000,8750,03/09/2025
ML,2,130,SAN PEDRO,08:03 a. m.,11000,12500,03/09/2025
ML,2,115,SAN PEDRO,08:04 a. m.,9500,10250,03/09/2025
TR,1,350,ROLDANILLO,08:06 a. m.,8500,11000,03/09/2025
TR,1,350,ROLDANILLO,08:12 a. m.,8500,10000,03/09/2025
ML,1,275,ROLDANILLO,08:14 a. m.,8250,9000,03/09/2025
ML,1,70,ROLDANILLO,08:12 a. m.,5000,10000,03/09/2025
ML,1,205,ROLDANILLO,08:14 a. m.,6000,7750,03/09/2025
HL,1,40,ROLDANILLO,08:15 a. m.,8000,14000,03/09/2025
ML,1,35,ROLDANILLO,08:16 a. m.,6000,10000,03/09/2025
VH,1,550,ROLDANILLO,08:22 a. m.,5750,6500,03/09/2025
ML,1,120,LA VICTORIA,08:26 a. m.,9500,11250,03/09/2025
ML,1,115,ROLDANILLO,08:23 a. m.,9000,11000,03/09/2025
HL,1,105,LA VICTORIA,08:24 a. m.,12000,14000,03/09/2025
HL,1,150,MONTERIA,08:30 a. m.,7500,9500,03/09/2025
HL,1,140,MONTERIA,08:29 a. m.,9000,10000,03/09/2025
HL,1,215,MONTERIA,08:30 a. m.,6000,7500,03/09/2025
ML,4,151,MONTERIA,08:35 a. m.,9500,11000,03/09/2025
ML,5,145,MONTERIA,08:36 a. m.,9000,9750,03/09/2025
ML,2,172,MONTERIA,08:35 a. m.,7500,10000,03/09/2025
ML,7,136,MONTERIA,08:37 a. m.,9750,11500,03/09/2025
ML,1,140,MONTERIA,08:40 a. m.,4000,9000,03/09/2025
HL,4,198,CAQUETA,08:41 a. m.,8500,9250,03/09/2025
HL,4,175,CAQUETA,08:46 a. m.,8500,10000,03/09/2025
ML,6,182,CAQUETA,08:46 a. m.,12000,12400,03/09/2025
ML,4,154,CAQUETA,08:46 a. m.,9500,11100,03/09/2025
ML,2,152,CAQUETA,08:47 a. m.,8750,11000,03/09/2025
HV,2,325,CAQUETA,08:48 a. m.,7750,8600,03/09/2025
HV,2,300,CAQUETA,08:58 a. m.,8000,8500,03/09/2025
VH,1,295,CAQUETA,08:58 a. m.,7000,7900,03/09/2025
HV,1,265,CAQUETA,08:59 a. m.,7000,7550,03/09/2025
HV,3,278,CAQUETA,09:00 a. m.,7750,8700,03/09/2025
HV,7,278,CAQUETA,09:02 a. m.,8400,8600,03/09/2025
HL,3,238,CAQUETA,09:03 a. m.,8000,8700,03/09/2025
HV,1,280,CAQUETA,09:05 a. m.,5000,5000,03/09/2025
VH,1,350,CAQUETA,09:06 a. m.,8000,8000,03/09/2025
HV,1,240,CAQUETA,09:07 a. m.,2000,5000,03/09/2025
VH,1,390,CAQUETA,09:07 a. m.,5500,6600,03/09/2025
VH,1,200,CAQUETA,09:08 a. m.,5500,6000,03/09/2025
TO,1,685,ZARZAL,09:11 a. m.,8250,8750,03/09/2025
HV,1,290,ZARZAL,09:12 a. m.,6500,6500,03/09/2025
HL,1,175,ZARZAL,09:13 a. m.,7500,7750,03/09/2025
ML,1,90,RESTREPO,09:18 a. m.,4000,9500,03/09/2025
HV,1,340,RESTREPO,09:20 a. m.,7250,7900,03/09/2025
ML,1,115,CALOTO,09:23 a. m.,6000,8250,03/09/2025
HV,1,270,CALOTO,09:21 a. m.,5000,6500,03/09/2025
VH,1,395,CALOTO,09:23 a. m.,5500,5750,03/09/2025
HL,1,205,CALOTO,09:26 a. m.,5000,8000,03/09/2025
HL,1,210,CALOTO,09:24 a. m.,8000,12000,03/09/2025
ML,1,230,CALOTO,09:25 a. m.,9000,9600,03/09/2025
ML,1,130,CALOTO,09:25 a. m.,4000,8500,03/09/2025
HL,6,118,CAUCASIA,09:29 a. m.,11000,11500,03/09/2025
ML,6,173,CAUCASIA,09:30 a. m.,9500,12000,03/09/2025
ML,5,123,CAUCASIA,09:30 a. m.,10000,11750,03/09/2025
ML,6,142,CAUCASIA,09:31 a. m.,9500,11250,03/09/2025
ML,5,92,CAUCASIA,09:35 a. m.,10000,11750,03/09/2025
ML,6,118,CAUCASIA,09:35 a. m.,8500,11000,03/09/2025
ML,3,172,CAUCASIA,09:40 a. m.,7000,9200,03/09/2025
ML,5,100,CAUCASIA,09:37 a. m.,8500,10000,03/09/2025
HL,5,130,CAUCASIA,09:41 a. m.,8750,9900,03/09/2025
HL,4,90,CAUCASIA,09:42 a. m.,9500,11000,03/09/2025
MC,1,345,LA UNION,09:44 a. m.,7250,8200,03/09/2025
MC,1,390,LA UNION,09:52 a. m.,8000,8350,03/09/2025
ML,1,210,LA UNION,09:52 a. m.,8500,8900,03/09/2025
HV,1,275,LA UNION,09:55 a. m.,6000,6500,03/09/2025
ML,1,175,LA UNION,09:53 a. m.,8000,8500,03/09/2025
HL,1,175,LA UNION,09:57 a. m.,3000,5500,03/09/2025
ML,1,115,LA UNION,09:56 a. m.,4000,4500,03/09/2025
ML,1,85,CALOTO,09:46 a. m.,7000,10000,03/09/2025
HL,3,70,CALOTO,09:49 a. m.,8000,10000,03/09/2025
ML,3,110,LA UNION,09:58 a. m.,7500,8750,03/09/2025
ML,3,158,LA UNION,09:59 a. m.,8500,9000,03/09/2025
ML,5,151,LA UNION,10:17 a. m.,7000,8750,03/09/2025
ML,1,125,LA UNION,10:01 a. m.,4000,8000,03/09/2025
VH,1,505,SAN PEDRO,10:05 a. m.,6750,7500,03/09/2025
VH,1,430,SEVILLA,10:06 a. m.,6000,7300,03/09/2025
ML,1,220,LA UNION,10:03 a. m.,7000,8250,03/09/2025
VH,1,265,SEVILLA,10:07 a. m.,6000,7500,03/09/2025
TO,1,565,SEVILLA,10:08 a. m.,8000,7500,03/09/2025
ML,1,170,SEVILLA,10:09 a. m.,2000,3000,03/09/2025
BF,2,415,SEVILLA,10:10 a. m.,7250,7000,03/09/2025
ML,12,132,LA UNION,10:14 a. m.,9500,11300,03/09/2025
ML,2,92,ROLDANILLO,10:12 a. m.,8500,9500,03/09/2025
ML,1,145,LA UNION,10:19 a. m.,4000,4000,03/09/2025
ML,1,120,LA UNION,10:19 a. m.,6000,10000,03/09/2025
ML,11,125,LA UNION,10:21 a. m.,9500,11250,03/09/2025
TO,1,780,JAMUNDI,10:23 a. m.,8000,8500,03/09/2025
VI,1,395,JAMUNDI,10:24 a. m.,3000,4250,03/09/2025
HV,1,265,JAMUNDI,10:27 a. m.,7500,7500,03/09/2025
TR,1,395,JAMUNDI,10:28 a. m.,8250,8750,03/09/2025
VI,1,255,JAMUNDI,10:30 a. m.,3000,4000,03/09/2025
VH,2,262,CAUCASIA,10:31 a. m.,7000,7250,03/09/2025
HV,1,270,SAN VICENTE,10:37 a. m.,8000,8400,03/09/2025
HL,1,100,ZARZAL,10:36 a. m.,9000,11500,03/09/2025
HL,1,130,ZARZAL,10:36 a. m.,6000,8500,03/09/2025
HL,1,150,ZARZAL,10:33 a. m.,6000,7500,03/09/2025
HL,1,55,SAN VICENTE,10:46 a. m.,10000,10000,03/09/2025
HL,2,188,YOTOCO,10:48 a. m.,8000,8000,03/09/2025
HL,1,200,SAN VICENTE,10:42 a. m.,8500,9250,03/09/2025
HV,1,290,SAN VICENTE,10:42 a. m.,7500,9250,03/09/2025
HL,1,150,SAN VICENTE,10:43 a. m.,8500,11250,03/09/2025
ML,1,45,SAN VICENTE,10:46 a. m.,6000,9000,03/09/2025
HL,4,176,SAN VICENTE,10:47 a. m.,8500,9500,03/09/2025
ML,1,155,YOTOCO,10:51 a. m.,9000,10500,03/09/2025
VH,1,470,YOTOCO,10:52 a. m.,5000,6250,03/09/2025
ML,1,120,YOTOCO,10:53 a. m.,8000,10500,03/09/2025
HL,1,208,YOTOCO,10:56 a. m.,8000,10250,03/09/2025
VH,1,465,YOTOCO,10:57 a. m.,5500,6000,03/09/2025
ML,1,165,YOTOCO,10:55 a. m.,5000,8000,03/09/2025
TR,1,350,YOTOCO,11:08 a. m.,8250,8900,03/09/2025
HL,1,150,YOTOCO,11:08 a. m.,8500,11500,03/09/2025
VH,1,505,TULUA,11:05 a. m.,8500,8500,03/09/2025
VH,1,495,TULUA,11:10 a. m.,8250,9100,03/09/2025
HL,2,165,TULUA,11:11 a. m.,8500,9500,03/09/2025
HV,3,298,ANDALUCIA,11:22 a. m.,8000,8450,03/09/2025
HL,3,205,TULUA,11:14 a. m.,7500,7750,03/09/2025
HL,3,133,YOTOCO,11:06 a. m.,9000,9500,03/09/2025
HL,2,140,YOTOCO,11:07 a. m.,8000,8800,03/09/2025
HL,2,150,TULUA,11:15 a. m.,8000,8500,03/09/2025
HV,1,310,ANDALUCIA,11:31 a. m.,7500,7700,03/09/2025
HV,1,350,ANDALUCIA,11:29 a. m.,7500,7750,03/09/2025
HL,1,65,TULUA,11:18 a. m.,2000,5000,03/09/2025
TR,1,400,ZARZAL,11:21 a. m.,7750,7750,03/09/2025
VH,1,365,ZARZAL,11:20 a. m.,6500,7500,03/09/2025
HV,1,375,ANDALUCIA,11:26 a. m.,7500,8400,03/09/2025
VH,1,405,ANDALUCIA,11:23 a. m.,6000,6750,03/09/2025
VH,1,295,ANDALUCIA,11:26 a. m.,6000,7750,03/09/2025
VH,1,385,ANDALUCIA,11:27 a. m.,6000,6000,03/09/2025
VH,1,360,ANDALUCIA,11:28 a. m.,5500,7250,03/09/2025
HL,3,195,TRUJILLO,11:32 a. m.,6000,7000,03/09/2025
HV,3,252,TRUJILLO,11:35 a. m.,7500,8300,03/09/2025
HV,1,270,TRUJILLO,11:35 a. m.,8000,9500,03/09/2025
HL,4,124,TRUJILLO,11:36 a. m.,8000,9000,03/09/2025
HL,3,135,TRUJILLO,11:38 a. m.,6500,8750,03/09/2025
HL,2,135,TRUJILLO,11:40 a. m.,6000,7500,03/09/2025
VH,1,465,LA UNION,11:43 a. m.,6000,6750,03/09/2025
VH,1,445,LA UNION,11:45 a. m.,7000,7500,03/09/2025
VH,1,390,LA UNION,11:46 a. m.,6000,7000,03/09/2025
HL,2,180,TRUJILLO,11:41 a. m.,5500,7500,03/09/2025
HL,6,102,EL AGUILA,11:51 a. m.,8000,9250,03/09/2025
ML,5,125,EL AGUILA,11:52 a. m.,8500,9750,03/09/2025
BH,1,365,LA PRIMAVERA,11:58 a. m.,5000,5750,03/09/2025
BF,1,490,LA PRIMAVERA,12:00 p. m.,7500,8000,03/09/2025
HL,1,165,LA PRIMAVERA,12:01 p. m.,6500,7250,03/09/2025
ML,5,107,EL AGUILA,11:52 a. m.,8000,8500,03/09/2025
HV,1,245,LA PRIMAVERA,12:01 p. m.,5000,6000,03/09/2025
ML,1,125,LA PRIMAVERA,12:05 p. m.,8500,10750,03/09/2025
VH,1,515,LA PRIMAVERA,12:03 p. m.,6500,9500,03/09/2025
VH,1,460,LA PRIMAVERA,12:03 p. m.,6750,7500,03/09/2025
ML,1,250,TORO,12:05 p. m.,5500,6500,03/09/2025
HL,1,75,TORO,12:09 p. m.,9000,11000,03/09/2025
ML,1,205,TORO,12:08 p. m.,5000,6500,03/09/2025
ML,1,85,TORO,12:10 p. m.,9000,12000,03/09/2025
ML,1,105,TORO,12:09 p. m.,9000,12000,03/09/2025
HL,1,225,SEVILLA,12:13 p. m.,4000,6500,03/09/2025
HL,1,175,SEVILLA,12:14 p. m.,6500,7750,03/09/2025
HV,1,350,SEVILLA,12:16 p. m.,7750,8000,03/09/2025
HV,1,260,SEVILLA,12:17 p. m.,7250,7250,03/09/2025
HV,9,276,SEVILLA,12:11 p. m.,8200,8300,03/09/2025
HL,2,175,LA VICTORIA,12:17 p. m.,9000,13000,03/09/2025
HV,6,217,SEVILLA,12:20 p. m.,8000,8500,03/09/2025
ML,1,100,LA VICTORIA,12:21 p. m.,7000,8000,03/09/2025
ML,1,145,LA VICTORIA,12:23 p. m.,9000,10750,03/09/2025
HL,1,140,LA VICTORIA,12:24 p. m.,9000,10250,03/09/2025
HL,1,170,LA VICTORIA,12:24 p. m.,7500,8250,03/09/2025
TR,4,316,YUMBO,12:25 p. m.,9000,9800,03/09/2025
HL,1,160,EL DOVIO,12:31 p. m.,5500,6000,03/09/2025
VI,1,255,EL DOVIO,12:27 p. m.,3000,4000,03/09/2025
TR,1,220,EL DOVIO,12:30 p. m.,2000,5500,03/09/2025
VI,1,340,EL DOVIO,12:32 p. m.,4000,6750,03/09/2025
VI,1,325,EL DOVIO,12:33 p. m.,3500,5250,03/09/2025
HL,1,200,EL DOVIO,12:33 p. m.,6500,7250,03/09/2025
VH,1,240,EL DOVIO,12:34 p. m.,4000,6000,03/09/2025
ML,1,145,EL DOVIO,12:34 p. m.,9000,11000,03/09/2025
MC,1,315,SEVILLA,12:35 p. m.,7000,7250,03/09/2025
MC,1,315,SEVILLA,12:36 p. m.,7000,7700,03/09/2025
MC,1,345,SEVILLA,12:36 p. m.,5500,6750,03/09/2025
MC,1,280,SEVILLA,12:37 p. m.,6250,7250,03/09/2025
HL,1,170,TRUJILLO,12:40 p. m.,7500,8500,03/09/2025
HV,1,375,TRUJILLO,12:42 p. m.,8250,8300,03/09/2025
ML,1,175,TRUJILLO,12:42 p. m.,6000,9500,03/09/2025
VI,1,370,SEVILLA,12:43 p. m.,3500,4500,03/09/2025
ML,2,200,SEVILLA,12:44 p. m.,8750,8750,03/09/2025
ML,5,201,SEVILLA,12:39 p. m.,7000,7750,03/09/2025
VH,1,405,EL DOVIO,12:45 p. m.,7500,10500,03/09/2025
TR,1,450,EL DOVIO,12:49 p. m.,7500,7500,03/09/2025
VH,1,545,EL DOVIO,12:49 p. m.,6000,6250,03/09/2025
VH,1,395,EL DOVIO,12:50 p. m.,7100,7400,03/09/2025
TR,1,310,EL DOVIO,12:52 p. m.,8000,8500,03/09/2025
ML,1,125,TULUA,12:54 p. m.,6000,6000,03/09/2025
HV,1,315,TULUA,12:56 p. m.,7000,6900,03/09/2025
ML,1,25,TULUA,12:57 p. m.,3000,3000,03/09/2025
HL,1,25,TULUA,12:58 p. m.,3000,9000,03/09/2025
VH,1,300,VIJES,01:00 p. m.,5000,7000,03/09/2025
VH,1,385,VIJES,01:01 p. m.,7000,8500,03/09/2025
HV,1,270,VIJES,01:02 p. m.,7500,8000,03/09/2025
ML,2,155,VIJES,01:02 p. m.,7750,9600,03/09/2025
HL,2,132,VIJES,01:03 p. m.,9000,10000,03/09/2025
HL,1,140,VIJES,01:05 p. m.,10000,11000,03/09/2025
ML,2,178,VIJES,01:04 p. m.,6000,8500,03/09/2025
ML,3,97,VIJES,01:06 p. m.,9000,11000,03/09/2025
TR,1,320,COROZAL,01:09 p. m.,7750,7750,03/09/2025
HL,1,175,COROZAL,01:11 p. m.,7500,8000,03/09/2025
TR,1,305,COROZAL,01:12 p. m.,7500,8500,03/09/2025
HV,1,325,COROZAL,01:13 p. m.,7000,7750,03/09/2025
TR,1,385,COROZAL,01:14 p. m.,7500,8100,03/09/2025
HV,3,250,COROZAL,01:15 p. m.,6750,8000,03/09/2025
HL,5,184,CAQUETA,01:19 p. m.,7500,8000,03/09/2025
HL,1,115,CAQUETA,01:19 p. m.,8000,9500,03/09/2025
HL,1,175,CAQUETA,01:16 p. m.,8000,9500,03/09/2025
HV,2,250,CAQUETA,01:22 p. m.,6000,7500,03/09/2025
HL,2,142,CAQUETA,01:20 p. m.,9000,11250,03/09/2025
HL,3,172,CAQUETA,01:24 p. m.,8000,8250,03/09/2025
HL,2,220,CAQUETA,01:23 p. m.,8000,8000,03/09/2025
HL,4,158,CAQUETA,01:25 p. m.,8500,8500,03/09/2025
HL,2,162,CAQUETA,01:26 p. m.,7500,8300,03/09/2025
HL,1,135,PEREIRA,01:44 p. m.,2000,5000,03/09/2025
ML,1,125,PEREIRA,01:39 p. m.,10000,11500,03/09/2025
ML,1,135,PEREIRA,01:46 p. m.,7000,8000,03/09/2025
ML,1,200,PEREIRA,01:39 p. m.,4000,6000,03/09/2025
TR,1,220,PEREIRA,01:33 p. m.,8500,9000,03/09/2025
HL,1,170,CAQUETA,01:33 p. m.,7000,7750,03/09/2025
ML,1,70,PEREIRA,01:46 p. m.,8000,10000,03/09/2025
HL,1,205,CAQUETA,01:43 p. m.,6500,7500,03/09/2025
HV,1,250,TRUJILLO,01:57 p. m.,6000,6500,03/09/2025
HV,1,280,TRUJILLO,01:57 p. m.,7000,7800,03/09/2025
VH,1,310,TRUJILLO,01:57 p. m.,5500,7500,03/09/2025
VI,1,265,TRUJILLO,01:58 p. m.,2000,4000,03/09/2025
VH,1,425,TRUJILLO,01:59 p. m.,5750,6000,03/09/2025
HL,3,107,TRUJILLO,01:48 p. m.,8000,9750,03/09/2025
HL,1,95,TRUJILLO,01:56 p. m.,10000,14000,03/09/2025
HL,1,115,TRUJILLO,01:52 p. m.,10000,12000,03/09/2025
HL,1,135,TRUJILLO,01:55 p. m.,6000,9000,03/09/2025
HL,1,130,TRUJILLO,01:54 p. m.,8000,9500,03/09/2025
HL,1,75,TRUJILLO,01:53 p. m.,10000,14000,03/09/2025
ML,1,120,PEREIRA,02:09 p. m.,6000,8000,03/09/2025
TR,1,295,PEREIRA,02:08 p. m.,8000,8600,03/09/2025
ML,1,165,PEREIRA,02:06 p. m.,8500,9500,03/09/2025
HL,1,215,PEREIRA,02:06 p. m.,4000,5500,03/09/2025
ML,1,220,PEREIRA,02:01 p. m.,7500,7500,03/09/2025
ML,1,205,PEREIRA,02:11 p. m.,8250,8750,03/09/2025
ML,1,155,PEREIRA,02:08 p. m.,4000,9000,03/09/2025
ML,2,152,TRUJILLO,01:59 p. m.,8500,10200,03/09/2025
ML,2,120,TRUJILLO,02:01 p. m.,10000,11500,03/09/2025
ML,2,48,PEREIRA,02:12 p. m.,7000,8000,03/09/2025
ML,1,175,PEREIRA,02:10 p. m.,6000,10000,03/09/2025
VH,3,400,MARSELLA,02:17 p. m.,7250,8200,03/09/2025
VH,1,325,MARSELLA,02:17 p. m.,5750,7100,03/09/2025
VH,4,331,MARSELLA,02:18 p. m.,7600,8650,03/09/2025
ML,5,47,PEREIRA,02:12 p. m.,10000,11000,03/09/2025
VH,4,361,MARSELLA,02:19 p. m.,8000,8750,03/09/2025
VH,4,364,MARSELLA,02:22 p. m.,7800,8600,03/09/2025
VH,1,350,MARSELLA,02:23 p. m.,7500,8000,03/09/2025
VP,3,433,PALMIRA,02:23 p. m.,6500,7300,03/09/2025
VH,1,605,PALMIRA,02:28 p. m.,7500,8800,03/09/2025
VH,1,270,PALMIRA,02:29 p. m.,6000,7100,03/09/2025
HV,1,300,PALMIRA,02:29 p. m.,5000,5750,03/09/2025
TO,1,685,ZARZAL,08:57 p. m.,9000,9000,03/09/2025
ML,1,190,TOTORO,06:07 a. m.,10400,13200,22/10/2025
HL,2,95,TOTORO,06:15 a. m.,10000,10800,22/10/2025
VH,1,380,EL DOVIO,06:30 a. m.,8000,8400,22/10/2025
ML,1,210,ROLDANILLO,06:35 a. m.,8000,8700,22/10/2025
MC,1,265,ROLDANILLO,06:37 a. m.,8000,8400,22/10/2025
TR,1,295,ROLDANILLO,06:38 a. m.,7400,9200,22/10/2025
HL,2,240,LA UNION,06:50 a. m.,9000,9800,22/10/2025
ML,1,120,TULUA,07:10 a. m.,4000,6000,22/10/2025
HL,1,165,TULUA,07:07 a. m.,5800,7600,22/10/2025
ML,1,150,TULUA,07:09 a. m.,5000,5200,22/10/2025
ML,1,170,MONTERIA,07:18 a. m.,9000,9400,22/10/2025
ML,5,86,MONTERIA,07:23 a. m.,9000,11200,22/10/2025
ML,5,77,MONTERIA,07:25 a. m.,10000,11600,22/10/2025
ML,2,98,MONTERIA,07:26 a. m.,10000,12600,22/10/2025
ML,4,148,MONTERIA,07:28 a. m.,9600,10300,22/10/2025
ML,4,134,MONTERIA,07:29 a. m.,10000,10800,22/10/2025
ML,4,131,MONTERIA,07:31 a. m.,10000,10650,22/10/2025
ML,4,132,MONTERIA,07:36 a. m.,10000,10600,22/10/2025
VH,1,335,SEVILLA,07:36 a. m.,6000,6000,22/10/2025
VP,1,385,SEVILLA,07:37 a. m.,7800,9200,22/10/2025
VP,1,510,SEVILLA,07:39 a. m.,8000,9200,22/10/2025
VP,1,475,SEVILLA,07:41 a. m.,8000,9400,22/10/2025
VH,1,420,LA UNION,07:44 a. m.,8000,9800,22/10/2025
VH,6,314,BUGALAGRANDE,07:52 a. m.,7200,7700,22/10/2025
HV,7,296,ZARZAL,07:55 a. m.,7800,8050,22/10/2025
TR,1,305,ZARZAL,07:57 a. m.,8800,9200,22/10/2025
HV,1,255,ZARZAL,08:01 a. m.,6600,7000,22/10/2025
HV,7,264,ZARZAL,08:05 a. m.,8200,8200,22/10/2025
HL,6,163,ZARZAL,08:06 a. m.,8400,9000,22/10/2025
HV,7,288,ZARZAL,08:07 a. m.,7600,7800,22/10/2025
HV,4,289,ZARZAL,08:09 a. m.,7800,8200,22/10/2025
HV,4,290,ZARZAL,08:11 a. m.,7400,7700,22/10/2025
HV,6,292,ZARZAL,08:13 a. m.,8000,8200,22/10/2025
HV,3,293,ZARZAL,08:14 a. m.,7600,7700,22/10/2025
TR,5,368,LA VICTORIA,08:15 a. m.,9400,9600,22/10/2025
MC,5,354,LA VICTORIA,08:22 a. m.,9400,9600,22/10/2025
MC,1,270,DAGUA,08:32 a. m.,9000,9000,22/10/2025
ML,1,185,DAGUA,08:34 a. m.,9400,10400,22/10/2025
HV,1,200,DAGUA,08:35 a. m.,8400,8400,22/10/2025
ML,1,195,DAGUA,08:35 a. m.,10000,11000,22/10/2025
MC,4,232,DAGUA,08:37 a. m.,9600,10000,22/10/2025
MC,3,222,DAGUA,08:37 a. m.,9400,9800,22/10/2025
ML,4,201,DAGUA,08:39 a. m.,9600,9900,22/10/2025
VH,4,300,CAUCASIA,08:43 a. m.,7000,7650,22/10/2025
ML,3,203,DAGUA,08:42 a. m.,9800,9800,22/10/2025
HL,6,98,CAUCASIA,08:46 a. m.,9000,9800,22/10/2025
HL,1,185,CAUCASIA,08:46 a. m.,9000,9600,22/10/2025
ML,4,92,CAUCASIA,09:00 a. m.,11000,11900,22/10/2025
HL,5,124,CAUCASIA,09:01 a. m.,9000,9600,22/10/2025
HL,5,170,TRUJILLO,09:04 a. m.,9000,10400,22/10/2025
HL,3,123,TRUJILLO,09:05 a. m.,8000,11000,22/10/2025
HL,2,155,TRUJILLO,09:07 a. m.,8000,8600,22/10/2025
HL,2,120,TRUJILLO,09:10 a. m.,10000,11200,22/10/2025
HL,1,170,TRUJILLO,09:11 a. m.,9000,9600,22/10/2025
HV,1,315,TRUJILLO,09:15 a. m.,7800,8200,22/10/2025
HL,2,178,TRUJILLO,09:13 a. m.,8000,8200,22/10/2025
HV,1,295,EL DOVIO,09:18 a. m.,5000,7600,22/10/2025
ML,1,190,EL DOVIO,09:17 a. m.,8600,8600,22/10/2025
VI,1,310,EL DOVIO,09:19 a. m.,5000,6000,22/10/2025
MC,1,230,EL DOVIO,09:20 a. m.,8000,8800,22/10/2025
MC,1,360,EL DOVIO,09:21 a. m.,6400,7200,22/10/2025
VH,1,360,EL DOVIO,09:23 a. m.,5800,5800,22/10/2025
TR,1,375,CALARCA,09:24 a. m.,8400,8600,22/10/2025
ML,1,180,CALARCA,09:25 a. m.,7000,8400,22/10/2025
VH,1,320,CALARCA,09:25 a. m.,7400,7600,22/10/2025
ML,1,35,CALARCA,09:30 a. m.,12000,12000,22/10/2025
TO,1,510,TULUA,09:33 a. m.,6800,7800,22/10/2025
VI,1,375,TULUA,09:35 a. m.,4000,5000,22/10/2025
VH,1,305,TULUA,09:35 a. m.,5400,6000,22/10/2025
VH,3,470,TULUA,09:36 a. m.,5000,5200,22/10/2025
VH,5,336,TULUA,09:37 a. m.,5000,6450,22/10/2025
TR,10,290,EL DOVIO,09:38 a. m.,9800,10000,22/10/2025
TR,3,272,EL DOVIO,09:40 a. m.,8800,9500,22/10/2025
TR,2,282,EL DOVIO,09:41 a. m.,8600,9200,22/10/2025
TR,3,260,EL DOVIO,09:43 a. m.,8600,9800,22/10/2025
MC,1,270,SAN PEDRO,09:44 a. m.,8000,8000,22/10/2025
TR,1,290,SAN PEDRO,09:47 a. m.,8400,8600,22/10/2025
TR,1,330,SAN PEDRO,09:47 a. m.,7400,7600,22/10/2025
MC,1,285,SAN PEDRO,09:48 a. m.,6800,7400,22/10/2025
HL,4,196,SAN PEDRO,09:49 a. m.,8400,8600,22/10/2025
HV,1,225,SAN PEDRO,09:57 a. m.,8000,8400,22/10/2025
HV,1,280,SAN PEDRO,09:58 a. m.,7600,8200,22/10/2025
HV,1,200,SAN PEDRO,09:59 a. m.,7800,8700,22/10/2025
HL,2,202,SAN PEDRO,10:00 a. m.,8400,8400,22/10/2025
ML,1,180,ROLDANILLO,10:02 a. m.,9400,9600,22/10/2025
TR,1,225,ROLDANILLO,10:01 a. m.,9400,9800,22/10/2025
HL,1,125,ROLDANILLO,10:03 a. m.,7000,8000,22/10/2025
HL,3,78,CARTAGO,10:04 a. m.,12000,12000,22/10/2025
HL,1,160,TULUA,10:11 a. m.,8000,9200,22/10/2025
ML,2,72,CARTAGO,10:05 a. m.,8000,8800,22/10/2025
VH,1,260,TULUA,10:07 a. m.,5800,6400,22/10/2025
VH,1,295,TULUA,10:10 a. m.,5000,7000,22/10/2025
VH,7,262,SANTANDER DE QUILICHAO,10:13 a. m.,6800,7800,22/10/2025
MC,1,220,SANTANDER DE QUILICHAO,10:14 a. m.,7000,8100,22/10/2025
VH,1,245,SANTANDER DE QUILICHAO,10:15 a. m.,5000,6000,22/10/2025
ML,1,125,SANTANDER DE QUILICHAO,10:16 a. m.,7000,7000,22/10/2025
HL,4,88,SANTANDER DE QUILICHAO,10:18 a. m.,9400,10000,22/10/2025
ML,1,75,SANTANDER DE QUILICHAO,10:20 a. m.,8200,9800,22/10/2025
ML,5,191,GIGANTE,10:24 a. m.,10000,10800,22/10/2025
ML,8,183,GIGANTE,10:30 a. m.,10000,10400,22/10/2025
MC,6,232,GIGANTE,10:31 a. m.,8000,9000,22/10/2025
ML,1,170,GIGANTE,10:32 a. m.,8600,9300,22/10/2025
HV,1,380,GIGANTE,10:33 a. m.,8800,9600,22/10/2025
ML,1,105,GIGANTE,10:38 a. m.,9800,11600,22/10/2025
TR,1,325,GIGANTE,10:37 a. m.,7800,8400,22/10/2025
VH,1,390,GIGANTE,10:39 a. m.,5400,6400,22/10/2025
MC,1,220,GIGANTE,10:39 a. m.,9000,9400,22/10/2025
ML,2,182,GIGANTE,10:34 a. m.,9600,9600,22/10/2025
ML,2,182,GIGANTE,10:40 a. m.,8000,9100,22/10/2025
HV,4,219,CAQUETA,10:41 a. m.,8400,8900,22/10/2025
HV,9,176,CAQUETA,10:44 a. m.,8600,9000,22/10/2025
HV,6,242,CAQUETA,10:45 a. m.,8400,8800,22/10/2025
HL,5,179,CAQUETA,10:49 a. m.,8600,8750,22/10/2025
VH,1,465,EL DOVIO,10:50 a. m.,7600,7700,22/10/2025
VH,1,450,EL DOVIO,10:52 a. m.,8200,9800,22/10/2025
HV,1,325,EL DOVIO,10:53 a. m.,8000,8000,22/10/2025
VH,1,485,EL DOVIO,10:54 a. m.,8000,8400,22/10/2025
HV,1,365,EL DOVIO,10:55 a. m.,8400,8400,22/10/2025
VH,1,425,EL DOVIO,10:55 a. m.,9000,9500,22/10/2025
VH,1,495,EL DOVIO,10:56 a. m.,8600,8600,22/10/2025
VH,1,440,EL DOVIO,10:57 a. m.,7800,9100,22/10/2025
VH,1,490,EL DOVIO,10:58 a. m.,7000,7000,22/10/2025
VH,1,455,EL DOVIO,10:59 a. m.,5800,6800,22/10/2025
VH,1,425,YOTOCO,11:00 a. m.,7000,7000,22/10/2025
VH,1,440,YOTOCO,11:01 a. m.,8000,9000,22/10/2025
VH,1,315,YOTOCO,11:03 a. m.,4800,6800,22/10/2025
VH,1,320,YOTOCO,11:04 a. m.,7000,7700,22/10/2025
VH,1,315,YOTOCO,11:06 a. m.,5000,7400,22/10/2025
VH,1,345,YOTOCO,11:05 a. m.,6800,7300,22/10/2025
VI,1,305,YOTOCO,11:07 a. m.,5000,6100,22/10/2025
ML,1,100,YOTOCO,11:10 a. m.,11000,13200,22/10/2025
ML,1,120,PEREIRA,11:15 a. m.,12000,14600,22/10/2025
ML,1,115,PEREIRA,11:15 a. m.,14000,14800,22/10/2025
ML,1,200,PEREIRA,11:18 a. m.,9600,9600,22/10/2025
ML,1,145,PEREIRA,11:20 a. m.,10000,11800,22/10/2025
HV,1,290,SEVILLA,11:26 a. m.,7800,7800,22/10/2025
TO,1,595,SEVILLA,11:27 a. m.,8400,8400,22/10/2025
VH,1,440,SEVILLA,11:28 a. m.,5800,6600,22/10/2025
TO,1,615,SEVILLA,11:28 a. m.,8200,8400,22/10/2025
MC,1,335,SEVILLA,11:24 a. m.,5400,7200,22/10/2025
ML,5,185,ANDALUCIA,11:29 a. m.,8000,8700,22/10/2025
ML,6,141,ANDALUCIA,11:33 a. m.,8600,8900,22/10/2025
ML,5,214,ANDALUCIA,11:34 a. m.,8900,8900,22/10/2025
ML,3,152,ANDALUCIA,11:41 a. m.,8000,8800,22/10/2025
VH,1,355,GUACARI,11:52 a. m.,6400,7100,22/10/2025
HL,1,120,GUACARI,11:56 a. m.,10000,11000,22/10/2025
MC,3,253,GUACARI,11:43 a. m.,8000,8500,22/10/2025
TR,1,275,GUACARI,12:01 p. m.,8200,10000,22/10/2025
VI,1,505,GUACARI,12:09 p. m.,4800,5400,22/10/2025
TR,1,245,GUACARI,12:05 p. m.,7800,8400,22/10/2025
HL,1,210,GUACARI,12:00 p. m.,6000,7600,22/10/2025
VH,1,455,GUACARI,12:10 p. m.,5000,6600,22/10/2025
VH,1,510,GUACARI,12:11 p. m.,5800,6400,22/10/2025
VH,1,420,GUACARI,12:11 p. m.,6400,9200,22/10/2025
VH,1,275,GUACARI,12:06 p. m.,6400,7200,22/10/2025
TR,1,275,GUACARI,12:09 p. m.,7400,8200,22/10/2025
VP,1,485,GUACARI,12:12 p. m.,4800,6000,22/10/2025
VH,1,435,LA PRIMAVERA,12:14 p. m.,6800,7400,22/10/2025
VH,1,435,LA PRIMAVERA,12:17 p. m.,6800,7400,22/10/2025
VH,1,515,LA PRIMAVERA,12:18 p. m.,6800,7600,22/10/2025
VH,1,435,LA PRIMAVERA,12:19 p. m.,7000,7200,22/10/2025
HV,1,380,LA PRIMAVERA,12:20 p. m.,7000,8400,22/10/2025
VH,1,430,LA PRIMAVERA,12:21 p. m.,5000,6200,22/10/2025
VH,1,450,LA PRIMAVERA,12:21 p. m.,7000,8300,22/10/2025
VH,1,425,LA PRIMAVERA,12:22 p. m.,4000,4500,22/10/2025
ML,1,140,PEREIRA,12:33 p. m.,7800,7800,22/10/2025
ML,1,100,PEREIRA,12:32 p. m.,7000,7800,22/10/2025
ML,1,50,PEREIRA,12:33 p. m.,1000,1800,22/10/2025
TR,10,230,PALMIRA,12:38 p. m.,10000,10000,22/10/2025
ML,2,72,PEREIRA,12:35 p. m.,8000,9000,22/10/2025
MC,1,365,PALMIRA,12:39 p. m.,6600,7800,22/10/2025
ML,8,205,PALMIRA,12:41 p. m.,9000,9450,22/10/2025
ML,5,175,TRUJILLO,12:51 p. m.,9000,9500,22/10/2025
VH,1,400,EL DOVIO,12:43 p. m.,6800,7000,22/10/2025
HL,2,120,TRUJILLO,12:45 p. m.,8800,10000,22/10/2025
HL,7,184,TRUJILLO,12:48 p. m.,9000,9100,22/10/2025
HL,6,211,TRUJILLO,12:50 p. m.,8400,8400,22/10/2025
MC,7,189,TRUJILLO,01:03 p. m.,9600,9800,22/10/2025
MC,5,244,TRUJILLO,12:58 p. m.,9000,9000,22/10/2025
ML,6,230,TRUJILLO,01:05 p. m.,9600,9600,22/10/2025
MC,1,255,TRUJILLO,01:07 p. m.,5000,7800,22/10/2025
HL,1,190,TULUA,01:09 p. m.,8000,9200,22/10/2025
HV,1,225,TULUA,01:10 p. m.,7600,8400,22/10/2025
TR,1,360,PALMIRA,01:13 p. m.,7800,8000,22/10/2025
HV,1,300,BOLIVAR,01:13 p. m.,7800,9200,22/10/2025
VI,1,260,BOLIVAR,01:14 p. m.,4400,4800,22/10/2025
ML,1,120,BOLIVAR,01:15 p. m.,4000,4400,22/10/2025
TR,1,355,BOLIVAR,01:15 p. m.,10000,12200,22/10/2025
VH,9,322,SAN VICENTE,01:16 p. m.,7000,7500,22/10/2025
HV,7,228,SAN VICENTE,01:21 p. m.,7000,7750,22/10/2025
HV,4,212,SAN VICENTE,01:22 p. m.,6800,6800,22/10/2025
ML,3,227,SAN VICENTE,01:25 p. m.,8600,8800,22/10/2025
MC,1,335,SAN VICENTE,01:30 p. m.,7200,7600,22/10/2025
HV,4,280,SAN VICENTE,01:30 p. m.,7000,7700,22/10/2025
HV,4,289,SAN VICENTE,01:32 p. m.,7000,7500,22/10/2025
TR,2,342,JAMUNDI,01:34 p. m.,7200,7600,22/10/2025
TR,1,378,JAMUNDI,01:37 p. m.,7400,7800,22/10/2025
TR,1,380,JAMUNDI,01:38 p. m.,9000,10800,22/10/2025
TO,1,370,JAMUNDI,01:39 p. m.,8400,8400,22/10/2025
TO,1,415,JAMUNDI,01:40 p. m.,8600,8800,22/10/2025
TR,1,365,JAMUNDI,01:42 p. m.,7400,8000,22/10/2025
ML,2,180,JAMUNDI,01:43 p. m.,8000,9200,22/10/2025
VH,1,495,ZARZAL,01:44 p. m.,7600,7600,22/10/2025
VP,1,480,BUGALAGRANDE,01:45 p. m.,5000,6800,22/10/2025
ML,1,115,TULUA,01:53 p. m.,6000,6200,22/10/2025
ML,1,155,TULUA,01:51 p. m.,7800,7800,22/10/2025
HL,1,125,TULUA,01:50 p. m.,8000,12800,22/10/2025
HL,1,95,TULUA,01:52 p. m.,12000,14200,22/10/2025
HL,1,135,TULUA,01:51 p. m.,9400,10200,22/10/2025
VH,1,420,TULUA,01:54 p. m.,6800,7400,22/10/2025
ML,1,125,TULUA,01:56 p. m.,10000,10400,22/10/2025
VH,1,360,TULUA,01:54 p. m.,6600,7400,22/10/2025
TO,1,550,LA VICTORIA,02:01 p. m.,9000,10200,22/10/2025
MC,2,250,BUGALAGRANDE,01:56 p. m.,5000,7000,22/10/2025
ML,1,205,BUGALAGRANDE,01:59 p. m.,7000,7600,22/10/2025
ML,1,65,BUGALAGRANDE,02:00 p. m.,10000,10000,22/10/2025
HV,5,339,PALMIRA,02:03 p. m.,7400,7400,22/10/2025
ML,5,176,SANTANDER DE QUILICHAO,02:04 p. m.,8800,9000,22/10/2025
HL,1,95,VERSALLES,02:05 p. m.,12000,13200,22/10/2025
HV,1,375,VERSALLES,02:05 p. m.,5400,5400,22/10/2025
HV,1,255,VERSALLES,02:31 p. m.,7000,7200,22/10/2025
HV,4,294,PALMIRA,02:07 p. m.,7800,8000,22/10/2025
HV,4,318,PALMIRA,02:14 p. m.,8000,8200,22/10/2025
HV,4,292,PALMIRA,02:16 p. m.,7400,7900,22/10/2025
HV,4,331,PALMIRA,02:17 p. m.,7800,8150,22/10/2025
ML,5,199,SANTANDER DE QUILICHAO,02:26 p. m.,9000,9450,22/10/2025
HV,1,215,PALMIRA,02:20 p. m.,6000,7600,22/10/2025
VH,1,400,VERSALLES,02:34 p. m.,6400,6400,22/10/2025
HV,1,375,ROLDANILLO,02:39 p. m.,8400,8400,22/10/2025
VH,1,430,VERSALLES,02:39 p. m.,5400,6100,22/10/2025
ML,1,185,VERSALLES,02:38 p. m.,5000,5800,22/10/2025
TR,1,230,VERSALLES,02:34 p. m.,4000,6000,22/10/2025
ML,1,105,VERSALLES,02:36 p. m.,7000,8800,22/10/2025
VH,1,365,EL DOVIO,02:44 p. m.,5400,7300,22/10/2025
VH,1,610,EL DOVIO,02:45 p. m.,6000,6200,22/10/2025
VI,1,510,EL DOVIO,02:47 p. m.,4400,6000,22/10/2025
VH,1,460,EL DOVIO,02:47 p. m.,6400,7200,22/10/2025
VH,1,370,EL DOVIO,02:48 p. m.,6400,7000,22/10/2025
HV,1,400,EL DOVIO,02:46 p. m.,7800,8900,22/10/2025
VI,1,335,EL DOVIO,02:48 p. m.,4800,5000,22/10/2025
VH,7,409,ALCALA,04:10 p. m.,8800,8800,22/10/2025
MC,1,250,ZARZAL,06:15 a. m.,5500,6750,02/07/2025
HV,1,260,ZARZAL,06:33 a. m.,8400,8600,02/07/2025
HL,1,245,ZARZAL,06:33 a. m.,9000,9500,02/07/2025
HL,2,242,ZARZAL,06:34 a. m.,8600,9000,02/07/2025
HL,2,215,ZARZAL,06:37 a. m.,7000,7500,02/07/2025
TR,1,280,ZARZAL,06:49 a. m.,6000,7000,02/07/2025
TR,1,285,ZARZAL,06:50 a. m.,7800,8000,02/07/2025
HV,1,295,ZARZAL,06:51 a. m.,7800,7800,02/07/2025
ML,1,145,ZARZAL,06:38 a. m.,9000,11250,02/07/2025
TR,1,400,ZARZAL,06:51 a. m.,8000,8800,02/07/2025
VI,1,370,ZARZAL,06:52 a. m.,5400,6800,02/07/2025
TR,1,385,ZARZAL,06:53 a. m.,7400,7700,02/07/2025
TR,1,330,ZARZAL,06:54 a. m.,7400,7400,02/07/2025
VP,1,365,LA VICTORIA,06:55 a. m.,7500,8000,02/07/2025
ML,2,198,LA UNION,07:06 a. m.,4000,4750,02/07/2025
HV,1,265,LA UNION,07:09 a. m.,8000,8000,02/07/2025
ML,1,150,LA UNION,07:09 a. m.,4500,5750,02/07/2025
ML,6,178,EL DOVIO,07:23 a. m.,5800,7800,02/07/2025
HL,1,95,CAUCASIA,07:29 a. m.,10000,11750,02/07/2025
ML,1,95,CAUCASIA,07:29 a. m.,10000,11500,02/07/2025
HL,1,90,CAUCASIA,07:31 a. m.,3000,11000,02/07/2025
HL,1,120,CAUCASIA,07:30 a. m.,9750,9750,02/07/2025
HL,1,90,CAUCASIA,07:33 a. m.,10000,12250,02/07/2025
HL,4,120,CAUCASIA,07:34 a. m.,9500,10500,02/07/2025
TO,1,455,TORO,07:48 a. m.,7800,8300,02/07/2025
VH,5,306,PLANETA RICA,07:47 a. m.,7600,8300,02/07/2025
VH,6,301,PLANETA RICA,07:49 a. m.,6800,8000,02/07/2025
VI,1,295,PLANETA RICA,07:50 a. m.,5000,6000,02/07/2025
VI,1,335,PLANETA RICA,07:50 a. m.,5000,5600,02/07/2025
VI,1,405,FILANDIA,07:54 a. m.,4500,7250,02/07/2025
VH,1,535,FILANDIA,07:58 a. m.,4000,6800,02/07/2025
VH,1,475,FILANDIA,07:56 a. m.,5000,7500,02/07/2025
VH,1,500,FILANDIA,08:09 a. m.,5800,6800,02/07/2025
VH,1,355,FILANDIA,08:13 a. m.,4500,6500,02/07/2025
TO,1,525,TORO,08:15 a. m.,7400,9000,02/07/2025
MC,1,340,PLANETA RICA,08:17 a. m.,7000,7000,02/07/2025
VP,1,450,PLANETA RICA,08:18 a. m.,8000,8500,02/07/2025
VH,1,490,FILANDIA,08:00 a. m.,5000,7000,02/07/2025
VP,1,480,PLANETA RICA,08:19 a. m.,6500,7500,02/07/2025
ML,2,150,PLANETA RICA,08:22 a. m.,6500,9000,02/07/2025
VP,1,615,PLANETA RICA,08:23 a. m.,7500,8250,02/07/2025
HL,9,206,JAMUNDI,08:24 a. m.,8550,8550,02/07/2025
HL,1,100,PLANETA RICA,08:27 a. m.,8000,9250,02/07/2025
ML,1,80,PLANETA RICA,08:29 a. m.,10000,12500,02/07/2025
HV,3,280,PALMIRA,08:29 a. m.,8400,8700,02/07/2025
HL,7,174,JAMUNDI,08:31 a. m.,8800,9550,02/07/2025
HL,6,163,JAMUNDI,08:33 a. m.,8000,8600,02/07/2025
HL,6,112,JAMUNDI,08:34 a. m.,9000,9900,02/07/2025
HL,1,125,JAMUNDI,08:38 a. m.,10000,10500,02/07/2025
HL,1,115,JAMUNDI,08:40 a. m.,7000,8750,02/07/2025
HL,1,140,JAMUNDI,08:35 a. m.,9000,10000,02/07/2025
HL,6,122,JAMUNDI,08:41 a. m.,8400,9000,02/07/2025
HL,1,220,JAMUNDI,08:39 a. m.,8400,9400,02/07/2025
HL,1,150,JAMUNDI,08:42 a. m.,8000,9000,02/07/2025
HL,9,189,JAMUNDI,08:43 a. m.,8400,8700,02/07/2025
HV,7,237,JAMUNDI,08:44 a. m.,7800,8150,02/07/2025
HL,2,200,JAMUNDI,08:47 a. m.,6000,7000,02/07/2025
HL,1,220,JAMUNDI,08:51 a. m.,3000,5750,02/07/2025
HV,8,281,JAMUNDI,08:52 a. m.,8000,8400,02/07/2025
HV,4,304,JAMUNDI,08:54 a. m.,7800,8200,02/07/2025
HV,5,347,JAMUNDI,08:57 a. m.,7800,8300,02/07/2025
HV,4,226,JAMUNDI,08:58 a. m.,8000,8400,02/07/2025
HL,1,225,JAMUNDI,09:00 a. m.,8000,9800,02/07/2025
HV,1,265,JAMUNDI,09:02 a. m.,8000,8500,02/07/2025
HV,1,260,JAMUNDI,09:02 a. m.,9000,9000,02/07/2025
VH,1,300,TULUA,09:04 a. m.,7000,7500,02/07/2025
MC,4,292,TULUA,09:07 a. m.,7000,8250,02/07/2025
HL,3,117,PEREIRA,09:08 a. m.,9000,10500,02/07/2025
MC,4,288,TULUA,09:10 a. m.,7400,8850,02/07/2025
HL,1,115,BUGALAGRANDE,09:14 a. m.,9000,10250,02/07/2025
ML,1,160,ZARZAL,09:18 a. m.,5500,8500,02/07/2025
ML,1,135,PLANETA RICA,09:19 a. m.,8000,11000,02/07/2025
VH,1,320,GUACARI,09:23 a. m.,7000,8100,02/07/2025
ML,1,135,GUACARI,09:25 a. m.,9000,10750,02/07/2025
VH,1,390,GUACARI,09:24 a. m.,8000,9000,02/07/2025
VH,1,470,GUACARI,09:26 a. m.,7500,9500,02/07/2025
VH,1,495,GUACARI,09:27 a. m.,7500,9500,02/07/2025
VI,1,435,GUACARI,09:27 a. m.,4000,4400,02/07/2025
ML,1,130,GUACARI,09:28 a. m.,3000,8000,02/07/2025
ML,1,200,GUACARI,09:30 a. m.,9000,9200,02/07/2025
VI,1,350,GUACARI,09:31 a. m.,4000,4400,02/07/2025
HL,1,85,GUACARI,09:32 a. m.,12000,19500,02/07/2025
VP,1,485,GUACARI,09:33 a. m.,6500,6500,02/07/2025
VH,1,575,GUACARI,09:35 a. m.,7000,7250,02/07/2025
HV,4,330,ROLDANILLO,09:38 a. m.,8000,8450,02/07/2025
HV,1,365,ROLDANILLO,09:39 a. m.,8000,8600,02/07/2025
MC,1,295,ROLDANILLO,09:42 a. m.,6600,7100,02/07/2025
MC,1,270,ROLDANILLO,09:42 a. m.,7000,8000,02/07/2025
HV,1,375,ROLDANILLO,09:43 a. m.,7000,8000,02/07/2025
HV,1,325,ROLDANILLO,09:44 a. m.,8000,8200,02/07/2025
HV,1,415,ROLDANILLO,09:45 a. m.,7500,9500,02/07/2025
TR,1,370,ROLDANILLO,09:47 a. m.,7000,8200,02/07/2025
VP,1,335,GUACARI,09:36 a. m.,7000,8000,02/07/2025
TR,2,455,SEVILLA,09:48 a. m.,8000,8200,02/07/2025
TR,2,462,SEVILLA,09:50 a. m.,8400,8500,02/07/2025
TR,2,485,SEVILLA,09:51 a. m.,8200,8700,02/07/2025
TR,2,445,SEVILLA,09:54 a. m.,8000,8550,02/07/2025
ML,1,255,ROLDANILLO,09:57 a. m.,5000,7000,02/07/2025
HL,1,210,ROLDANILLO,09:54 a. m.,8400,10600,02/07/2025
HV,1,250,ROLDANILLO,09:57 a. m.,9000,11750,02/07/2025
VH,1,425,EL DOVIO,09:59 a. m.,5000,5800,02/07/2025
VH,1,410,EL DOVIO,10:00 a. m.,4000,6250,02/07/2025
VH,1,470,EL DOVIO,10:01 a. m.,7500,10000,02/07/2025
VI,1,495,EL DOVIO,10:03 a. m.,4800,6000,02/07/2025
ML,1,70,LA UNION,10:08 a. m.,8000,11500,02/07/2025
ML,1,115,LA UNION,10:04 a. m.,9000,10750,02/07/2025
ML,1,60,LA UNION,10:09 a. m.,9000,12500,02/07/2025
ML,1,85,LA UNION,10:10 a. m.,9000,11750,02/07/2025
ML,1,60,LA UNION,10:09 a. m.,6000,7000,02/07/2025
MC,1,275,ROLDANILLO,10:11 a. m.,7400,7800,02/07/2025
MC,1,275,ROLDANILLO,10:12 a. m.,7400,7800,02/07/2025
TR,1,340,ROLDANILLO,10:13 a. m.,7400,8400,02/07/2025
TO,1,765,VERSALLES,10:15 a. m.,7000,7700,02/07/2025
HV,1,280,SAN PEDRO,10:27 a. m.,7800,8200,02/07/2025
HL,1,80,SAN PEDRO,10:24 a. m.,4000,9500,02/07/2025
HL,1,85,SAN PEDRO,10:26 a. m.,9000,11500,02/07/2025
HL,1,70,SAN PEDRO,10:28 a. m.,11000,11000,02/07/2025
HL,4,140,SEVILLA,10:29 a. m.,10000,11200,02/07/2025
HL,1,225,SAN PEDRO,10:16 a. m.,8500,10000,02/07/2025
HL,1,200,SAN PEDRO,10:20 a. m.,6000,7500,02/07/2025
HL,1,125,SAN PEDRO,10:19 a. m.,8000,8500,02/07/2025
ML,1,170,SAN PEDRO,10:21 a. m.,4500,6250,02/07/2025
ML,7,126,SEVILLA,10:22 a. m.,11000,12200,02/07/2025
HL,2,140,SEVILLA,10:30 a. m.,9500,9500,02/07/2025
ML,2,125,SEVILLA,10:31 a. m.,9000,11000,02/07/2025
ML,3,100,VIJES,10:39 a. m.,8000,10000,02/07/2025
HL,2,142,SEVILLA,10:33 a. m.,9000,9000,02/07/2025
ML,3,95,SEVILLA,10:35 a. m.,9000,11000,02/07/2025
ML,1,115,SAN VICENTE,10:38 a. m.,7500,9000,02/07/2025
VI,1,340,VIJES,10:42 a. m.,6000,7300,02/07/2025
VI,1,310,VIJES,10:43 a. m.,5000,6600,02/07/2025
VI,1,465,BOLIVAR,10:44 a. m.,6000,7600,02/07/2025
HV,1,305,BOLIVAR,10:46 a. m.,7000,8100,02/07/2025
TR,3,357,BOLIVAR,10:47 a. m.,8000,8400,02/07/2025
ML,1,45,VIJES,11:09 a. m.,4000,8000,02/07/2025
HL,1,25,VIJES,11:10 a. m.,2000,8000,02/07/2025
HL,1,30,VIJES,10:58 a. m.,6000,8000,02/07/2025
ML,1,40,VIJES,10:57 a. m.,6000,10000,02/07/2025
ML,1,35,VIJES,10:55 a. m.,4000,4000,02/07/2025
ML,1,40,VIJES,11:04 a. m.,14000,14000,02/07/2025
HL,1,25,VIJES,10:59 a. m.,6000,10000,02/07/2025
HL,1,30,VIJES,11:07 a. m.,4000,6000,02/07/2025
ML,1,50,VIJES,11:06 a. m.,2000,10000,02/07/2025
ML,1,30,VIJES,11:09 a. m.,4000,4000,02/07/2025
ML,1,45,VIJES,11:05 a. m.,4000,10000,02/07/2025
HL,1,35,VIJES,11:02 a. m.,4000,10000,02/07/2025
ML,1,40,VIJES,11:02 a. m.,4000,8000,02/07/2025
ML,1,40,VIJES,11:11 a. m.,4000,7000,02/07/2025
ML,1,30,VIJES,11:03 a. m.,6000,14000,02/07/2025
HL,1,230,BOLIVAR,10:48 a. m.,7000,7800,02/07/2025
MC,2,235,BOLIVAR,10:53 a. m.,7800,9200,02/07/2025
ML,2,182,BOLIVAR,10:55 a. m.,8800,8800,02/07/2025
HV,1,290,BUGALAGRANDE,11:01 a. m.,8000,8300,02/07/2025
HV,1,345,BUGALAGRANDE,11:24 a. m.,8400,8200,02/07/2025
HV,2,258,BUGALAGRANDE,11:12 a. m.,8400,8900,02/07/2025
HL,2,230,BUGALAGRANDE,11:15 a. m.,8500,11750,02/07/2025
HV,2,220,BUGALAGRANDE,11:16 a. m.,8600,9100,02/07/2025
HL,1,205,BUGALAGRANDE,11:22 a. m.,7600,8200,02/07/2025
HV,1,250,BUGALAGRANDE,11:26 a. m.,8400,8400,02/07/2025
HL,1,115,BUGALAGRANDE,11:22 a. m.,10000,12000,02/07/2025
HL,1,145,BUGALAGRANDE,11:26 a. m.,10000,11000,02/07/2025
ML,1,155,BUGALAGRANDE,11:27 a. m.,9000,10000,02/07/2025
ML,1,110,BUGALAGRANDE,11:27 a. m.,11000,11500,02/07/2025
ML,5,176,BUGALAGRANDE,11:17 a. m.,10600,11000,02/07/2025
HL,3,168,BUGALAGRANDE,11:29 a. m.,9000,9000,02/07/2025
VI,3,407,BUGALAGRANDE,11:30 a. m.,6200,6600,02/07/2025
VH,2,522,BUGALAGRANDE,11:39 a. m.,6000,6400,02/07/2025
VI,3,327,BUGALAGRANDE,11:36 a. m.,4000,5600,02/07/2025
VH,4,338,BUGALAGRANDE,11:33 a. m.,6000,6400,02/07/2025
VH,2,435,BUGALAGRANDE,11:40 a. m.,6600,6900,02/07/2025
VH,1,420,BUGALAGRANDE,11:41 a. m.,6000,7000,02/07/2025
VH,1,385,SAN PEDRO,11:42 a. m.,5800,6400,02/07/2025
TR,1,330,SAN PEDRO,11:43 a. m.,6600,6800,02/07/2025
MC,1,255,SAN PEDRO,11:46 a. m.,6000,7600,02/07/2025
VI,1,465,SAN PEDRO,11:44 a. m.,4000,5400,02/07/2025
HL,1,95,SAN PEDRO,11:47 a. m.,9000,14000,02/07/2025
HL,1,215,SAN PEDRO,11:46 a. m.,7400,7900,02/07/2025
HV,3,338,LA VICTORIA,11:51 a. m.,8000,8500,02/07/2025
HV,3,305,LA VICTORIA,11:52 a. m.,7800,8300,02/07/2025
HV,6,320,LA VICTORIA,11:56 a. m.,8000,8350,02/07/2025
HL,1,190,BOLIVAR,12:03 p. m.,7000,7200,02/07/2025
VH,1,355,BOLIVAR,12:03 p. m.,7000,7800,02/07/2025
VH,1,465,BOLIVAR,12:04 p. m.,6500,7750,02/07/2025
HV,2,270,LA VICTORIA,11:58 a. m.,7600,8000,02/07/2025
HL,6,85,CARTAGO,12:10 p. m.,10000,12000,02/07/2025
ML,5,73,CARTAGO,12:14 p. m.,8000,13000,02/07/2025
ML,3,117,CARTAGO,12:13 p. m.,8000,10500,02/07/2025
MC,1,235,LA UNION,12:18 p. m.,7000,7600,02/07/2025
HV,1,310,LA UNION,12:21 p. m.,7400,7600,02/07/2025
HV,1,275,LA UNION,12:40 p. m.,6800,7000,02/07/2025
HL,1,150,LA UNION,12:23 p. m.,4000,5000,02/07/2025
ML,1,105,CARTAGO,12:17 p. m.,11000,16000,02/07/2025
VH,1,430,TRUJILLO,12:29 p. m.,8000,9000,02/07/2025
MC,1,280,TRUJILLO,12:30 p. m.,7000,7700,02/07/2025
HV,1,270,TRUJILLO,12:31 p. m.,6500,6500,02/07/2025
HV,1,280,TRUJILLO,12:32 p. m.,7000,7400,02/07/2025
ML,2,178,TRUJILLO,12:25 p. m.,5500,7500,02/07/2025
VP,3,340,TRUJILLO,12:33 p. m.,8000,8000,02/07/2025
VH,2,360,TRUJILLO,12:40 p. m.,6800,7600,02/07/2025
VI,1,305,TRUJILLO,12:41 p. m.,4500,5250,02/07/2025
HV,3,493,ZARZAL,12:42 p. m.,8400,8900,02/07/2025
VH,1,425,ZARZAL,12:47 p. m.,7000,8200,02/07/2025
VH,2,510,ZARZAL,12:49 p. m.,7000,7750,02/07/2025
VI,2,485,TULUA,12:52 p. m.,4000,5200,02/07/2025
VI,4,336,TULUA,12:54 p. m.,4000,4200,02/07/2025
VI,4,391,TULUA,12:55 p. m.,4000,4800,02/07/2025
TO,1,650,BUGALAGRANDE,01:01 p. m.,6400,6400,02/07/2025
VI,4,415,TULUA,12:57 p. m.,4400,4400,02/07/2025
HL,1,120,BUGALAGRANDE,01:02 p. m.,4000,6000,02/07/2025
VI,1,325,BUGALAGRANDE,01:05 p. m.,5000,6500,02/07/2025
HV,1,275,BUGALAGRANDE,01:06 p. m.,6000,6500,02/07/2025
HL,1,130,BUGALAGRANDE,01:09 p. m.,8000,9500,02/07/2025
VH,2,275,BUGALAGRANDE,01:09 p. m.,6500,7400,02/07/2025
VI,1,330,SEVILLA,01:11 p. m.,3000,7000,02/07/2025
VH,1,515,SEVILLA,01:13 p. m.,7400,7500,02/07/2025
ML,1,170,PEREIRA,01:17 p. m.,3000,4000,02/07/2025
HL,1,35,PEREIRA,01:20 p. m.,4000,10500,02/07/2025
ML,1,20,PEREIRA,01:21 p. m.,4000,4000,02/07/2025
ML,1,35,PEREIRA,01:18 p. m.,6000,12000,02/07/2025
ML,1,35,PEREIRA,01:20 p. m.,8000,12000,02/07/2025
HL,1,25,PEREIRA,01:17 p. m.,6000,6000,02/07/2025
HV,1,280,SEVILLA,01:22 p. m.,7000,7600,02/07/2025
ML,1,210,SEVILLA,01:23 p. m.,7000,8000,02/07/2025
HL,1,175,SEVILLA,01:25 p. m.,7000,9600,02/07/2025
HL,1,185,SEVILLA,01:26 p. m.,4000,4000,02/07/2025
ML,3,128,SEVILLA,01:27 p. m.,8000,9500,02/07/2025
HL,1,25,CARTAGO,01:34 p. m.,4000,12000,02/07/2025
HV,1,265,LA UNION,01:34 p. m.,8000,8600,02/07/2025
HV,1,265,LA UNION,01:33 p. m.,6000,7000,02/07/2025
HV,3,278,LA CUMBRE,01:39 p. m.,7400,8100,02/07/2025
HL,2,230,LA UNION,01:44 p. m.,7000,7700,02/07/2025
HL,1,245,LA CUMBRE,01:45 p. m.,6000,6000,02/07/2025
VI,1,375,LA CUMBRE,01:47 p. m.,4600,6600,02/07/2025
VH,1,375,LA CUMBRE,01:48 p. m.,7400,8000,02/07/2025
HL,1,155,LA CUMBRE,01:49 p. m.,9000,9500,02/07/2025
HL,1,225,LA CUMBRE,01:50 p. m.,7000,9000,02/07/2025
HL,1,145,LA CUMBRE,01:48 p. m.,8000,9500,02/07/2025
MC,1,325,SEVILLA,01:51 p. m.,7400,8200,02/07/2025
ML,1,165,SEVILLA,01:53 p. m.,8500,9500,02/07/2025
HV,4,392,SEVILLA,01:54 p. m.,8400,8600,02/07/2025
HV,2,255,SEVILLA,01:55 p. m.,7000,7600,02/07/2025
MC,2,265,SEVILLA,01:58 p. m.,8000,8700,02/07/2025
VH,1,275,SEVILLA,01:58 p. m.,6600,7200,02/07/2025
HL,4,231,POPAYAN,01:59 p. m.,8400,8650,02/07/2025
HV,5,260,POPAYAN,02:01 p. m.,8000,8400,02/07/2025
HL,5,174,POPAYAN,02:04 p. m.,9200,9200,02/07/2025
HV,1,335,POPAYAN,02:07 p. m.,7000,8000,02/07/2025
HV,1,265,POPAYAN,02:07 p. m.,7800,7800,02/07/2025
ML,1,120,POPAYAN,02:09 p. m.,10000,12000,02/07/2025
ML,1,160,POPAYAN,02:10 p. m.,10000,16500,02/07/2025
ML,2,225,POPAYAN,02:10 p. m.,9000,10000,02/07/2025
HV,2,250,POPAYAN,02:11 p. m.,8400,8400,02/07/2025
HL,1,130,TORO,02:22 p. m.,9000,11500,02/07/2025
HL,1,45,TORO,02:14 p. m.,8000,12000,02/07/2025
HL,1,100,TORO,02:12 p. m.,9000,11000,02/07/2025
HL,1,95,TORO,02:17 p. m.,9000,10000,02/07/2025
HL,1,100,TORO,02:15 p. m.,6000,8000,02/07/2025
ML,1,30,TORO,02:26 p. m.,4000,6000,02/07/2025
ML,1,35,TORO,02:23 p. m.,4000,4000,02/07/2025
ML,1,45,TORO,02:21 p. m.,4000,10000,02/07/2025
ML,1,30,TORO,02:18 p. m.,4000,4000,02/07/2025
ML,1,35,TORO,02:27 p. m.,2000,6000,02/07/2025
HL,1,80,TORO,02:17 p. m.,7000,10000,02/07/2025
ML,1,30,TORO,02:26 p. m.,7000,7000,02/07/2025
VI,1,300,SEVILLA,02:28 p. m.,4500,6500,02/07/2025
HV,3,377,PLANETA RICA,02:30 p. m.,8400,8700,02/07/2025
HV,3,357,PLANETA RICA,02:34 p. m.,8200,8600,02/07/2025
HV,3,370,PLANETA RICA,02:36 p. m.,8400,8700,02/07/2025
HV,3,345,PLANETA RICA,02:37 p. m.,8200,8400,02/07/2025
HV,1,325,PLANETA RICA,02:38 p. m.,8000,8000,02/07/2025
HV,1,335,PLANETA RICA,02:40 p. m.,8000,8300,02/07/2025
ML,1,235,ROLDANILLO,06:11 a. m.,8000,8500,20/08/2025
ML,1,160,ROLDANILLO,06:12 a. m.,8500,10000,20/08/2025
ML,1,200,ROLDANILLO,06:13 a. m.,9000,9250,20/08/2025
HL,4,222,ZARZAL,06:16 a. m.,8000,8750,20/08/2025
HL,1,170,ZARZAL,06:19 a. m.,7500,9000,20/08/2025
HL,2,180,ZARZAL,06:21 a. m.,8000,8750,20/08/2025
HL,1,170,CAQUETA,06:23 a. m.,7000,7750,20/08/2025
HL,1,185,OBANDO,06:27 a. m.,8000,9000,20/08/2025
HL,1,170,LA UNION,06:29 a. m.,5000,7500,20/08/2025
HL,1,85,LA UNION,06:34 a. m.,9000,13000,20/08/2025
ML,1,210,EL DOVIO,06:40 a. m.,5000,7750,20/08/2025
HL,1,235,EL DOVIO,06:42 a. m.,7500,8000,20/08/2025
ML,1,140,EL DOVIO,06:43 a. m.,8000,10500,20/08/2025
HV,1,260,ROLDANILLO,07:08 a. m.,6750,6750,20/08/2025
HV,1,285,ROLDANILLO,07:10 a. m.,7250,7750,20/08/2025
HV,1,250,ROLDANILLO,07:10 a. m.,7500,8900,20/08/2025
TR,1,410,ANDALUCIA,07:13 a. m.,6000,6750,20/08/2025
TR,1,415,ANDALUCIA,07:15 a. m.,7500,7750,20/08/2025
MC,1,475,ANDALUCIA,07:16 a. m.,7500,7750,20/08/2025
TR,1,375,ANDALUCIA,07:17 a. m.,7500,8250,20/08/2025
VI,1,435,ANDALUCIA,07:18 a. m.,4000,6000,20/08/2025
MC,1,320,ANDALUCIA,07:20 a. m.,4500,8000,20/08/2025
ML,1,150,ANDALUCIA,07:22 a. m.,8000,10000,20/08/2025
HL,4,198,JAMUNDI,07:23 a. m.,7000,7600,20/08/2025
HV,1,325,GUACARI,07:25 a. m.,7750,8000,20/08/2025
HV,1,325,GUACARI,07:28 a. m.,7750,8250,20/08/2025
ML,1,125,GUACARI,07:26 a. m.,12000,13000,20/08/2025
MC,1,445,ROLDANILLO,07:32 a. m.,7500,8400,20/08/2025
HV,1,360,GUACARI,07:31 a. m.,7500,8000,20/08/2025
MC,1,450,ROLDANILLO,07:35 a. m.,8500,8500,20/08/2025
MC,1,405,ROLDANILLO,07:36 a. m.,7750,8400,20/08/2025
VH,1,270,ANDALUCIA,07:41 a. m.,7250,7750,20/08/2025
ML,1,100,MONTERIA,07:44 a. m.,12000,17000,20/08/2025
ML,1,100,MONTERIA,07:50 a. m.,13000,14750,20/08/2025
ML,1,105,MONTERIA,07:44 a. m.,10000,13500,20/08/2025
HL,1,70,MONTERIA,07:47 a. m.,9000,10750,20/08/2025
HL,1,160,MONTERIA,07:46 a. m.,7000,8750,20/08/2025
ML,8,168,MONTERIA,07:51 a. m.,8500,9750,20/08/2025
ML,7,152,MONTERIA,07:52 a. m.,9000,10700,20/08/2025
ML,1,185,MONTERIA,08:00 a. m.,7000,10000,20/08/2025
HV,5,269,JAMUNDI,08:02 a. m.,7200,8000,20/08/2025
ML,2,138,MONTERIA,08:01 a. m.,9500,13500,20/08/2025
HV,6,292,JAMUNDI,08:04 a. m.,7400,8200,20/08/2025
HV,8,236,JAMUNDI,08:05 a. m.,7400,8000,20/08/2025
HL,5,200,JAMUNDI,08:06 a. m.,8000,8100,20/08/2025
HL,7,175,JAMUNDI,08:07 a. m.,8400,8700,20/08/2025
HL,7,197,JAMUNDI,08:09 a. m.,7800,8700,20/08/2025
HV,6,267,JAMUNDI,08:11 a. m.,8000,8000,20/08/2025
HV,2,300,JAMUNDI,08:12 a. m.,6500,7000,20/08/2025
HV,4,250,JAMUNDI,08:15 a. m.,7000,8000,20/08/2025
HV,1,250,JAMUNDI,08:18 a. m.,6500,6500,20/08/2025
HL,4,179,JAMUNDI,08:18 a. m.,7500,7700,20/08/2025
HL,7,134,JAMUNDI,08:19 a. m.,9000,9250,20/08/2025
HL,5,118,JAMUNDI,08:22 a. m.,8500,10250,20/08/2025
HV,4,260,JAMUNDI,08:24 a. m.,7400,7400,20/08/2025
HV,1,335,ANDALUCIA,08:25 a. m.,5750,7500,20/08/2025
HL,5,190,ANDALUCIA,08:26 a. m.,8000,8200,20/08/2025
TO,1,500,TULUA,08:28 a. m.,8500,8750,20/08/2025
HL,1,185,TULUA,08:29 a. m.,7000,7750,20/08/2025
HL,1,125,TULUA,08:29 a. m.,8500,11000,20/08/2025
HL,1,110,TULUA,08:33 a. m.,12000,13000,20/08/2025
HL,1,195,TULUA,08:32 a. m.,7000,8000,20/08/2025
HL,1,130,TULUA,08:30 a. m.,9000,10500,20/08/2025
HL,1,185,TULUA,08:32 a. m.,8500,11500,20/08/2025
HL,1,175,TULUA,08:34 a. m.,6500,8000,20/08/2025
HL,1,110,TULUA,08:36 a. m.,11000,19500,20/08/2025
VH,2,282,LA UNION,08:36 a. m.,7250,7250,20/08/2025
VH,1,325,LA UNION,08:38 a. m.,7250,7500,20/08/2025
ML,1,180,LA UNION,08:39 a. m.,8500,9500,20/08/2025
ML,1,55,LA UNION,08:39 a. m.,10000,13000,20/08/2025
ML,3,137,YOTOCO,08:41 a. m.,8500,9400,20/08/2025
HL,2,170,LA UNION,08:40 a. m.,8000,10000,20/08/2025
VH,1,435,YOTOCO,08:43 a. m.,5000,7000,20/08/2025
ML,1,145,YOTOCO,08:45 a. m.,4500,5000,20/08/2025
TR,1,215,YOTOCO,08:46 a. m.,8750,9500,20/08/2025
HL,1,55,YOTOCO,09:29 a. m.,8000,12000,20/08/2025
HL,1,55,YOTOCO,08:44 a. m.,10000,13000,20/08/2025
ML,1,55,YOTOCO,08:48 a. m.,8000,10000,20/08/2025
HL,1,55,YOTOCO,08:48 a. m.,8000,18000,20/08/2025
VH,6,306,TRUJILLO,08:48 a. m.,7400,8000,20/08/2025
VP,1,415,TRUJILLO,08:54 a. m.,6500,7500,20/08/2025
HV,2,222,TRUJILLO,08:55 a. m.,7750,8100,20/08/2025
HL,1,165,TRUJILLO,08:58 a. m.,7500,8500,20/08/2025
VH,1,320,TRUJILLO,08:57 a. m.,7000,7300,20/08/2025
VI,1,400,BOLIVAR,08:59 a. m.,4000,5750,20/08/2025
VH,1,350,BOLIVAR,09:03 a. m.,5500,6000,20/08/2025
HL,1,80,CARTAGO,09:11 a. m.,8000,11000,20/08/2025
HL,1,145,CARTAGO,09:03 a. m.,5000,8750,20/08/2025
HL,1,80,CARTAGO,09:07 a. m.,9500,11500,20/08/2025
HL,1,90,CARTAGO,09:07 a. m.,8500,13000,20/08/2025
HL,1,70,CARTAGO,09:05 a. m.,9000,11500,20/08/2025
HL,1,95,CARTAGO,09:09 a. m.,9000,10500,20/08/2025
HL,1,200,CARTAGO,09:04 a. m.,6500,8000,20/08/2025
HL,1,65,CARTAGO,09:10 a. m.,8000,12000,20/08/2025
HV,3,305,ZARZAL,09:11 a. m.,7500,8300,20/08/2025
HV,3,315,ZARZAL,09:12 a. m.,7750,8400,20/08/2025
VH,2,328,ZARZAL,09:14 a. m.,5500,7000,20/08/2025
VH,5,365,ZARZAL,09:15 a. m.,6800,7700,20/08/2025
HV,1,345,ZARZAL,09:16 a. m.,7500,7750,20/08/2025
TR,1,345,TULUA,09:17 a. m.,8500,9000,20/08/2025
TR,2,378,TULUA,09:20 a. m.,8500,8750,20/08/2025
TR,3,373,TULUA,09:21 a. m.,8000,8200,20/08/2025
TR,1,265,GINEBRA,09:35 a. m.,7250,8000,20/08/2025
HV,1,260,GINEBRA,09:24 a. m.,8000,8250,20/08/2025
ML,1,265,TULUA,09:22 a. m.,7000,8400,20/08/2025
HL,4,202,TULUA,09:23 a. m.,8500,9750,20/08/2025
ML,1,135,GINEBRA,09:36 a. m.,6000,10000,20/08/2025
HL,1,50,GINEBRA,09:34 a. m.,9000,10000,20/08/2025
HL,1,170,GINEBRA,09:32 a. m.,7000,7250,20/08/2025
ML,9,170,GINEBRA,09:39 a. m.,8000,8750,20/08/2025
HV,1,345,LA UNION,09:37 a. m.,8000,10000,20/08/2025
ML,3,143,GINEBRA,09:41 a. m.,6000,9000,20/08/2025
TR,1,330,EL DOVIO,10:01 a. m.,8500,9750,20/08/2025
ML,2,155,GINEBRA,09:42 a. m.,6000,7000,20/08/2025
ML,6,128,GINEBRA,09:44 a. m.,9000,9750,20/08/2025
ML,2,155,EL GUAMO,09:46 a. m.,7500,9000,20/08/2025
ML,1,130,EL GUAMO,09:51 a. m.,7000,7000,20/08/2025
VH,6,332,EL GUAMO,09:51 a. m.,7000,7700,20/08/2025
ML,2,228,EL GUAMO,09:53 a. m.,6500,7500,20/08/2025
HV,6,296,RIOFRIO,09:56 a. m.,8000,8500,20/08/2025
HV,3,252,RIOFRIO,09:57 a. m.,7000,8000,20/08/2025
TR,4,364,RIOFRIO,09:59 a. m.,7000,7500,20/08/2025
VH,1,250,EL DOVIO,10:03 a. m.,6250,6500,20/08/2025
ML,1,90,EL DOVIO,10:07 a. m.,4000,6000,20/08/2025
ML,1,105,EL DOVIO,10:03 a. m.,5500,6000,20/08/2025
ML,5,154,EL DOVIO,10:08 a. m.,9000,10200,20/08/2025
ML,1,195,EL DOVIO,10:09 a. m.,8500,9000,20/08/2025
VP,1,445,EL DOVIO,10:09 a. m.,6500,6500,20/08/2025
VH,1,295,ROLDANILLO,10:13 a. m.,7000,7000,20/08/2025
HV,1,330,ROLDANILLO,10:11 a. m.,7000,8000,20/08/2025
VH,1,395,ROLDANILLO,10:14 a. m.,4500,5250,20/08/2025
VP,1,440,ROLDANILLO,10:15 a. m.,5500,6000,20/08/2025
ML,1,180,BUGALAGRANDE,10:16 a. m.,5000,6500,20/08/2025
ML,1,145,BUGALAGRANDE,10:19 a. m.,4000,6000,20/08/2025
ML,4,119,BUGALAGRANDE,10:20 a. m.,5000,7500,20/08/2025
ML,2,115,BUGALAGRANDE,10:21 a. m.,6000,8000,20/08/2025
HL,4,122,BUGALAGRANDE,10:26 a. m.,9000,9750,20/08/2025
ML,7,95,BUGALAGRANDE,10:23 a. m.,10000,13000,20/08/2025
VI,1,210,OBANDO,10:28 a. m.,2000,4500,20/08/2025
ML,1,95,OBANDO,10:33 a. m.,6000,9000,20/08/2025
ML,6,142,BUGALAGRANDE,10:53 a. m.,9000,9700,20/08/2025
VH,1,275,OBANDO,10:33 a. m.,6750,6750,20/08/2025
HV,1,325,SALENTO,10:54 a. m.,7500,8000,20/08/2025
HV,1,370,SALENTO,10:55 a. m.,7500,7750,20/08/2025
HV,1,375,SALENTO,10:57 a. m.,8000,10000,20/08/2025
HV,1,340,SALENTO,10:58 a. m.,5500,6250,20/08/2025
VH,1,325,SALENTO,10:56 a. m.,7000,7500,20/08/2025
VH,1,325,OBANDO,10:35 a. m.,7500,8400,20/08/2025
HV,1,400,OBANDO,10:38 a. m.,8250,8250,20/08/2025
ML,1,130,OBANDO,10:38 a. m.,7000,10000,20/08/2025
VH,1,410,VERSALLES,10:46 a. m.,6000,8200,20/08/2025
HV,1,460,OBANDO,10:46 a. m.,8000,8600,20/08/2025
HV,1,375,OBANDO,10:39 a. m.,8250,8250,20/08/2025
HL,2,192,SALENTO,10:59 a. m.,8000,8000,20/08/2025
HL,1,105,SALENTO,10:58 a. m.,7500,10500,20/08/2025
VH,1,505,VERSALLES,10:49 a. m.,7500,8300,20/08/2025
HL,2,220,RIOFRIO,11:00 a. m.,4000,6000,20/08/2025
HV,1,415,RIOFRIO,11:06 a. m.,7000,7500,20/08/2025
ML,1,240,RIOFRIO,11:07 a. m.,8500,9000,20/08/2025
ML,1,235,RIOFRIO,11:08 a. m.,6500,7500,20/08/2025
HV,1,335,BUGALAGRANDE,11:08 a. m.,4500,6000,20/08/2025
VI,1,470,BUGALAGRANDE,11:10 a. m.,4500,7000,20/08/2025
VI,1,435,BUGALAGRANDE,11:11 a. m.,4000,4250,20/08/2025
VI,1,465,BUGALAGRANDE,11:11 a. m.,4500,5750,20/08/2025
VI,1,395,BUGALAGRANDE,11:10 a. m.,4000,5250,20/08/2025
VH,1,455,BUGALAGRANDE,11:14 a. m.,5000,6000,20/08/2025
VH,1,525,BUGALAGRANDE,11:14 a. m.,5000,6750,20/08/2025
ML,2,178,SALENTO,11:03 a. m.,8500,8500,20/08/2025
ML,2,170,SALENTO,11:02 a. m.,7500,9500,20/08/2025
ML,2,130,BUGALAGRANDE,11:15 a. m.,10500,12500,20/08/2025
HL,1,90,BUGALAGRANDE,11:17 a. m.,10000,12000,20/08/2025
ML,1,125,BUGALAGRANDE,11:16 a. m.,8000,10250,20/08/2025
VH,1,515,SEVILLA,11:18 a. m.,6000,7300,20/08/2025
VH,1,545,SEVILLA,11:21 a. m.,6750,8000,20/08/2025
TR,1,560,SEVILLA,11:22 a. m.,8700,8900,20/08/2025
VH,1,520,BUGALAGRANDE,11:12 a. m.,5500,8000,20/08/2025
HL,5,200,ROLDANILLO,11:22 a. m.,8250,9200,20/08/2025
VP,1,575,ZARZAL,11:27 a. m.,6500,6500,20/08/2025
VH,2,370,ZARZAL,11:30 a. m.,6500,7000,20/08/2025
HL,2,80,ZARZAL,11:38 a. m.,9000,13500,20/08/2025
HL,3,217,ROLDANILLO,11:27 a. m.,5000,7500,20/08/2025
ML,1,75,ZARZAL,11:34 a. m.,12000,17000,20/08/2025
ML,1,55,ZARZAL,11:34 a. m.,8000,13000,20/08/2025
HV,1,390,BUGALAGRANDE,11:41 a. m.,7000,8100,20/08/2025
ML,2,105,TEBAIDA,11:42 a. m.,10500,12250,20/08/2025
VI,1,350,BUGALAGRANDE,11:38 a. m.,3500,4750,20/08/2025
HL,2,115,TEBAIDA,11:44 a. m.,10000,14000,20/08/2025
ML,2,130,TEBAIDA,11:44 a. m.,8500,9750,20/08/2025
ML,1,105,TEBAIDA,11:46 a. m.,4000,7000,20/08/2025
HL,1,105,TEBAIDA,11:45 a. m.,10000,11000,20/08/2025
HL,1,135,TEBAIDA,11:48 a. m.,4000,7500,20/08/2025
HL,1,105,TEBAIDA,11:50 a. m.,4000,7500,20/08/2025
HL,1,105,TEBAIDA,11:49 a. m.,5000,9000,20/08/2025
ML,1,95,TEBAIDA,11:49 a. m.,4000,8000,20/08/2025
HL,7,154,TEBAIDA,11:52 a. m.,8500,9250,20/08/2025
ML,1,130,EL DOVIO,12:10 p. m.,9500,11000,20/08/2025
HL,6,110,TEBAIDA,11:57 a. m.,9000,10500,20/08/2025
HL,1,145,TEBAIDA,11:59 a. m.,4500,8250,20/08/2025
ML,3,222,ZARZAL,12:01 p. m.,9000,10000,20/08/2025
HL,1,110,TEBAIDA,11:58 a. m.,9000,9500,20/08/2025
HL,6,147,TEBAIDA,12:00 p. m.,8500,8750,20/08/2025
VH,1,380,ZARZAL,12:03 p. m.,7250,7500,20/08/2025
HV,1,355,ZARZAL,12:04 p. m.,8000,8400,20/08/2025
HL,1,180,ZARZAL,12:05 p. m.,8500,8500,20/08/2025
VH,1,435,EL DOVIO,12:06 p. m.,8250,8400,20/08/2025
VH,1,410,EL DOVIO,12:08 p. m.,5000,6900,20/08/2025
HL,1,100,EL DOVIO,12:08 p. m.,9000,12500,20/08/2025
HV,1,220,EL DOVIO,12:09 p. m.,5500,7000,20/08/2025
VH,1,495,EL DOVIO,12:09 p. m.,6500,7000,20/08/2025
TR,1,400,EL DOVIO,12:12 p. m.,7750,8500,20/08/2025
VH,1,485,EL DOVIO,12:13 p. m.,5500,5750,20/08/2025
HL,4,126,EL DOVIO,12:14 p. m.,9000,10000,20/08/2025
ML,3,153,EL DOVIO,12:15 p. m.,9000,10500,20/08/2025
HL,3,125,EL DOVIO,12:16 p. m.,9000,10000,20/08/2025
VI,1,375,YOTOCO,12:17 p. m.,4000,5000,20/08/2025
ML,1,180,YOTOCO,12:19 p. m.,4500,8250,20/08/2025
ML,1,205,YOTOCO,12:21 p. m.,8000,9000,20/08/2025
VI,1,425,YOTOCO,12:21 p. m.,5000,9000,20/08/2025
VI,1,385,YOTOCO,12:22 p. m.,3500,4750,20/08/2025
HL,5,216,TEBAIDA,12:24 p. m.,7750,8000,20/08/2025
HV,1,230,TEBAIDA,12:25 p. m.,7750,8750,20/08/2025
HV,3,258,TEBAIDA,12:25 p. m.,7800,8200,20/08/2025
VH,1,410,SEVILLA,12:28 p. m.,6500,7900,20/08/2025
VI,1,315,SEVILLA,12:30 p. m.,3000,5000,20/08/2025
HV,1,260,SEVILLA,12:31 p. m.,6750,7250,20/08/2025
VH,2,255,TEBAIDA,12:27 p. m.,5000,6750,20/08/2025
VH,1,315,SEVILLA,12:32 p. m.,7250,7750,20/08/2025
HV,1,275,SEVILLA,12:32 p. m.,5500,7250,20/08/2025
HL,1,70,SEVILLA,12:36 p. m.,9000,12000,20/08/2025
ML,1,155,SEVILLA,12:38 p. m.,8000,9000,20/08/2025
VH,1,250,SEVILLA,12:34 p. m.,4500,5000,20/08/2025
HL,1,75,SEVILLA,12:35 p. m.,8000,11500,20/08/2025
MC,1,565,LA PRIMAVERA,12:39 p. m.,5000,6750,20/08/2025
MC,1,560,LA PRIMAVERA,12:41 p. m.,5500,6750,20/08/2025
VP,1,405,BOLIVAR,12:42 p. m.,7000,10000,20/08/2025
ML,2,142,SEVILLA,12:37 p. m.,5000,9000,20/08/2025
HL,1,80,BOLIVAR,12:47 p. m.,6000,9000,20/08/2025
ML,1,170,BOLIVAR,12:47 p. m.,5000,8000,20/08/2025
HL,1,175,BOLIVAR,12:44 p. m.,5000,6750,20/08/2025
ML,1,100,BOLIVAR,12:45 p. m.,5000,7000,20/08/2025
HL,1,80,BOLIVAR,12:50 p. m.,8000,13000,20/08/2025
ML,1,160,BOLIVAR,12:51 p. m.,4000,8000,20/08/2025
HL,1,125,BOLIVAR,12:52 p. m.,2000,7000,20/08/2025
HL,1,110,BOLIVAR,12:52 p. m.,9000,10000,20/08/2025
VH,1,400,ZARZAL,12:58 p. m.,6500,8000,20/08/2025
VH,1,535,EL CERRITO,12:53 p. m.,7500,8250,20/08/2025
HL,1,115,BOLIVAR,12:48 p. m.,4000,7000,20/08/2025
ML,1,215,ZARZAL,01:00 p. m.,8500,9000,20/08/2025
ML,1,250,ZARZAL,01:00 p. m.,8500,9750,20/08/2025
VH,1,415,EL CERRITO,12:56 p. m.,7500,8000,20/08/2025
TR,3,310,ZARZAL,01:05 p. m.,8000,8800,20/08/2025
ML,1,125,LA VICTORIA,01:07 p. m.,5000,6500,20/08/2025
HL,1,120,LA VICTORIA,01:09 p. m.,2000,8000,20/08/2025
ML,1,135,LA VICTORIA,01:08 p. m.,7000,8500,20/08/2025
ML,1,100,LA VICTORIA,01:10 p. m.,8000,9000,20/08/2025
TR,3,353,ZARZAL,01:07 p. m.,8600,9400,20/08/2025
HL,5,186,TRUJILLO,01:12 p. m.,5500,6250,20/08/2025
ML,2,95,LA VICTORIA,01:10 p. m.,8000,10000,20/08/2025
HL,2,60,LA VICTORIA,01:11 p. m.,8000,11000,20/08/2025
HV,1,250,TRUJILLO,01:18 p. m.,5500,6250,20/08/2025
HV,1,205,TRUJILLO,01:16 p. m.,7000,7750,20/08/2025
ML,1,110,TRUJILLO,01:16 p. m.,8000,9250,20/08/2025
VH,1,285,TRUJILLO,01:18 p. m.,5500,7000,20/08/2025
HL,1,90,TRUJILLO,01:19 p. m.,9000,13000,20/08/2025
VH,1,355,TRUJILLO,01:21 p. m.,7500,7900,20/08/2025
ML,1,95,RIOFRIO,01:37 p. m.,8000,12250,20/08/2025
VH,6,256,TRUJILLO,01:26 p. m.,7400,7600,20/08/2025
MC,3,277,RIOFRIO,01:31 p. m.,8000,8750,20/08/2025
VI,1,390,ROLDANILLO,01:26 p. m.,4000,4000,20/08/2025
ML,2,150,RIOFRIO,01:36 p. m.,9000,9750,20/08/2025
ML,3,135,RIOFRIO,01:37 p. m.,8000,9500,20/08/2025
MC,1,410,VERSALLES,01:52 p. m.,7000,7500,20/08/2025
TR,1,330,VERSALLES,01:41 p. m.,7000,8250,20/08/2025
MC,1,410,VERSALLES,01:41 p. m.,5750,6750,20/08/2025
ML,1,195,RIOFRIO,01:33 p. m.,2000,6000,20/08/2025
VP,1,480,OBANDO,01:38 p. m.,6000,6250,20/08/2025
ML,1,125,OBANDO,01:49 p. m.,9000,10000,20/08/2025
ML,1,135,OBANDO,01:50 p. m.,6000,9000,20/08/2025
VH,1,400,OBANDO,01:48 p. m.,5500,7000,20/08/2025
MC,1,490,SEVILLA,01:53 p. m.,8000,8750,20/08/2025
TR,1,305,SEVILLA,01:54 p. m.,8500,9500,20/08/2025
TR,1,310,SEVILLA,01:54 p. m.,7500,8250,20/08/2025
VH,1,320,SEVILLA,01:56 p. m.,6000,7000,20/08/2025
HV,1,465,SEVILLA,01:56 p. m.,7750,8200,20/08/2025
HV,1,375,SEVILLA,01:57 p. m.,8000,8250,20/08/2025
HV,1,325,SEVILLA,01:58 p. m.,7500,8200,20/08/2025
MC,1,440,SEVILLA,01:59 p. m.,8500,8750,20/08/2025
VH,1,390,SEVILLA,02:00 p. m.,6000,6000,20/08/2025
HV,5,433,BOLIVAR,02:00 p. m.,8400,8550,20/08/2025
HV,1,405,BOLIVAR,02:02 p. m.,8000,9000,20/08/2025
VH,4,425,BOLIVAR,02:03 p. m.,6400,6600,20/08/2025
TO,1,700,BOLIVAR,02:04 p. m.,8500,9100,20/08/2025
HL,2,138,AMAGA,02:07 p. m.,7000,8500,20/08/2025
ML,1,280,CARTAGO,02:09 p. m.,7500,8000,20/08/2025
ML,1,205,CARTAGO,02:11 p. m.,5500,8750,20/08/2025
HL,4,98,AMAGA,02:08 p. m.,9000,11000,20/08/2025
TR,4,299,SANTANDER DE QUILICHAO,02:12 p. m.,6750,7000,20/08/2025
ML,5,208,SANTANDER DE QUILICHAO,02:14 p. m.,7500,8400,20/08/2025
TR,4,288,SANTANDER DE QUILICHAO,02:15 p. m.,8600,9400,20/08/2025
TR,3,323,SANTANDER DE QUILICHAO,02:18 p. m.,7800,8600,20/08/2025
TR,2,252,SANTANDER DE QUILICHAO,02:20 p. m.,7500,7750,20/08/2025
ML,2,148,SANTANDER DE QUILICHAO,02:21 p. m.,6500,8000,20/08/2025
HV,3,222,TEBAIDA,02:23 p. m.,7500,8700,20/08/2025
HV,6,263,TEBAIDA,02:25 p. m.,7400,7700,20/08/2025
HV,5,260,TEBAIDA,02:28 p. m.,7000,7400,20/08/2025
HV,1,265,TEBAIDA,02:30 p. m.,7000,8000,20/08/2025
HV,1,255,TEBAIDA,02:32 p. m.,5000,6750,20/08/2025
HL,1,240,TEBAIDA,02:32 p. m.,6500,7000,20/08/2025
HV,4,240,TEBAIDA,02:33 p. m.,7400,8000,20/08/2025
VH,1,385,ZARZAL,04:58 p. m.,6000,6400,20/08/2025
VH,1,450,ZARZAL,04:58 p. m.,5000,6000,20/08/2025
TR,1,285,JAMUNDI,06:04 a. m.,5500,8500,27/08/2025
ML,1,235,JAMUNDI,06:05 a. m.,8750,9250,27/08/2025
ML,1,210,JAMUNDI,06:05 a. m.,8750,9500,27/08/2025
ML,1,100,JAMUNDI,06:06 a. m.,10000,14000,27/08/2025
ML,1,95,JAMUNDI,06:07 a. m.,8500,8750,27/08/2025
ML,1,105,JAMUNDI,06:10 a. m.,9500,11750,27/08/2025
ML,1,95,JAMUNDI,06:10 a. m.,4000,7000,27/08/2025
HL,2,215,SAN VICENTE,06:21 a. m.,5750,6600,27/08/2025
VH,1,230,SAN VICENTE,06:22 a. m.,6750,8000,27/08/2025
VH,2,250,SAN VICENTE,06:23 a. m.,5000,7750,27/08/2025
VH,3,353,SAN VICENTE,06:24 a. m.,5000,5250,27/08/2025
VI,1,340,SAN VICENTE,06:26 a. m.,4000,4500,27/08/2025
VH,1,370,SAN VICENTE,06:29 a. m.,5500,7000,27/08/2025
HL,1,140,SAN VICENTE,06:32 a. m.,9000,10500,27/08/2025
HL,1,155,SAN VICENTE,06:31 a. m.,8000,9750,27/08/2025
HL,1,140,SAN VICENTE,06:33 a. m.,9000,10500,27/08/2025
ML,1,55,SAN VICENTE,06:29 a. m.,1000,5000,27/08/2025
HL,2,90,SAN VICENTE,06:34 a. m.,4000,8000,27/08/2025
HL,3,113,SAN VICENTE,06:34 a. m.,9000,11500,27/08/2025
VP,1,340,ROLDANILLO,06:36 a. m.,7000,10000,27/08/2025
ML,1,130,ROLDANILLO,06:38 a. m.,10000,11500,27/08/2025
VH,1,235,ZARZAL,06:41 a. m.,5000,6500,27/08/2025
HL,1,120,CAICEDONIA,06:41 a. m.,3000,7000,27/08/2025
VI,1,380,LA VICTORIA,06:43 a. m.,4500,4500,27/08/2025
ML,1,90,LA VICTORIA,06:44 a. m.,8000,9500,27/08/2025
VI,1,385,ANDALUCIA,06:48 a. m.,4000,4000,27/08/2025
VH,1,485,ANDALUCIA,06:49 a. m.,7600,7400,27/08/2025
VH,1,490,ANDALUCIA,06:50 a. m.,5500,7000,27/08/2025
HL,5,137,ANDALUCIA,06:52 a. m.,8500,9750,27/08/2025
VP,1,395,ANDALUCIA,06:54 a. m.,7000,8000,27/08/2025
HL,2,95,ANDALUCIA,06:56 a. m.,9000,11500,27/08/2025
HL,2,130,ANDALUCIA,06:58 a. m.,9500,10000,27/08/2025
HL,1,120,ANDALUCIA,06:59 a. m.,10000,11000,27/08/2025
HL,1,115,ANDALUCIA,07:03 a. m.,8500,9250,27/08/2025
HV,6,337,ZARZAL,07:05 a. m.,7400,7400,27/08/2025
HV,5,367,ZARZAL,07:08 a. m.,6500,6500,27/08/2025
MC,1,375,ZARZAL,07:10 a. m.,8250,9000,27/08/2025
VH,3,317,ZARZAL,07:14 a. m.,6750,7500,27/08/2025
VH,3,280,ZARZAL,07:17 a. m.,6000,6800,27/08/2025
TR,1,280,ZARZAL,07:14 a. m.,8000,9000,27/08/2025
HL,4,95,MONTERIA,07:25 a. m.,11000,13000,27/08/2025
HL,1,90,MONTERIA,07:28 a. m.,10000,15000,27/08/2025
HL,1,110,MONTERIA,07:29 a. m.,7000,11500,27/08/2025
HL,1,110,MONTERIA,07:29 a. m.,4000,11000,27/08/2025
HL,1,115,MONTERIA,07:32 a. m.,13000,17000,27/08/2025
HL,1,110,MONTERIA,07:32 a. m.,11000,14000,27/08/2025
HL,1,150,MONTERIA,07:32 a. m.,10000,13000,27/08/2025
HL,1,140,MONTERIA,07:30 a. m.,9500,11000,27/08/2025
HL,1,75,MONTERIA,07:33 a. m.,10000,15500,27/08/2025
HL,1,110,MONTERIA,07:36 a. m.,12000,18000,27/08/2025
ML,1,95,MONTERIA,07:35 a. m.,12000,14000,27/08/2025
HL,1,90,MONTERIA,07:35 a. m.,10000,13000,27/08/2025
ML,1,145,MONTERIA,07:34 a. m.,12500,14250,27/08/2025
HL,1,90,MONTERIA,07:36 a. m.,10000,13500,27/08/2025
ML,1,120,MONTERIA,07:39 a. m.,10000,12750,27/08/2025
HL,1,110,MONTERIA,07:37 a. m.,10000,14000,27/08/2025
ML,1,110,MONTERIA,07:41 a. m.,12000,14000,27/08/2025
HL,1,80,MONTERIA,07:40 a. m.,12000,15000,27/08/2025
HL,1,100,MONTERIA,07:38 a. m.,10000,13250,27/08/2025
HL,1,140,MONTERIA,07:42 a. m.,11500,12500,27/08/2025
HL,1,180,MONTERIA,07:41 a. m.,8500,9750,27/08/2025
ML,3,85,CAUCASIA,07:43 a. m.,10000,13250,27/08/2025
VH,1,390,LA UNION,07:47 a. m.,6500,12000,27/08/2025
VH,1,375,LA UNION,07:50 a. m.,7000,10000,27/08/2025
VH,1,455,LA UNION,07:50 a. m.,7000,10250,27/08/2025
ML,1,125,LA UNION,07:52 a. m.,8000,11500,27/08/2025
ML,1,125,LA UNION,07:51 a. m.,9000,12000,27/08/2025
ML,2,142,LA UNION,07:52 a. m.,9000,10000,27/08/2025
HL,2,125,LA UNION,07:54 a. m.,10000,13000,27/08/2025
HL,1,160,LA UNION,07:54 a. m.,8500,10500,27/08/2025
HL,1,90,LA UNION,07:56 a. m.,10000,13750,27/08/2025
HL,1,120,LA UNION,07:55 a. m.,9500,12500,27/08/2025
HL,6,129,CAICEDONIA,07:58 a. m.,9000,10250,27/08/2025
HL,4,146,CAICEDONIA,07:59 a. m.,8500,9250,27/08/2025
HL,7,164,CAICEDONIA,08:01 a. m.,8600,8800,27/08/2025
HV,8,224,CAICEDONIA,08:10 a. m.,8400,8750,27/08/2025
HV,7,240,CAICEDONIA,08:06 a. m.,7800,8450,27/08/2025
HL,4,162,CAICEDONIA,08:11 a. m.,7000,8500,27/08/2025
HL,1,190,CAICEDONIA,08:16 a. m.,7000,7750,27/08/2025
HL,6,169,CAICEDONIA,08:20 a. m.,8400,9050,27/08/2025
HV,6,273,CAICEDONIA,08:21 a. m.,7400,7800,27/08/2025
HV,6,273,CAICEDONIA,08:23 a. m.,8000,8200,27/08/2025
HV,3,242,CAICEDONIA,08:27 a. m.,8000,8000,27/08/2025
ML,4,100,OBANDO,08:29 a. m.,4000,7500,27/08/2025
ML,5,137,OBANDO,08:35 a. m.,7500,8250,27/08/2025
HL,5,122,OBANDO,08:35 a. m.,9000,9500,27/08/2025
HL,1,200,ARGELIA,08:39 a. m.,5500,8500,27/08/2025
HL,4,194,ARGELIA,08:38 a. m.,6500,7300,27/08/2025
HL,2,198,ARGELIA,08:40 a. m.,5500,7000,27/08/2025
TR,1,270,ROLDANILLO,08:44 a. m.,8000,8750,27/08/2025
ML,1,185,SEVILLA,08:46 a. m.,7500,7500,27/08/2025
TR,1,315,ROLDANILLO,08:48 a. m.,8500,9250,27/08/2025
HL,2,30,CAICEDONIA,08:51 a. m.,4000,15500,27/08/2025
ML,1,40,CAICEDONIA,08:49 a. m.,9000,11000,27/08/2025
HL,1,145,ARGELIA,08:43 a. m.,4000,7000,27/08/2025
HV,1,230,ARGELIA,08:43 a. m.,5500,6500,27/08/2025
HV,1,435,LA UNION,08:52 a. m.,7250,8000,27/08/2025
VH,3,383,LA UNION,08:53 a. m.,5750,6400,27/08/2025
HV,1,275,LA UNION,08:54 a. m.,6500,7500,27/08/2025
VH,1,365,LA UNION,08:54 a. m.,6250,7800,27/08/2025
VH,1,425,LA UNION,08:56 a. m.,6500,8750,27/08/2025
VH,1,515,LA UNION,08:57 a. m.,6500,7500,27/08/2025
VP,1,420,LA UNION,08:58 a. m.,6500,8000,27/08/2025
HL,2,68,LA UNION,08:59 a. m.,9000,14500,27/08/2025
VH,1,540,CAQUETA,09:08 a. m.,6500,7750,27/08/2025
VI,1,385,CAQUETA,09:10 a. m.,4500,6250,27/08/2025
VH,1,380,CAQUETA,09:10 a. m.,6750,7900,27/08/2025
VH,1,390,CAQUETA,09:10 a. m.,7500,7750,27/08/2025
VH,2,398,CAQUETA,09:12 a. m.,5500,6400,27/08/2025
VH,2,400,CAQUETA,09:12 a. m.,5750,6500,27/08/2025
VH,1,315,CAQUETA,09:13 a. m.,5500,7000,27/08/2025
VH,3,277,CAQUETA,09:15 a. m.,6500,6500,27/08/2025
VH,2,408,CAQUETA,09:16 a. m.,5750,6250,27/08/2025
HV,4,355,CAQUETA,09:19 a. m.,8250,8250,27/08/2025
HV,3,363,CAQUETA,09:21 a. m.,7800,8300,27/08/2025
HV,4,356,CAQUETA,09:22 a. m.,7800,8450,27/08/2025
HV,4,304,CAQUETA,09:23 a. m.,8000,8550,27/08/2025
HV,3,333,CAQUETA,09:25 a. m.,8000,8250,27/08/2025
VH,1,405,TULUA,09:26 a. m.,7000,8000,27/08/2025
VH,1,360,TULUA,09:28 a. m.,6000,6750,27/08/2025
VH,1,445,TULUA,09:30 a. m.,6750,7500,27/08/2025
HV,1,380,TULUA,09:31 a. m.,7000,7500,27/08/2025
HV,1,360,TULUA,09:34 a. m.,7500,8500,27/08/2025
HL,1,365,TULUA,09:33 a. m.,7750,8500,27/08/2025
VH,1,450,TULUA,09:34 a. m.,7250,8500,27/08/2025
VH,1,405,TULUA,09:35 a. m.,7000,7750,27/08/2025
VH,1,385,TULUA,09:35 a. m.,7250,7900,27/08/2025
VH,1,470,TULUA,09:36 a. m.,6500,8500,27/08/2025
TR,1,400,TULUA,09:38 a. m.,7500,7900,27/08/2025
TR,1,435,TULUA,09:39 a. m.,8250,9000,27/08/2025
MC,1,290,LA VICTORIA,09:39 a. m.,6250,6500,27/08/2025
VH,1,410,LA VICTORIA,09:41 a. m.,6000,10250,27/08/2025
HL,1,185,LA VICTORIA,09:43 a. m.,6500,6500,27/08/2025
HV,1,305,LA VICTORIA,09:43 a. m.,5500,6000,27/08/2025
VH,1,390,LA VICTORIA,09:45 a. m.,7000,8100,27/08/2025
HV,1,380,LA VICTORIA,09:45 a. m.,7500,8100,27/08/2025
VI,1,375,LA VICTORIA,09:48 a. m.,4000,4750,27/08/2025
TO,1,655,LA VICTORIA,09:49 a. m.,7750,8250,27/08/2025
HL,5,190,CAQUETA,09:51 a. m.,7750,7750,27/08/2025
HL,6,188,CAQUETA,09:53 a. m.,7250,7750,27/08/2025
VP,1,470,SAN PEDRO,09:54 a. m.,5500,6000,27/08/2025
VH,1,480,SAN PEDRO,09:58 a. m.,7250,7750,27/08/2025
ML,1,230,SAN PEDRO,09:58 a. m.,8500,9500,27/08/2025
ML,1,175,SAN PEDRO,09:59 a. m.,6000,7750,27/08/2025
TR,1,350,SAN PEDRO,09:59 a. m.,6000,6250,27/08/2025
VH,1,315,SAN PEDRO,10:01 a. m.,6000,6500,27/08/2025
VH,1,400,SAN PEDRO,10:02 a. m.,6500,7000,27/08/2025
ML,1,85,SAN PEDRO,10:00 a. m.,9000,12000,27/08/2025
MC,1,265,SAN PEDRO,10:03 a. m.,7250,8750,27/08/2025
VI,1,550,SEVILLA,10:03 a. m.,5000,5500,27/08/2025
HL,1,160,SEVILLA,10:05 a. m.,8500,9500,27/08/2025
HL,1,180,SEVILLA,10:07 a. m.,6750,7750,27/08/2025
HL,1,145,SEVILLA,10:06 a. m.,9000,10000,27/08/2025
HL,1,145,SEVILLA,10:09 a. m.,9000,10500,27/08/2025
HL,1,145,SEVILLA,10:09 a. m.,7500,8750,27/08/2025
HV,1,290,SEVILLA,10:12 a. m.,8000,9000,27/08/2025
ML,1,135,SEVILLA,10:12 a. m.,6000,10000,27/08/2025
VH,1,315,TORO,10:15 a. m.,6500,7000,27/08/2025
HV,1,315,TORO,10:15 a. m.,7250,8000,27/08/2025
HV,1,325,TORO,10:16 a. m.,7000,7250,27/08/2025
HL,5,169,SEVILLA,10:19 a. m.,8750,9000,27/08/2025
HV,6,309,SEVILLA,10:19 a. m.,8000,8400,27/08/2025
HV,5,299,SEVILLA,10:20 a. m.,8000,8400,27/08/2025
HV,3,273,SEVILLA,10:22 a. m.,7600,8100,27/08/2025
VI,1,275,LA UNION,10:24 a. m.,4000,5250,27/08/2025
HV,1,335,ROLDANILLO,10:26 a. m.,6500,7000,27/08/2025
ML,1,265,ROLDANILLO,10:28 a. m.,9000,9750,27/08/2025
HL,1,200,LA UNION,10:33 a. m.,7000,7000,27/08/2025
ML,1,100,LA UNION,10:28 a. m.,6000,11000,27/08/2025
HL,3,113,PEREIRA,10:34 a. m.,7000,10000,27/08/2025
ML,1,50,LA UNION,10:31 a. m.,1000,3000,27/08/2025
ML,1,115,LA UNION,10:31 a. m.,10000,12250,27/08/2025
HL,1,80,PEREIRA,10:35 a. m.,13000,17000,27/08/2025
ML,1,70,PEREIRA,10:37 a. m.,4000,6000,27/08/2025
HL,3,67,PEREIRA,10:38 a. m.,7000,10000,27/08/2025
HV,1,280,SEVILLA,10:39 a. m.,6500,6500,27/08/2025
HV,1,260,SEVILLA,10:43 a. m.,6000,7000,27/08/2025
HV,1,195,SEVILLA,10:43 a. m.,3000,7000,27/08/2025
TO,1,650,BOLIVAR,10:44 a. m.,9000,10300,27/08/2025
ML,1,35,ZARZAL,10:45 a. m.,1000,9000,27/08/2025
HV,6,261,BOLIVAR,10:48 a. m.,8000,8300,27/08/2025
VP,1,420,LA PRIMAVERA,10:51 a. m.,7500,8000,27/08/2025
HV,1,395,LA PRIMAVERA,10:52 a. m.,7250,8200,27/08/2025
VH,1,505,LA PRIMAVERA,10:53 a. m.,6000,7000,27/08/2025
VH,1,430,LA PRIMAVERA,10:53 a. m.,6250,7300,27/08/2025
HV,1,450,LA PRIMAVERA,10:54 a. m.,8000,8600,27/08/2025
ML,1,150,LA PRIMAVERA,10:55 a. m.,7500,9250,27/08/2025
MC,2,388,LA PRIMAVERA,10:56 a. m.,7800,8000,27/08/2025
HL,1,175,YOTOCO,10:57 a. m.,7000,8000,27/08/2025
TR,1,430,YOTOCO,11:02 a. m.,7500,8250,27/08/2025
HL,1,290,YOTOCO,11:02 a. m.,5000,7000,27/08/2025
VI,1,405,YOTOCO,11:03 a. m.,4000,5000,27/08/2025
VH,1,410,YOTOCO,11:04 a. m.,7000,7250,27/08/2025
VH,1,450,YOTOCO,11:05 a. m.,5000,6250,27/08/2025
HV,1,260,YOTOCO,11:06 a. m.,6000,7000,27/08/2025
HL,1,190,YOTOCO,11:08 a. m.,8500,12750,27/08/2025
HL,1,165,YOTOCO,11:07 a. m.,7000,7500,27/08/2025
VH,1,360,YOTOCO,11:09 a. m.,5000,6500,27/08/2025
HV,4,282,EL DOVIO,11:10 a. m.,8000,8200,27/08/2025
HV,5,292,EL DOVIO,11:12 a. m.,8000,8200,27/08/2025
HV,3,305,EL DOVIO,11:13 a. m.,8000,8750,27/08/2025
HL,2,100,YOTOCO,11:09 a. m.,10000,11500,27/08/2025
VH,1,315,EL DOVIO,11:14 a. m.,5000,6500,27/08/2025
VH,1,270,EL DOVIO,11:16 a. m.,4000,6000,27/08/2025
HL,1,175,PEREIRA,11:17 a. m.,5000,6250,27/08/2025
VH,1,400,PEREIRA,11:19 a. m.,6000,6750,27/08/2025
MC,1,305,PEREIRA,11:21 a. m.,7750,8750,27/08/2025
VH,1,375,PEREIRA,11:22 a. m.,4500,6500,27/08/2025
MC,1,300,PEREIRA,11:23 a. m.,5000,7000,27/08/2025
VP,1,475,VERSALLES,11:32 a. m.,6500,9250,27/08/2025
VP,1,405,VERSALLES,11:35 a. m.,6000,7000,27/08/2025
VP,1,395,VERSALLES,11:35 a. m.,6000,7500,27/08/2025
HV,1,340,EL DOVIO,11:37 a. m.,5500,7250,27/08/2025
HV,2,305,EL DOVIO,11:39 a. m.,6500,7750,27/08/2025
ML,1,55,PEREIRA,11:28 a. m.,4000,13000,27/08/2025
HL,1,105,PEREIRA,11:30 a. m.,10000,12250,27/08/2025
HL,1,50,PEREIRA,11:32 a. m.,8000,13500,27/08/2025
HL,1,120,PEREIRA,11:27 a. m.,5000,8000,27/08/2025
ML,1,75,PEREIRA,11:30 a. m.,8000,14000,27/08/2025
HL,1,50,PEREIRA,11:31 a. m.,6000,9000,27/08/2025
HL,1,125,PEREIRA,11:29 a. m.,4000,7000,27/08/2025
HV,6,258,EL DOVIO,11:39 a. m.,6750,7600,27/08/2025
HV,3,285,EL DOVIO,11:41 a. m.,5000,6750,27/08/2025
HV,1,230,EL DOVIO,11:42 a. m.,4000,6500,27/08/2025
HV,3,337,EL DOVIO,11:43 a. m.,7250,7250,27/08/2025
HL,1,155,EL DOVIO,11:44 a. m.,6000,8000,27/08/2025
HL,4,236,EL DOVIO,11:45 a. m.,6500,7000,27/08/2025
ML,5,255,RESTREPO,11:46 a. m.,8400,9000,27/08/2025
MC,1,350,RESTREPO,11:49 a. m.,8000,8750,27/08/2025
ML,6,223,RESTREPO,11:53 a. m.,9000,10000,27/08/2025
ML,5,226,RESTREPO,11:57 a. m.,8000,8550,27/08/2025
TR,2,260,RESTREPO,12:02 p. m.,7250,7750,27/08/2025
ML,4,246,RESTREPO,11:59 a. m.,7250,8000,27/08/2025
TR,1,300,RESTREPO,12:06 p. m.,8000,8500,27/08/2025
ML,1,215,RESTREPO,12:05 p. m.,5000,6750,27/08/2025
ML,2,202,RESTREPO,12:06 p. m.,7750,8750,27/08/2025
TR,1,260,TRUJILLO,12:07 p. m.,7500,7750,27/08/2025
ML,1,195,TRUJILLO,12:11 p. m.,6000,8000,27/08/2025
MC,1,305,ZARZAL,12:09 p. m.,8000,8250,27/08/2025
TR,1,285,ZARZAL,12:13 p. m.,8000,8500,27/08/2025
TR,1,320,ZARZAL,12:14 p. m.,8250,9000,27/08/2025
ML,1,225,ZARZAL,12:13 p. m.,6000,6750,27/08/2025
HL,1,155,ZARZAL,12:18 p. m.,7500,9500,27/08/2025
HL,1,150,ZARZAL,12:16 p. m.,2000,7500,27/08/2025
ML,1,140,ZARZAL,12:14 p. m.,4000,8500,27/08/2025
ML,1,140,ZARZAL,12:17 p. m.,5000,9000,27/08/2025
ML,4,144,ZARZAL,12:19 p. m.,9250,10750,27/08/2025
HL,1,180,TRUJILLO,12:20 p. m.,5000,6500,27/08/2025
ML,1,195,TRUJILLO,12:22 p. m.,7000,8500,27/08/2025
HV,1,240,TRUJILLO,12:23 p. m.,6000,6500,27/08/2025
ML,1,125,TRUJILLO,12:24 p. m.,5000,6750,27/08/2025
VI,1,405,TRUJILLO,12:24 p. m.,5000,6250,27/08/2025
ML,1,85,TRUJILLO,12:29 p. m.,6000,10500,27/08/2025
HL,1,160,TRUJILLO,12:26 p. m.,7000,8000,27/08/2025
VH,1,430,TRUJILLO,12:25 p. m.,5000,6250,27/08/2025
VH,1,390,TRUJILLO,12:28 p. m.,6000,6750,27/08/2025
VI,1,385,TRUJILLO,12:30 p. m.,4500,4500,27/08/2025
VH,1,435,TRUJILLO,12:31 p. m.,7250,7600,27/08/2025
HL,11,155,SEVILLA,12:32 p. m.,9000,9600,27/08/2025
HL,2,172,SEVILLA,12:33 p. m.,8000,9000,27/08/2025
MC,2,248,CARTAGO,12:35 p. m.,7250,8500,27/08/2025
ML,2,210,CARTAGO,12:37 p. m.,8750,9000,27/08/2025
ML,2,175,CARTAGO,12:41 p. m.,6000,7250,27/08/2025
ML,1,195,CARTAGO,12:43 p. m.,5000,6000,27/08/2025
ML,1,220,CARTAGO,12:41 p. m.,8500,9000,27/08/2025
ML,1,125,CARTAGO,12:44 p. m.,3000,8000,27/08/2025
ML,1,185,CARTAGO,12:43 p. m.,8000,8250,27/08/2025
ML,2,232,CARTAGO,12:44 p. m.,7250,8000,27/08/2025
ML,2,235,CARTAGO,12:46 p. m.,7500,8000,27/08/2025
TR,2,402,RESTREPO,12:46 p. m.,8600,9000,27/08/2025
TR,1,405,RESTREPO,12:51 p. m.,8250,8750,27/08/2025
TR,3,283,RESTREPO,12:52 p. m.,8500,9100,27/08/2025
MC,1,245,RESTREPO,12:53 p. m.,8000,8500,27/08/2025
TR,1,315,RESTREPO,12:54 p. m.,8250,8750,27/08/2025
ML,1,245,RESTREPO,12:57 p. m.,8000,9000,27/08/2025
TR,3,257,RESTREPO,12:58 p. m.,7750,8250,27/08/2025
HV,4,245,RESTREPO,01:01 p. m.,7400,7600,27/08/2025
TR,4,301,RESTREPO,12:59 p. m.,7000,7000,27/08/2025
VH,2,398,RIOFRIO,01:04 p. m.,7800,8200,27/08/2025
VH,1,495,RIOFRIO,01:06 p. m.,6500,7000,27/08/2025
VH,1,405,RIOFRIO,01:07 p. m.,6750,8000,27/08/2025
VH,1,445,RIOFRIO,01:08 p. m.,7000,11750,27/08/2025
HV,1,410,RIOFRIO,01:09 p. m.,8250,8950,27/08/2025
HL,1,140,RIOFRIO,01:11 p. m.,9000,9000,27/08/2025
HL,1,170,RIOFRIO,01:14 p. m.,8000,8500,27/08/2025
HL,1,205,RIOFRIO,01:12 p. m.,6500,6500,27/08/2025
HL,1,240,RIOFRIO,01:10 p. m.,8500,9750,27/08/2025
HL,1,235,RIOFRIO,01:13 p. m.,8500,10750,27/08/2025
ML,4,229,RESTREPO,01:06 p. m.,8500,10000,27/08/2025
HL,4,259,BUGALAGRANDE,01:15 p. m.,7400,7800,27/08/2025
HV,5,305,BUGALAGRANDE,01:17 p. m.,7800,8350,27/08/2025
VH,4,359,MONTENEGRO,01:18 p. m.,5800,6600,27/08/2025
ML,1,70,MONTENEGRO,01:26 p. m.,9000,10500,27/08/2025
HL,1,75,MONTENEGRO,01:22 p. m.,10000,14000,27/08/2025
VH,1,265,MONTENEGRO,01:20 p. m.,5000,6500,27/08/2025
HL,1,80,MONTENEGRO,01:21 p. m.,9000,12500,27/08/2025
VH,1,300,MONTENEGRO,01:24 p. m.,5500,5500,27/08/2025
TR,1,290,MONTENEGRO,01:27 p. m.,8500,9000,27/08/2025
ML,1,205,MONTENEGRO,01:27 p. m.,8000,8500,27/08/2025
ML,7,84,JAMUNDI,01:29 p. m.,8500,11000,27/08/2025
ML,5,103,JAMUNDI,01:31 p. m.,8000,9400,27/08/2025
ML,5,147,JAMUNDI,01:32 p. m.,9000,10750,27/08/2025
VH,1,340,JAMUNDI,01:34 p. m.,6000,6500,27/08/2025
HV,1,255,JAMUNDI,01:35 p. m.,6500,6750,27/08/2025
VH,1,485,JAMUNDI,01:36 p. m.,5500,6900,27/08/2025
VH,1,300,JAMUNDI,01:37 p. m.,6500,7000,27/08/2025
TR,5,249,JAMUNDI,01:38 p. m.,7500,8000,27/08/2025
MC,2,318,JAMUNDI,01:38 p. m.,5000,6900,27/08/2025
MC,1,235,SANTANDER DE QUILICHAO,01:39 p. m.,8750,9400,27/08/2025
MC,1,270,SANTANDER DE QUILICHAO,01:42 p. m.,6500,7250,27/08/2025
VI,1,300,SANTANDER DE QUILICHAO,01:41 p. m.,3000,5000,27/08/2025
MC,4,219,SANTANDER DE QUILICHAO,01:42 p. m.,9000,9750,27/08/2025
VH,1,320,SANTANDER DE QUILICHAO,01:47 p. m.,6500,7500,27/08/2025
HV,3,245,SANTANDER DE QUILICHAO,01:48 p. m.,8250,8600,27/08/2025
MC,7,254,SANTANDER DE QUILICHAO,01:50 p. m.,9000,9600,27/08/2025
HL,1,90,SEVILLA,01:54 p. m.,9000,11750,27/08/2025
ML,1,175,SEVILLA,01:51 p. m.,9000,10500,27/08/2025
ML,1,140,SEVILLA,01:53 p. m.,9500,11500,27/08/2025
ML,1,85,SEVILLA,01:53 p. m.,7000,11500,27/08/2025
ML,2,50,YOTOCO,02:08 p. m.,6000,7000,27/08/2025
HV,1,265,YOTOCO,02:19 p. m.,7750,8000,27/08/2025
ML,1,70,YOTOCO,02:20 p. m.,7000,9000,27/08/2025
ML,1,75,YOTOCO,02:21 p. m.,6000,9000,27/08/2025
ML,1,220,YOTOCO,02:21 p. m.,4000,4750,27/08/2025
VI,1,300,YOTOCO,02:22 p. m.,4500,7000,27/08/2025
ML,1,95,YOTOCO,02:24 p. m.,5000,5500,27/08/2025
ML,1,160,YOTOCO,02:24 p. m.,5000,5000,27/08/2025
VP,1,380,YOTOCO,02:25 p. m.,5500,6500,27/08/2025
ML,1,110,URIBE,02:33 p. m.,7500,8000,27/08/2025
HL,1,105,URIBE,02:27 p. m.,9000,9000,27/08/2025
HL,1,70,URIBE,02:30 p. m.,6000,10000,27/08/2025
VH,1,355,URIBE,02:33 p. m.,4500,6000,27/08/2025
TO,6,477,ZARZAL,02:35 p. m.,8550,8550,27/08/2025
TO,1,520,ZARZAL,02:36 p. m.,8550,8550,27/08/2025
TO,5,563,ZARZAL,02:37 p. m.,8550,8550,27/08/2025
TO,3,566,ZARZAL,02:37 p. m.,8550,8550,27/08/2025
VH,1,330,URIBE,03:22 p. m.,5500,7000,27/08/2025
VI,1,410,URIBE,03:24 p. m.,4500,6000,27/08/2025
VP,1,585,URIBE,03:25 p. m.,5000,6000,27/08/2025
HL,3,172,QUIMBAYA,04:41 p. m.,7000,8000,27/08/2025
HL,2,132,QUIMBAYA,04:43 p. m.,10000,12000,27/08/2025
HL,4,238,QUIMBAYA,04:43 p. m.,8000,8400,27/08/2025
HL,1,190,QUIMBAYA,04:44 p. m.,7500,7750,27/08/2025
HL,1,155,QUIMBAYA,04:44 p. m.,13000,17000,27/08/2025
HV,1,220,QUIMBAYA,04:44 p. m.,7500,8500,27/08/2025
HV,1,280,QUIMBAYA,04:45 p. m.,6750,7000,27/08/2025
HV,1,325,QUIMBAYA,04:45 p. m.,8500,8500,27/08/2025
HV,1,270,QUIMBAYA,04:45 p. m.,5000,7500,27/08/2025
HV,1,340,ZARZAL,04:48 p. m.,8650,8650,27/08/2025
HL,2,192,ZARZAL,06:13 a. m.,7000,8400,09/07/2025
HL,1,125,ZARZAL,06:18 a. m.,2000,5500,09/07/2025
VI,1,340,ZARZAL,06:25 a. m.,4500,4500,09/07/2025
HL,2,245,JAMUNDI,06:42 a. m.,7000,7800,09/07/2025
HL,7,147,JAMUNDI,06:51 a. m.,8600,9200,09/07/2025
HL,3,223,JAMUNDI,06:51 a. m.,7600,8000,09/07/2025
HL,5,198,JAMUNDI,06:53 a. m.,8400,8800,09/07/2025
HL,2,202,JAMUNDI,06:54 a. m.,7600,8000,09/07/2025
HL,1,210,JAMUNDI,07:06 a. m.,8000,9400,09/07/2025
HL,1,230,JAMUNDI,07:07 a. m.,8500,8750,09/07/2025
VH,6,322,JAMUNDI,07:11 a. m.,7600,8300,09/07/2025
HL,6,239,JAMUNDI,07:13 a. m.,7600,8300,09/07/2025
HL,1,190,JAMUNDI,07:16 a. m.,7400,7800,09/07/2025
HL,3,227,JAMUNDI,07:17 a. m.,8000,8400,09/07/2025
HL,2,208,JAMUNDI,07:24 a. m.,7400,8000,09/07/2025
HL,4,172,JAMUNDI,07:25 a. m.,8400,9000,09/07/2025
HV,2,330,JAMUNDI,07:26 a. m.,6800,7700,09/07/2025
HV,1,345,JAMUNDI,07:28 a. m.,7600,7600,09/07/2025
HV,4,279,JAMUNDI,07:24 a. m.,7000,7800,09/07/2025
HL,1,240,JAMUNDI,07:25 a. m.,4500,6500,09/07/2025
HL,1,180,JAMUNDI,07:27 a. m.,7000,8000,09/07/2025
HL,1,225,JAMUNDI,07:26 a. m.,8000,8000,09/07/2025
HL,3,247,JAMUNDI,07:27 a. m.,7800,8000,09/07/2025
HL,4,215,JAMUNDI,07:28 a. m.,7000,7800,09/07/2025
VH,1,345,ZARZAL,07:28 a. m.,7000,7750,09/07/2025
HV,1,365,ZARZAL,07:35 a. m.,7400,8000,09/07/2025
TR,1,365,ZARZAL,07:35 a. m.,7400,8000,09/07/2025
HV,1,275,ZARZAL,07:36 a. m.,7000,7400,09/07/2025
HL,1,145,ZARZAL,07:40 a. m.,9000,9500,09/07/2025
ML,1,190,ZARZAL,07:39 a. m.,9500,10250,09/07/2025
ML,1,180,ZARZAL,07:41 a. m.,10000,12500,09/07/2025
HV,1,295,ZARZAL,07:41 a. m.,7600,7600,09/07/2025
HV,1,280,ZARZAL,07:42 a. m.,7800,7800,09/07/2025
HV,1,240,ZARZAL,07:44 a. m.,7800,8000,09/07/2025
MC,1,260,ZARZAL,07:44 a. m.,7000,7800,09/07/2025
ML,1,135,TULUA,07:46 a. m.,4000,4000,09/07/2025
ML,1,95,TULUA,07:48 a. m.,8000,10000,09/07/2025
HV,1,250,JAMUNDI,07:48 a. m.,7800,8600,09/07/2025
ML,1,150,JAMUNDI,07:50 a. m.,8000,9000,09/07/2025
ML,1,85,JAMUNDI,07:52 a. m.,6000,10000,09/07/2025
ML,1,115,JAMUNDI,07:51 a. m.,5000,8000,09/07/2025
ML,1,95,EL DOVIO,07:54 a. m.,8000,11000,09/07/2025
ML,2,132,EL DOVIO,07:53 a. m.,9500,9750,09/07/2025
VH,1,295,TORO,07:57 a. m.,5000,6500,09/07/2025
VH,1,265,TORO,07:59 a. m.,7000,7750,09/07/2025
ML,1,125,TORO,07:58 a. m.,7000,8000,09/07/2025
VH,1,305,TORO,08:00 a. m.,4000,5000,09/07/2025
ML,3,225,TORO,07:55 a. m.,8000,8500,09/07/2025
VH,5,376,PLANETA RICA,08:04 a. m.,6400,7500,09/07/2025
VH,3,377,PLANETA RICA,08:05 a. m.,6800,7100,09/07/2025
VH,5,316,PLANETA RICA,08:06 a. m.,7800,8100,09/07/2025
VH,1,390,PLANETA RICA,08:07 a. m.,5500,7500,09/07/2025
HL,3,148,PLANETA RICA,08:11 a. m.,9000,9500,09/07/2025
HL,3,100,PLANETA RICA,08:11 a. m.,9500,12000,09/07/2025
ML,4,71,PLANETA RICA,08:12 a. m.,7000,10500,09/07/2025
HL,5,56,PLANETA RICA,08:14 a. m.,10000,14000,09/07/2025
ML,3,53,PLANETA RICA,08:15 a. m.,6000,10000,09/07/2025
ML,1,200,PLANETA RICA,08:18 a. m.,3000,4000,09/07/2025
ML,1,120,PLANETA RICA,08:18 a. m.,4000,7500,09/07/2025
HL,1,100,PLANETA RICA,08:18 a. m.,4000,7500,09/07/2025
MC,1,255,PLANETA RICA,08:20 a. m.,8000,8600,09/07/2025
ML,1,140,TORO,08:21 a. m.,10000,11250,09/07/2025
ML,4,96,TORO,08:24 a. m.,6000,7500,09/07/2025
HL,1,125,TORO,08:25 a. m.,8500,10000,09/07/2025
HL,3,60,TORO,08:26 a. m.,10000,15000,09/07/2025
ML,3,63,TORO,08:27 a. m.,5000,7500,09/07/2025
ML,1,80,TORO,08:28 a. m.,9000,11000,09/07/2025
ML,2,95,TORO,08:29 a. m.,7000,9250,09/07/2025
HL,1,155,VIRGINIA,08:39 a. m.,9000,9500,09/07/2025
ML,1,185,VIRGINIA,08:33 a. m.,5000,8500,09/07/2025
HL,1,95,VIRGINIA,08:31 a. m.,9000,12000,09/07/2025
ML,1,120,VIRGINIA,08:39 a. m.,9000,11000,09/07/2025
TR,1,400,VIRGINIA,08:35 a. m.,8000,9200,09/07/2025
VH,1,530,ROLDANILLO,08:39 a. m.,7000,7800,09/07/2025
HV,1,340,ROLDANILLO,08:41 a. m.,7000,7500,09/07/2025
TO,1,630,ROLDANILLO,08:42 a. m.,8400,9300,09/07/2025
HL,3,175,TULUA,08:43 a. m.,5000,7500,09/07/2025
ML,1,235,TULUA,08:44 a. m.,4500,6500,09/07/2025
HL,1,215,MONTERIA,08:47 a. m.,5000,6500,09/07/2025
HL,1,145,MONTERIA,08:51 a. m.,8000,12000,09/07/2025
VI,1,240,MONTERIA,08:49 a. m.,3000,6500,09/07/2025
HL,1,100,MONTERIA,08:45 a. m.,12000,15000,09/07/2025
HL,3,143,MONTERIA,08:51 a. m.,9000,11250,09/07/2025
HL,2,168,MONTERIA,08:53 a. m.,7500,9000,09/07/2025
ML,2,188,MONTERIA,08:54 a. m.,9000,9500,09/07/2025
HL,2,170,MONTERIA,08:59 a. m.,6000,8500,09/07/2025
ML,8,187,MONTERIA,08:59 a. m.,8400,9100,09/07/2025
VH,1,305,SEVILLA,09:03 a. m.,6600,7200,09/07/2025
HL,1,185,SEVILLA,09:05 a. m.,7500,7750,09/07/2025
VH,1,330,SEVILLA,09:07 a. m.,7000,7600,09/07/2025
ML,3,148,MONTERIA,09:05 a. m.,4000,5000,09/07/2025
VP,1,320,SEVILLA,09:08 a. m.,7000,8000,09/07/2025
VI,1,450,SEVILLA,09:10 a. m.,4000,5750,09/07/2025
VH,1,390,SAN PEDRO,09:10 a. m.,5000,6500,09/07/2025
VH,1,395,SAN PEDRO,09:11 a. m.,5400,7000,09/07/2025
VH,1,435,SAN PEDRO,09:13 a. m.,5400,5800,09/07/2025
HL,1,210,SAN PEDRO,09:12 a. m.,4000,6250,09/07/2025
MC,1,260,SAN PEDRO,09:14 a. m.,7600,8200,09/07/2025
HV,1,340,SAN PEDRO,09:15 a. m.,6500,7500,09/07/2025
ML,6,146,SAN PEDRO,09:16 a. m.,6000,7250,09/07/2025
HL,1,175,BUGALAGRANDE,09:18 a. m.,8000,8500,09/07/2025
ML,2,132,SAN PEDRO,09:21 a. m.,7500,9250,09/07/2025
HL,3,123,BUGALAGRANDE,09:22 a. m.,10000,10000,09/07/2025
ML,2,140,BUGALAGRANDE,09:24 a. m.,10000,10000,09/07/2025
ML,1,130,BUGALAGRANDE,09:26 a. m.,10000,12250,09/07/2025
HL,2,90,BUGALAGRANDE,09:27 a. m.,10000,13500,09/07/2025
TR,2,290,TORO,09:29 a. m.,8000,8700,09/07/2025
HV,6,278,TORO,09:34 a. m.,8000,8300,09/07/2025
HV,4,280,TORO,09:35 a. m.,8000,8550,09/07/2025
HL,1,135,SAN PEDRO,09:43 a. m.,9000,10000,09/07/2025
HL,1,135,SAN PEDRO,09:42 a. m.,10000,13000,09/07/2025
HL,1,80,SAN PEDRO,09:46 a. m.,10000,12000,09/07/2025
HL,1,65,SAN PEDRO,09:46 a. m.,12000,13000,09/07/2025
ML,2,128,SAN PEDRO,09:37 a. m.,9500,10500,09/07/2025
VH,1,345,SAN PEDRO,09:47 a. m.,6000,6400,09/07/2025
HL,1,145,SAN PEDRO,09:48 a. m.,10000,11000,09/07/2025
VH,2,365,SAN PEDRO,09:49 a. m.,7600,8050,09/07/2025
VH,2,268,SAN PEDRO,09:50 a. m.,7600,8200,09/07/2025
ML,2,70,SAN PEDRO,09:51 a. m.,4000,9000,09/07/2025
VP,1,365,EL DOVIO,09:56 a. m.,5500,7000,09/07/2025
HV,1,335,EL DOVIO,09:57 a. m.,6400,7300,09/07/2025
HL,4,229,GENOVA,09:57 a. m.,8000,8800,09/07/2025
HL,1,215,GENOVA,10:02 a. m.,8500,11000,09/07/2025
HL,1,195,GENOVA,10:02 a. m.,7500,7750,09/07/2025
HL,1,210,BUGALAGRANDE,10:05 a. m.,4500,4500,09/07/2025
HL,1,225,BUGALAGRANDE,10:06 a. m.,8000,8500,09/07/2025
HV,1,280,BUGALAGRANDE,10:07 a. m.,7500,7500,09/07/2025
HL,1,195,BUGALAGRANDE,10:09 a. m.,4500,4750,09/07/2025
HL,1,40,BUGALAGRANDE,10:07 a. m.,6000,16000,09/07/2025
HL,6,189,GENOVA,10:10 a. m.,8400,8600,09/07/2025
HV,3,333,TORO,10:11 a. m.,6600,7200,09/07/2025
HL,4,154,SEVILLA,10:14 a. m.,8600,9000,09/07/2025
HV,5,343,TORO,10:12 a. m.,7200,7800,09/07/2025
HL,2,232,SEVILLA,10:16 a. m.,7600,7600,09/07/2025
HL,2,225,SEVILLA,10:18 a. m.,7600,8200,09/07/2025
ML,1,250,SEVILLA,10:19 a. m.,4500,6500,09/07/2025
HL,1,215,SEVILLA,10:23 a. m.,6500,6500,09/07/2025
HV,1,275,SEVILLA,10:23 a. m.,7000,7600,09/07/2025
VH,1,365,LA UNION,10:23 a. m.,5500,6500,09/07/2025
VH,1,445,LA UNION,10:26 a. m.,5000,6500,09/07/2025
VI,1,465,LA UNION,10:26 a. m.,4000,5250,09/07/2025
VI,1,455,OBANDO,10:28 a. m.,4000,4000,09/07/2025
TO,1,615,OBANDO,10:31 a. m.,7600,8000,09/07/2025
VH,1,440,OBANDO,10:32 a. m.,7000,9000,09/07/2025
HV,2,295,OBANDO,10:33 a. m.,6800,7800,09/07/2025
HV,4,304,OBANDO,10:35 a. m.,8000,8100,09/07/2025
HV,1,255,JAMUNDI,10:38 a. m.,8000,10250,09/07/2025
HV,1,280,JAMUNDI,10:43 a. m.,7500,8500,09/07/2025
HV,1,360,JAMUNDI,10:44 a. m.,7500,10000,09/07/2025
HL,1,160,JAMUNDI,10:46 a. m.,8000,9500,09/07/2025
HL,2,202,JAMUNDI,10:46 a. m.,7400,8400,09/07/2025
VH,1,385,ROLDANILLO,10:50 a. m.,5000,5750,09/07/2025
VI,1,265,ROLDANILLO,10:53 a. m.,5000,5000,09/07/2025
ML,1,140,ROLDANILLO,10:54 a. m.,9000,9750,09/07/2025
VH,1,395,ROLDANILLO,10:55 a. m.,6500,7250,09/07/2025
HL,1,120,ROLDANILLO,10:56 a. m.,10000,11000,09/07/2025
ML,1,195,ROLDANILLO,10:58 a. m.,8800,8800,09/07/2025
TR,1,345,LA PRIMAVERA,10:59 a. m.,7000,7250,09/07/2025
ML,1,210,LA PRIMAVERA,11:01 a. m.,7800,8600,09/07/2025
ML,1,195,LA PRIMAVERA,11:01 a. m.,7000,8250,09/07/2025
HV,3,248,JAMUNDI,10:47 a. m.,6500,8000,09/07/2025
HV,7,261,LA UNION,11:02 a. m.,8000,8500,09/07/2025
HV,1,410,EL DOVIO,11:06 a. m.,6000,7500,09/07/2025
VI,1,425,EL DOVIO,11:08 a. m.,4500,6750,09/07/2025
VI,1,420,EL DOVIO,11:10 a. m.,4500,5750,09/07/2025
VH,1,505,EL DOVIO,11:11 a. m.,6000,6500,09/07/2025
VH,1,470,EL DOVIO,11:12 a. m.,7000,9000,09/07/2025
VH,1,465,EL DOVIO,11:12 a. m.,6500,8000,09/07/2025
VH,1,385,EL DOVIO,11:13 a. m.,6000,6500,09/07/2025
HL,7,215,LA UNION,11:04 a. m.,7000,8150,09/07/2025
ML,1,190,CARTAGO,11:17 a. m.,5500,6500,09/07/2025
HV,1,350,CARTAGO,11:14 a. m.,7600,8300,09/07/2025
VI,1,370,CARTAGO,11:17 a. m.,4000,4750,09/07/2025
VH,1,405,CARTAGO,11:18 a. m.,4000,4000,09/07/2025
VI,1,325,CARTAGO,11:20 a. m.,2000,4000,09/07/2025
HV,1,320,OBANDO,11:41 a. m.,8000,8000,09/07/2025
VH,1,310,VERSALLES,11:23 a. m.,7000,7750,09/07/2025
HV,1,405,VERSALLES,11:21 a. m.,8400,8600,09/07/2025
ML,1,105,VERSALLES,11:23 a. m.,10000,11000,09/07/2025
ML,1,90,VERSALLES,11:23 a. m.,9000,13000,09/07/2025
ML,1,85,VERSALLES,11:27 a. m.,8000,10000,09/07/2025
ML,1,70,VERSALLES,11:34 a. m.,8000,11500,09/07/2025
ML,1,85,VERSALLES,11:25 a. m.,8000,11500,09/07/2025
HV,5,319,VERSALLES,11:26 a. m.,7800,8200,09/07/2025
HV,1,310,EL DOVIO,11:28 a. m.,7600,7800,09/07/2025
HV,2,318,EL DOVIO,11:35 a. m.,8000,8350,09/07/2025
HV,1,270,EL DOVIO,11:37 a. m.,5000,5750,09/07/2025
HV,1,250,EL DOVIO,11:36 a. m.,7000,7500,09/07/2025
HV,1,265,EL DOVIO,11:38 a. m.,4500,6500,09/07/2025
HL,1,160,EL DOVIO,11:38 a. m.,5000,5750,09/07/2025
HV,1,340,EL DOVIO,11:39 a. m.,4000,7000,09/07/2025
HV,1,295,OBANDO,11:40 a. m.,7600,7600,09/07/2025
VH,1,350,OBANDO,11:42 a. m.,6000,7500,09/07/2025
VH,1,385,OBANDO,11:44 a. m.,6000,7500,09/07/2025
VH,1,350,OBANDO,11:45 a. m.,6800,7850,09/07/2025
HV,1,270,JAMUNDI,11:46 a. m.,5500,7500,09/07/2025
HL,5,162,JAMUNDI,11:48 a. m.,8400,9100,09/07/2025
MC,1,260,JAMUNDI,11:49 a. m.,7000,8000,09/07/2025
HL,8,192,JAMUNDI,11:50 a. m.,8400,8400,09/07/2025
ML,5,136,JAMUNDI,11:51 a. m.,8000,10000,09/07/2025
HL,1,165,JAMUNDI,11:54 a. m.,4000,6000,09/07/2025
HL,1,135,JAMUNDI,11:55 a. m.,8000,11000,09/07/2025
HL,1,90,JAMUNDI,11:59 a. m.,8000,10000,09/07/2025
HL,1,90,JAMUNDI,11:57 a. m.,9000,10000,09/07/2025
HL,1,125,JAMUNDI,12:01 p. m.,8000,9000,09/07/2025
HL,1,95,JAMUNDI,12:00 p. m.,9000,11000,09/07/2025
HL,1,105,JAMUNDI,12:01 p. m.,8500,11500,09/07/2025
HL,1,95,JAMUNDI,12:02 p. m.,10000,12500,09/07/2025
HL,1,90,JAMUNDI,12:05 p. m.,9000,10000,09/07/2025
HL,1,165,JAMUNDI,12:04 p. m.,7000,8500,09/07/2025
HL,1,95,JAMUNDI,12:04 p. m.,8000,10000,09/07/2025
HL,1,180,JAMUNDI,12:07 p. m.,6000,7500,09/07/2025
HL,1,80,JAMUNDI,12:06 p. m.,4000,17000,09/07/2025
HL,1,160,JAMUNDI,12:08 p. m.,7000,8000,09/07/2025
HL,1,125,JAMUNDI,12:09 p. m.,8500,9500,09/07/2025
HL,1,210,JAMUNDI,12:08 p. m.,7600,8200,09/07/2025
HL,2,138,JAMUNDI,12:10 p. m.,8000,8500,09/07/2025
HL,4,179,JAMUNDI,12:10 p. m.,7800,8200,09/07/2025
HL,3,212,TULUA,12:12 p. m.,7000,8100,09/07/2025
HL,3,150,TULUA,12:14 p. m.,8000,9000,09/07/2025
HL,1,185,TULUA,12:15 p. m.,8000,8000,09/07/2025
ML,1,130,TULUA,12:17 p. m.,6000,10000,09/07/2025
HL,6,194,TULUA,12:18 p. m.,9000,9100,09/07/2025
HV,4,378,DARIEN,12:18 p. m.,7800,8550,09/07/2025
HL,5,74,PLANETA RICA,12:24 p. m.,9000,13500,09/07/2025
HL,1,110,PLANETA RICA,12:28 p. m.,9000,10000,09/07/2025
HL,1,90,PLANETA RICA,12:30 p. m.,9000,10000,09/07/2025
ML,1,90,PLANETA RICA,12:31 p. m.,9000,12000,09/07/2025
ML,1,100,PLANETA RICA,12:29 p. m.,3000,5000,09/07/2025
HL,6,98,PLANETA RICA,12:32 p. m.,10000,10500,09/07/2025
ML,10,132,PLANETA RICA,12:38 p. m.,10000,11750,09/07/2025
HL,5,117,PLANETA RICA,12:43 p. m.,10000,11250,09/07/2025
TR,2,238,PLANETA RICA,12:47 p. m.,8000,8700,09/07/2025
HL,4,201,PLANETA RICA,12:48 p. m.,7000,8250,09/07/2025
VI,2,260,PLANETA RICA,12:50 p. m.,3500,5500,09/07/2025
VH,5,300,PLANETA RICA,12:51 p. m.,6800,7800,09/07/2025
ML,3,93,BUGALAGRANDE,12:57 p. m.,9000,11500,09/07/2025
ML,4,160,BUGALAGRANDE,12:58 p. m.,8000,9400,09/07/2025
HV,2,235,SEVILLA,01:06 p. m.,7000,7800,09/07/2025
HV,4,252,SEVILLA,01:08 p. m.,7800,8200,09/07/2025
HL,4,122,BUGALAGRANDE,01:02 p. m.,9000,9000,09/07/2025
HL,2,175,BUGALAGRANDE,01:04 p. m.,8000,10500,09/07/2025
HL,1,125,BUGALAGRANDE,01:06 p. m.,10000,12000,09/07/2025
ML,1,25,ROLDANILLO,01:11 p. m.,4000,6000,09/07/2025
ML,1,25,ROLDANILLO,01:13 p. m.,4000,10000,09/07/2025
HL,4,186,SEVILLA,01:16 p. m.,8500,9000,09/07/2025
ML,3,172,SEVILLA,01:10 p. m.,8600,9000,09/07/2025
HL,1,145,SEVILLA,01:16 p. m.,8000,9000,09/07/2025
HL,1,80,SEVILLA,01:38 p. m.,10000,14500,09/07/2025
HL,1,220,SEVILLA,01:22 p. m.,5500,7500,09/07/2025
ML,1,175,SEVILLA,01:24 p. m.,6000,7500,09/07/2025
ML,1,35,BOLIVAR,01:28 p. m.,4000,10000,09/07/2025
ML,1,35,BOLIVAR,01:31 p. m.,4000,6000,09/07/2025
ML,1,45,BOLIVAR,01:29 p. m.,6000,10000,09/07/2025
ML,1,85,BOLIVAR,01:33 p. m.,6000,9000,09/07/2025
ML,1,185,BOLIVAR,01:31 p. m.,6000,7750,09/07/2025
ML,1,130,BOLIVAR,01:33 p. m.,6000,8000,09/07/2025
HV,1,250,SEVILLA,01:17 p. m.,6500,7500,09/07/2025
VP,1,370,BOLIVAR,01:39 p. m.,4000,4500,09/07/2025
VP,1,370,BOLIVAR,01:38 p. m.,5000,6000,09/07/2025
VH,1,300,BOLIVAR,01:40 p. m.,5500,5500,09/07/2025
VI,1,380,BOLIVAR,01:40 p. m.,4500,6000,09/07/2025
VH,1,280,BOLIVAR,01:41 p. m.,5500,6000,09/07/2025
VI,1,335,BOLIVAR,01:41 p. m.,4500,7000,09/07/2025
ML,4,131,BOLIVAR,01:42 p. m.,10000,11750,09/07/2025
ML,2,178,SEVILLA,01:45 p. m.,8000,9000,09/07/2025
HV,4,256,SEVILLA,01:46 p. m.,7600,7800,09/07/2025
TR,1,275,SEVILLA,01:48 p. m.,8000,8600,09/07/2025
ML,1,45,SEVILLA,01:51 p. m.,2000,5000,09/07/2025
HV,1,250,SEVILLA,01:50 p. m.,7000,7500,09/07/2025
ML,1,140,SEVILLA,01:50 p. m.,8500,10000,09/07/2025
HL,1,135,SEVILLA,01:49 p. m.,4000,6000,09/07/2025
TR,1,355,ZARZAL,01:58 p. m.,8000,8600,09/07/2025
TR,1,350,ZARZAL,01:59 p. m.,8000,8400,09/07/2025
HV,1,295,YOTOCO,02:00 p. m.,8000,9000,09/07/2025
ML,2,142,SEVILLA,01:52 p. m.,9500,10250,09/07/2025
HL,2,155,SEVILLA,01:53 p. m.,8000,9250,09/07/2025
HL,3,130,SAN PEDRO,02:01 p. m.,8000,9500,09/07/2025
HL,1,90,SAN PEDRO,02:06 p. m.,8500,11500,09/07/2025
HL,1,95,SAN PEDRO,02:05 p. m.,7500,10500,09/07/2025
HL,1,110,SAN PEDRO,02:03 p. m.,9000,11500,09/07/2025
HL,3,112,CARTAGO,02:07 p. m.,12000,12000,09/07/2025
ML,12,105,CARTAGO,02:09 p. m.,9000,10000,09/07/2025
HL,2,165,CARTAGO,02:11 p. m.,8000,8750,09/07/2025
ML,9,130,CARTAGO,02:13 p. m.,9000,9750,09/07/2025
HL,2,95,CARTAGO,02:17 p. m.,9000,10500,09/07/2025
HL,1,185,CARTAGO,02:22 p. m.,4500,6500,09/07/2025
HL,3,248,EL DOVIO,02:23 p. m.,7400,7800,09/07/2025
HV,2,295,EL DOVIO,02:24 p. m.,7800,8000,09/07/2025
HV,7,285,EL DOVIO,02:25 p. m.,8000,8250,09/07/2025
HL,1,85,CARTAGO,02:20 p. m.,7000,9000,09/07/2025
HL,7,169,PLANETA RICA,02:31 p. m.,8400,8600,09/07/2025
ML,6,213,PLANETA RICA,02:32 p. m.,9000,9500,09/07/2025
HL,4,119,PLANETA RICA,02:35 p. m.,9000,9750,09/07/2025
HL,5,170,PLANETA RICA,02:37 p. m.,8600,8800,09/07/2025
VI,1,315,YOTOCO,02:37 p. m.,5000,6000,09/07/2025
HV,1,285,YOTOCO,02:39 p. m.,4000,5000,09/07/2025
ML,1,115,YOTOCO,02:40 p. m.,10000,14500,09/07/2025
VI,1,290,YOTOCO,02:41 p. m.,2000,2500,09/07/2025
ML,1,165,YOTOCO,02:42 p. m.,7000,9500,09/07/2025
ML,4,111,PATIA,02:44 p. m.,9000,10500,09/07/2025
ML,4,86,PATIA,02:46 p. m.,10000,12000,09/07/2025
ML,12,111,PATIA,02:48 p. m.,11000,13250,09/07/2025
HL,5,111,PATIA,02:56 p. m.,10000,10750,09/07/2025
HL,6,94,PATIA,02:57 p. m.,9000,12000,09/07/2025
HL,7,122,PATIA,02:58 p. m.,9500,11000,09/07/2025
VH,4,404,TEBAIDA,03:05 p. m.,7400,8050,09/07/2025
HV,1,290,TEBAIDA,03:00 p. m.,7600,8150,09/07/2025
VH,1,310,TEBAIDA,03:03 p. m.,6600,7600,09/07/2025
HV,6,246,TEBAIDA,03:58 p. m.,7600,8350,09/07/2025
HV,4,244,TEBAIDA,03:58 p. m.,7600,7900,09/07/2025
VH,5,479,SEVILLA,04:08 p. m.,8600,8600,09/07/2025
VH,6,479,SEVILLA,04:09 p. m.,8600,8600,09/07/2025
VH,4,479,SEVILLA,04:09 p. m.,8600,8600,09/07/2025
VH,6,451,SEVILLA,04:10 p. m.,8600,8600,09/07/2025
VH,6,451,SEVILLA,04:11 p. m.,8600,8600,09/07/2025
VH,3,451,SEVILLA,04:12 p. m.,8600,8600,09/07/2025
HV,1,280,FLORIDA,06:17 a. m.,7000,11250,13/08/2025
HV,2,288,FLORIDA,06:19 a. m.,7800,8400,13/08/2025
HV,1,345,FLORIDA,06:20 a. m.,7500,8750,13/08/2025
HV,7,261,FLORIDA,06:31 a. m.,7000,8100,13/08/2025
HV,6,312,FLORIDA,06:43 a. m.,7600,8300,13/08/2025
HL,7,243,FLORIDA,06:44 a. m.,8000,8600,13/08/2025
HL,6,221,FLORIDA,06:49 a. m.,8000,8800,13/08/2025
HV,7,296,FLORIDA,06:50 a. m.,8000,9600,13/08/2025
VH,1,390,ZARZAL,06:52 a. m.,7500,8500,13/08/2025
VH,1,360,ZARZAL,06:58 a. m.,6000,6750,13/08/2025
HL,1,60,CAQUETA,06:58 a. m.,8000,9000,13/08/2025
VH,1,320,CAQUETA,07:00 a. m.,6750,7250,13/08/2025
HL,1,180,CAQUETA,07:06 a. m.,7800,8000,13/08/2025
ML,1,115,CAQUETA,07:02 a. m.,10000,11250,13/08/2025
HL,1,130,FLORIDA,06:51 a. m.,9000,10500,13/08/2025
HV,4,270,ZARZAL,07:08 a. m.,7600,8200,13/08/2025
HL,1,130,CAQUETA,07:04 a. m.,4000,6000,13/08/2025
HV,2,308,ZARZAL,07:10 a. m.,7600,8500,13/08/2025
HV,2,268,ZARZAL,07:11 a. m.,7400,7800,13/08/2025
VH,1,330,ZARZAL,07:16 a. m.,6750,7800,13/08/2025
HV,1,330,ZARZAL,07:17 a. m.,7000,8000,13/08/2025
HV,1,320,ZARZAL,07:18 a. m.,7250,8250,13/08/2025
TR,1,285,LA UNION,07:19 a. m.,8500,9100,13/08/2025
HL,1,235,LA UNION,07:20 a. m.,8250,8600,13/08/2025
ML,1,230,LA UNION,07:22 a. m.,8500,9750,13/08/2025
ML,1,205,LA UNION,07:23 a. m.,8750,9500,13/08/2025
HV,1,280,LA UNION,07:21 a. m.,7500,8000,13/08/2025
HL,1,205,LA UNION,07:24 a. m.,6000,8000,13/08/2025
ML,1,160,LA UNION,07:26 a. m.,8750,10600,13/08/2025
HV,1,320,ROLDANILLO,07:34 a. m.,8000,8400,13/08/2025
HV,1,285,ZARZAL,07:34 a. m.,7000,7750,13/08/2025
HV,6,296,BUGALAGRANDE,07:34 a. m.,8200,9000,13/08/2025
HL,1,225,BUGALAGRANDE,07:36 a. m.,7750,7750,13/08/2025
HL,1,245,BUGALAGRANDE,07:36 a. m.,7000,7500,13/08/2025
HV,1,260,BUGALAGRANDE,07:38 a. m.,6000,6750,13/08/2025
HV,1,270,BUGALAGRANDE,07:37 a. m.,7250,8000,13/08/2025
HL,6,158,BUGALAGRANDE,07:38 a. m.,8500,8900,13/08/2025
HL,6,194,BUGALAGRANDE,07:39 a. m.,7800,8700,13/08/2025
HL,3,193,BUGALAGRANDE,07:40 a. m.,7000,7750,13/08/2025
HV,4,251,BUGALAGRANDE,07:43 a. m.,7000,7800,13/08/2025
HV,3,255,BUGALAGRANDE,07:44 a. m.,7600,8500,13/08/2025
HV,2,285,BUGALAGRANDE,07:46 a. m.,7000,7800,13/08/2025
HV,1,275,BUGALAGRANDE,07:46 a. m.,6750,7000,13/08/2025
HV,7,294,BUGALAGRANDE,07:47 a. m.,8000,8600,13/08/2025
HV,2,270,BUGALAGRANDE,07:49 a. m.,7500,8200,13/08/2025
HV,3,297,BUGALAGRANDE,07:47 a. m.,7400,7800,13/08/2025
VH,9,296,BUGALAGRANDE,07:56 a. m.,7200,7900,13/08/2025
VI,1,370,BUGALAGRANDE,07:51 a. m.,3500,3500,13/08/2025
VI,1,310,BUGALAGRANDE,07:56 a. m.,4000,5000,13/08/2025
ML,5,90,BUGALAGRANDE,07:58 a. m.,9000,11000,13/08/2025
ML,1,120,BUGALAGRANDE,08:03 a. m.,6000,7500,13/08/2025
ML,1,115,BUGALAGRANDE,08:01 a. m.,9000,9500,13/08/2025
ML,1,90,BUGALAGRANDE,08:02 a. m.,6000,8000,13/08/2025
HL,1,140,BUGALAGRANDE,08:06 a. m.,4000,7250,13/08/2025
HL,2,102,BUGALAGRANDE,08:08 a. m.,8500,9500,13/08/2025
ML,9,128,PLANETA RICA,08:08 a. m.,10500,13000,13/08/2025
ML,3,87,PLANETA RICA,08:12 a. m.,8000,10250,13/08/2025
ML,5,132,PLANETA RICA,08:13 a. m.,10000,11250,13/08/2025
ML,4,118,PLANETA RICA,08:16 a. m.,8000,11000,13/08/2025
ML,6,166,PLANETA RICA,08:19 a. m.,9000,9900,13/08/2025
HL,3,188,PLANETA RICA,08:21 a. m.,7000,7250,13/08/2025
HL,1,205,PLANETA RICA,08:22 a. m.,7000,7750,13/08/2025
ML,1,165,PLANETA RICA,08:23 a. m.,9500,10000,13/08/2025
HL,1,90,PLANETA RICA,08:24 a. m.,9000,11000,13/08/2025
HV,2,252,PLANETA RICA,08:25 a. m.,7000,7900,13/08/2025
ML,1,115,MONTERIA,08:40 a. m.,11000,12250,13/08/2025
HL,1,190,MONTERIA,08:41 a. m.,7500,9500,13/08/2025
ML,1,150,MONTERIA,08:41 a. m.,10000,10250,13/08/2025
ML,1,115,MONTERIA,08:37 a. m.,10000,11000,13/08/2025
TR,1,345,PLANETA RICA,08:46 a. m.,8000,9200,13/08/2025
TR,1,260,PLANETA RICA,08:46 a. m.,8000,8250,13/08/2025
ML,1,235,PLANETA RICA,08:47 a. m.,7000,10500,13/08/2025
ML,1,195,PLANETA RICA,08:48 a. m.,7000,9250,13/08/2025
HL,1,220,PLANETA RICA,08:48 a. m.,8000,8500,13/08/2025
VH,1,375,PLANETA RICA,08:52 a. m.,7250,8500,13/08/2025
ML,8,138,MONTERIA,08:42 a. m.,9000,10750,13/08/2025
ML,1,205,PLANETA RICA,08:52 a. m.,8000,9500,13/08/2025
TR,1,315,PLANETA RICA,08:54 a. m.,6000,7500,13/08/2025
HV,2,330,PLANETA RICA,08:55 a. m.,7600,8200,13/08/2025
MC,1,280,PLANETA RICA,08:55 a. m.,8250,9400,13/08/2025
HL,6,198,CAUCASIA,08:58 a. m.,8000,9050,13/08/2025
ML,5,167,PLANETA RICA,08:56 a. m.,6500,7250,13/08/2025
HL,3,200,CAUCASIA,09:01 a. m.,8000,9250,13/08/2025
HL,4,189,CAUCASIA,09:02 a. m.,8000,8000,13/08/2025
HL,4,155,CAUCASIA,09:04 a. m.,9000,9400,13/08/2025
VH,1,500,BUGALAGRANDE,09:07 a. m.,7000,8750,13/08/2025
HV,1,390,BUGALAGRANDE,09:09 a. m.,8000,9000,13/08/2025
HL,7,201,BUGALAGRANDE,09:09 a. m.,8400,9300,13/08/2025
HL,4,244,BUGALAGRANDE,09:10 a. m.,7750,8200,13/08/2025
HL,1,215,BUGALAGRANDE,09:12 a. m.,5000,6500,13/08/2025
HL,4,226,BUGALAGRANDE,09:12 a. m.,8000,8600,13/08/2025
VH,1,415,LA VEGA,09:14 a. m.,4000,4500,13/08/2025
HL,1,115,LA VEGA,09:13 a. m.,9000,11000,13/08/2025
ML,1,90,LA VEGA,09:15 a. m.,10000,11750,13/08/2025
TR,1,330,LA UNION,09:16 a. m.,8500,9500,13/08/2025
ML,1,180,LA UNION,09:22 a. m.,7000,7000,13/08/2025
ML,1,105,ZARZAL,09:17 a. m.,7500,10250,13/08/2025
ML,1,130,LA UNION,09:19 a. m.,8500,10750,13/08/2025
ML,1,175,LA UNION,09:21 a. m.,6000,6750,13/08/2025
ML,1,125,LA UNION,09:20 a. m.,10000,11000,13/08/2025
HL,4,78,BUGALAGRANDE,09:23 a. m.,10000,11000,13/08/2025
ML,7,147,BUGALAGRANDE,09:29 a. m.,8000,8500,13/08/2025
HL,2,90,BUGALAGRANDE,09:32 a. m.,9000,11000,13/08/2025
HL,2,190,BUGALAGRANDE,09:33 a. m.,7750,7750,13/08/2025
HL,1,145,BUGALAGRANDE,09:33 a. m.,9000,9750,13/08/2025
HL,3,178,BUGALAGRANDE,09:35 a. m.,9000,10500,13/08/2025
ML,3,95,BUGALAGRANDE,09:36 a. m.,10000,11000,13/08/2025
ML,1,135,BUGALAGRANDE,09:43 a. m.,12000,15000,13/08/2025
ML,1,270,BUGALAGRANDE,09:39 a. m.,8750,9750,13/08/2025
ML,1,220,BUGALAGRANDE,09:40 a. m.,8500,10250,13/08/2025
ML,1,135,BUGALAGRANDE,09:44 a. m.,11000,11500,13/08/2025
ML,1,240,BUGALAGRANDE,09:43 a. m.,9000,9500,13/08/2025
ML,1,145,BUGALAGRANDE,09:42 a. m.,11000,12000,13/08/2025
HL,1,115,BUGALAGRANDE,09:45 a. m.,12000,10000,13/08/2025
ML,1,105,BUGALAGRANDE,09:45 a. m.,10000,14000,13/08/2025
HL,1,145,BUGALAGRANDE,09:50 a. m.,9000,11500,13/08/2025
HL,1,175,BUGALAGRANDE,09:49 a. m.,9500,13500,13/08/2025
HL,1,210,BUGALAGRANDE,09:47 a. m.,8250,9500,13/08/2025
HV,2,288,TULUA,09:54 a. m.,6500,8000,13/08/2025
HV,2,290,TULUA,09:56 a. m.,7600,8200,13/08/2025
ML,1,160,BUGALAGRANDE,09:53 a. m.,10000,12000,13/08/2025
HL,1,165,BUGALAGRANDE,09:51 a. m.,9000,10500,13/08/2025
HL,1,245,BUGALAGRANDE,09:53 a. m.,8000,8750,13/08/2025
HL,1,205,BUGALAGRANDE,09:52 a. m.,8000,9250,13/08/2025
VH,1,355,TULUA,09:57 a. m.,6250,7750,13/08/2025
HL,1,210,TULUA,09:58 a. m.,5500,5500,13/08/2025
HL,2,242,TULUA,09:58 a. m.,6000,6750,13/08/2025
HV,3,257,TULUA,09:59 a. m.,7000,7500,13/08/2025
HL,4,192,SAN VICENTE,10:05 a. m.,8000,9000,13/08/2025
HL,2,145,SAN VICENTE,10:05 a. m.,8500,9000,13/08/2025
HL,2,165,SAN VICENTE,10:00 a. m.,8250,8750,13/08/2025
HV,1,315,SAN VICENTE,10:09 a. m.,7000,7900,13/08/2025
HV,1,310,SAN VICENTE,10:07 a. m.,6500,8200,13/08/2025
VH,1,295,SAN VICENTE,10:09 a. m.,6000,8300,13/08/2025
HL,1,195,SAN VICENTE,10:09 a. m.,6500,7250,13/08/2025
HL,1,170,SAN VICENTE,10:10 a. m.,6000,7750,13/08/2025
HV,1,265,SAN VICENTE,10:11 a. m.,7500,7750,13/08/2025
HL,1,235,SAN VICENTE,10:12 a. m.,6000,7000,13/08/2025
HV,1,335,SAN VICENTE,10:12 a. m.,7000,8100,13/08/2025
HL,1,195,SAN VICENTE,10:13 a. m.,8000,9750,13/08/2025
VH,4,306,SAN VICENTE,10:13 a. m.,7400,8050,13/08/2025
VH,1,320,VIJES,10:14 a. m.,2000,5500,13/08/2025
HL,1,265,VIJES,10:15 a. m.,7250,7750,13/08/2025
ML,2,135,VIJES,10:16 a. m.,8000,10500,13/08/2025
VI,1,430,VIJES,10:16 a. m.,4000,4750,13/08/2025
ML,1,60,VIJES,10:18 a. m.,4000,11000,13/08/2025
HL,2,220,TULUA,10:19 a. m.,5000,8000,13/08/2025
HV,6,253,TULUA,10:24 a. m.,7400,8600,13/08/2025
HL,6,113,PEREIRA,10:27 a. m.,8500,9500,13/08/2025
HV,3,247,TULUA,10:22 a. m.,7400,7400,13/08/2025
HL,1,185,TULUA,10:20 a. m.,7000,7750,13/08/2025
HL,3,185,TULUA,10:23 a. m.,5000,6000,13/08/2025
VP,1,375,LA VICTORIA,10:30 a. m.,5000,6900,13/08/2025
HL,4,100,PLANETA RICA,10:41 a. m.,9000,10500,13/08/2025
HV,1,225,PLANETA RICA,10:39 a. m.,3500,5000,13/08/2025
HL,1,140,PLANETA RICA,10:40 a. m.,8000,9750,13/08/2025
TR,2,245,TRUJILLO,10:34 a. m.,6000,7000,13/08/2025
HV,1,330,SEVILLA,10:47 a. m.,7500,7750,13/08/2025
VP,1,460,SEVILLA,10:49 a. m.,7500,7500,13/08/2025
ML,2,175,SEVILLA,10:50 a. m.,8500,9500,13/08/2025
TR,1,455,SEVILLA,10:43 a. m.,6750,7700,13/08/2025
HV,1,260,SEVILLA,10:47 a. m.,8000,8500,13/08/2025
HL,1,140,CAICEDONIA,10:51 a. m.,4000,5000,13/08/2025
HL,1,110,CAICEDONIA,10:53 a. m.,5000,7000,13/08/2025
HL,1,80,CAICEDONIA,10:54 a. m.,4000,5500,13/08/2025
HL,2,78,CAICEDONIA,10:55 a. m.,8000,11000,13/08/2025
HL,2,68,CAICEDONIA,10:58 a. m.,2000,10000,13/08/2025
HL,1,55,CAICEDONIA,10:57 a. m.,8000,11000,13/08/2025
HL,2,75,CAICEDONIA,10:59 a. m.,1000,5000,13/08/2025
VI,1,440,EL DOVIO,11:03 a. m.,4000,6000,13/08/2025
ML,1,230,EL DOVIO,11:05 a. m.,7000,9000,13/08/2025
MC,1,260,EL DOVIO,11:07 a. m.,6500,8250,13/08/2025
MC,1,340,EL DOVIO,11:08 a. m.,5000,6500,13/08/2025
TR,1,420,EL DOVIO,11:09 a. m.,8250,8500,13/08/2025
ML,1,200,EL DOVIO,11:11 a. m.,8500,9000,13/08/2025
ML,1,175,EL DOVIO,11:11 a. m.,8000,9000,13/08/2025
HL,1,80,CAICEDONIA,11:01 a. m.,1000,5000,13/08/2025
VI,1,485,SEVILLA,11:12 a. m.,5000,5500,13/08/2025
VH,1,490,SEVILLA,11:15 a. m.,6500,8500,13/08/2025
VH,1,455,SEVILLA,11:16 a. m.,5500,6000,13/08/2025
HL,1,100,SEVILLA,11:17 a. m.,9500,11750,13/08/2025
VH,1,460,SEVILLA,11:18 a. m.,6500,7000,13/08/2025
ML,1,95,SEVILLA,11:19 a. m.,9500,12500,13/08/2025
ML,1,55,LA UNION,11:21 a. m.,9000,16500,13/08/2025
HL,1,40,LA UNION,11:23 a. m.,9000,12000,13/08/2025
HL,1,45,LA UNION,11:24 a. m.,6000,10500,13/08/2025
VH,1,355,LA UNION,11:33 a. m.,5000,7000,13/08/2025
HL,1,110,LA UNION,11:34 a. m.,12000,13500,13/08/2025
MC,3,390,ROLDANILLO,11:35 a. m.,7400,8200,13/08/2025
MC,1,520,ROLDANILLO,11:37 a. m.,7500,7750,13/08/2025
TR,1,405,ROLDANILLO,11:38 a. m.,7500,7900,13/08/2025
MC,1,335,ROLDANILLO,11:40 a. m.,6250,7000,13/08/2025
BF,2,290,SEVILLA,11:26 a. m.,7500,8000,13/08/2025
BH,3,173,SEVILLA,11:32 a. m.,8000,9000,13/08/2025
MC,4,245,SEVILLA,11:41 a. m.,8000,9000,13/08/2025
MC,1,280,SEVILLA,11:44 a. m.,6500,8250,13/08/2025
HV,1,275,SEVILLA,11:43 a. m.,6750,7250,13/08/2025
ML,2,190,SEVILLA,11:45 a. m.,7750,9300,13/08/2025
ML,2,128,URIBE,11:46 a. m.,7000,8500,13/08/2025
ML,8,126,URIBE,11:47 a. m.,9000,9500,13/08/2025
TO,1,535,URIBE,11:49 a. m.,7750,8000,13/08/2025
HL,1,155,URIBE,11:52 a. m.,8500,9250,13/08/2025
HV,1,300,URIBE,11:53 a. m.,7000,7500,13/08/2025
TR,1,320,URIBE,11:54 a. m.,7750,8750,13/08/2025
VP,1,375,URIBE,11:56 a. m.,4500,6000,13/08/2025
HL,6,187,SAN VICENTE,11:58 a. m.,7750,8250,13/08/2025
HL,4,131,SAN VICENTE,12:03 p. m.,7000,7500,13/08/2025
HL,4,156,SAN VICENTE,12:01 p. m.,9250,9250,13/08/2025
HL,4,111,SAN VICENTE,12:04 p. m.,8500,10200,13/08/2025
HL,2,122,SAN VICENTE,12:05 p. m.,7000,8750,13/08/2025
HL,2,158,SAN VICENTE,12:07 p. m.,7500,8500,13/08/2025
HL,1,130,SAN VICENTE,12:06 p. m.,6000,9500,13/08/2025
HL,3,183,SAN VICENTE,12:08 p. m.,6000,8000,13/08/2025
HV,2,250,SAN VICENTE,12:09 p. m.,4500,6500,13/08/2025
HV,2,225,SAN VICENTE,12:10 p. m.,6000,6250,13/08/2025
MC,1,255,RESTREPO,12:10 p. m.,8250,10000,13/08/2025
ML,1,110,ZARZAL,12:12 p. m.,12500,13000,13/08/2025
ML,1,60,ZARZAL,12:16 p. m.,8000,15000,13/08/2025
HL,1,130,ZARZAL,12:17 p. m.,10000,13000,13/08/2025
ML,1,125,ZARZAL,12:14 p. m.,12000,12500,13/08/2025
HL,1,140,PEREIRA,12:22 p. m.,7000,10250,13/08/2025
ML,1,145,PEREIRA,12:20 p. m.,10000,12000,13/08/2025
ML,1,70,PEREIRA,12:21 p. m.,8000,9000,13/08/2025
HL,1,65,PEREIRA,12:21 p. m.,10000,12000,13/08/2025
HL,1,85,PEREIRA,12:23 p. m.,4000,14000,13/08/2025
ML,1,95,PEREIRA,12:22 p. m.,10000,12500,13/08/2025
HV,1,370,TULUA,12:24 p. m.,8000,8400,13/08/2025
HV,1,290,TULUA,12:25 p. m.,7250,7750,13/08/2025
ML,3,158,SAN PEDRO,12:26 p. m.,9500,10750,13/08/2025
ML,2,142,SAN PEDRO,12:27 p. m.,10000,10500,13/08/2025
VH,1,340,TRUJILLO,12:28 p. m.,5750,7800,13/08/2025
HL,1,215,TRUJILLO,12:30 p. m.,5500,7000,13/08/2025
HV,1,285,TRUJILLO,12:30 p. m.,5000,7250,13/08/2025
HV,8,202,TRUJILLO,12:31 p. m.,6750,8300,13/08/2025
VH,9,262,TRUJILLO,12:32 p. m.,6000,8100,13/08/2025
HL,1,210,LA CUMBRE,12:38 p. m.,8000,8750,13/08/2025
TR,1,435,LA CUMBRE,12:42 p. m.,8500,8500,13/08/2025
TR,1,390,LA CUMBRE,12:42 p. m.,8250,8500,13/08/2025
VH,1,415,LA CUMBRE,12:43 p. m.,6000,6500,13/08/2025
HV,1,260,LA CUMBRE,12:45 p. m.,7000,7750,13/08/2025
HL,1,225,LA CUMBRE,12:44 p. m.,7000,7500,13/08/2025
ML,1,180,LA CUMBRE,12:47 p. m.,9000,9800,13/08/2025
VH,1,390,LA CUMBRE,12:46 p. m.,7000,7000,13/08/2025
ML,2,235,VIJES,12:50 p. m.,7750,9500,13/08/2025
VP,1,315,VIJES,12:47 p. m.,5000,6000,13/08/2025
HL,3,215,VIJES,12:50 p. m.,7800,8900,13/08/2025
HL,2,188,VIJES,12:51 p. m.,7000,7000,13/08/2025
HV,1,255,VIJES,12:53 p. m.,5000,6000,13/08/2025
HV,1,375,VIJES,12:55 p. m.,7000,8000,13/08/2025
HL,1,200,VIJES,12:56 p. m.,7000,7500,13/08/2025
VH,1,425,TEBAIDA,01:46 p. m.,5750,5900,13/08/2025
ML,3,57,TEBAIDA,01:47 p. m.,8000,10500,13/08/2025
ML,2,82,TEBAIDA,01:52 p. m.,8000,10000,13/08/2025
ML,3,48,TEBAIDA,01:52 p. m.,4000,8000,13/08/2025
HL,1,65,ZARZAL,02:09 p. m.,10000,13000,13/08/2025
ML,1,60,ZARZAL,02:12 p. m.,8000,14000,13/08/2025
HL,1,50,ZARZAL,02:13 p. m.,10000,16000,13/08/2025
HL,1,55,ZARZAL,02:10 p. m.,10000,17500,13/08/2025
ML,1,50,ZARZAL,02:07 p. m.,6000,10500,13/08/2025
VH,1,435,CAICEDONIA,02:28 p. m.,6000,6000,13/08/2025
TR,1,335,CAICEDONIA,02:34 p. m.,8500,9100,13/08/2025
HL,1,105,CAICEDONIA,02:33 p. m.,8000,11000,13/08/2025
HL,5,76,CAQUETA,06:04 a. m.,10000,13000,06/08/2025
HL,2,82,CAQUETA,06:08 a. m.,9000,11000,06/08/2025
HL,4,92,CAQUETA,06:11 a. m.,9000,10500,06/08/2025
HL,4,84,CAQUETA,06:14 a. m.,9000,12000,06/08/2025
HL,5,102,CAQUETA,06:15 a. m.,9000,10000,06/08/2025
HL,4,132,CAQUETA,06:18 a. m.,8500,9250,06/08/2025
HL,1,140,CAQUETA,06:20 a. m.,8000,10000,06/08/2025
HL,1,180,CAQUETA,06:22 a. m.,8000,8750,06/08/2025
HL,1,85,CAQUETA,06:24 a. m.,4000,12000,06/08/2025
HL,1,85,CAQUETA,06:26 a. m.,10000,16000,06/08/2025
HL,1,160,CAQUETA,06:24 a. m.,5000,7000,06/08/2025
HL,1,70,CAQUETA,06:30 a. m.,12000,16000,06/08/2025
HL,1,150,CAQUETA,06:34 a. m.,7000,8500,06/08/2025
HL,1,175,CAQUETA,06:25 a. m.,5000,9000,06/08/2025
HL,1,245,CAQUETA,06:27 a. m.,7000,7400,06/08/2025
HL,1,225,CAQUETA,06:39 a. m.,6000,7500,06/08/2025
HV,1,285,CAQUETA,06:42 a. m.,6000,7000,06/08/2025
VH,1,325,CAQUETA,06:41 a. m.,6800,7400,06/08/2025
HV,2,252,CAQUETA,06:43 a. m.,4500,6500,06/08/2025
HL,1,180,CAQUETA,06:47 a. m.,7000,8000,06/08/2025
HL,1,195,CAQUETA,06:48 a. m.,7500,8500,06/08/2025
HL,1,95,CAQUETA,06:46 a. m.,12000,16000,06/08/2025
HL,1,80,CAQUETA,06:51 a. m.,2000,12000,06/08/2025
HL,1,155,CAQUETA,06:49 a. m.,5000,6500,06/08/2025
HL,1,115,CAQUETA,06:50 a. m.,5000,8500,06/08/2025
HV,2,310,CAQUETA,06:44 a. m.,7000,7600,06/08/2025
HL,1,90,CAQUETA,06:55 a. m.,8000,11000,06/08/2025
HL,1,170,CAQUETA,06:52 a. m.,7000,8000,06/08/2025
HL,1,205,CAQUETA,06:54 a. m.,7000,7500,06/08/2025
HL,2,132,CAQUETA,06:56 a. m.,9000,9500,06/08/2025
HL,3,177,CAQUETA,06:58 a. m.,8000,9000,06/08/2025
HV,1,455,ZARZAL,06:59 a. m.,8000,8600,06/08/2025
ML,2,228,TORO,07:05 a. m.,4500,6500,06/08/2025
ML,1,180,TORO,07:06 a. m.,3000,6000,06/08/2025
VP,1,435,TRUJILLO,07:16 a. m.,7000,9000,06/08/2025
HL,1,185,TRUJILLO,07:18 a. m.,5000,7500,06/08/2025
HV,1,230,CAQUETA,07:21 a. m.,7000,8000,06/08/2025
VH,1,370,CAQUETA,07:25 a. m.,6600,7600,06/08/2025
VH,1,280,CAQUETA,07:25 a. m.,6400,7000,06/08/2025
HV,4,225,CAQUETA,07:27 a. m.,7000,7600,06/08/2025
HV,4,266,CAQUETA,07:27 a. m.,7600,7950,06/08/2025
HV,2,308,CAQUETA,07:28 a. m.,7000,7800,06/08/2025
HV,4,265,CAQUETA,07:30 a. m.,6400,7100,06/08/2025
HV,2,278,CAQUETA,07:31 a. m.,6000,7000,06/08/2025
HV,3,225,CAQUETA,07:32 a. m.,6600,6800,06/08/2025
HL,2,185,CAQUETA,07:33 a. m.,6000,7750,06/08/2025
HL,2,168,CAQUETA,07:34 a. m.,8000,8750,06/08/2025
HL,2,105,CAQUETA,07:35 a. m.,9000,9500,06/08/2025
HL,2,155,CAQUETA,07:36 a. m.,8500,9500,06/08/2025
HL,3,130,CAQUETA,07:36 a. m.,9000,8500,06/08/2025
HL,1,220,TULUA,07:37 a. m.,6400,8000,06/08/2025
HL,1,150,TULUA,07:45 a. m.,10000,10000,06/08/2025
HL,1,95,TULUA,07:46 a. m.,9000,10000,06/08/2025
VI,1,420,TULUA,07:49 a. m.,1000,3000,06/08/2025
HV,1,280,TULUA,07:49 a. m.,8000,12000,06/08/2025
VP,1,435,TULUA,07:49 a. m.,6000,8250,06/08/2025
HL,3,233,TULUA,07:51 a. m.,6400,7200,06/08/2025
HL,1,145,TULUA,07:54 a. m.,8000,9000,06/08/2025
HL,2,175,TULUA,07:53 a. m.,7500,9000,06/08/2025
HL,2,150,TULUA,07:55 a. m.,6500,8250,06/08/2025
HL,2,168,TULUA,07:56 a. m.,8000,9500,06/08/2025
VH,1,480,TULUA,08:10 a. m.,5500,6000,06/08/2025
VH,1,550,TULUA,08:11 a. m.,6000,8500,06/08/2025
VH,1,460,TULUA,08:12 a. m.,5500,6500,06/08/2025
VH,1,390,TULUA,07:58 a. m.,5000,9000,06/08/2025
VH,1,345,TULUA,08:10 a. m.,5500,8500,06/08/2025
HL,4,184,TULUA,07:57 a. m.,6500,8000,06/08/2025
ML,6,209,SAN JOSE,08:13 a. m.,8800,9100,06/08/2025
VH,1,365,TULUA,08:12 a. m.,6500,7500,06/08/2025
ML,1,110,SAN JOSE,08:20 a. m.,5000,10000,06/08/2025
HL,1,125,SAN JOSE,08:19 a. m.,9000,12000,06/08/2025
HL,1,105,SAN JOSE,08:18 a. m.,9000,10500,06/08/2025
HL,1,170,SAN JOSE,08:17 a. m.,8000,9000,06/08/2025
ML,2,102,SAN JOSE,08:22 a. m.,8000,10000,06/08/2025
HL,2,175,SAN JOSE,08:21 a. m.,9000,13500,06/08/2025
HL,2,98,SAN JOSE,08:23 a. m.,12000,14000,06/08/2025
HV,1,405,TULUA,08:24 a. m.,6000,7000,06/08/2025
HV,4,320,TULUA,08:26 a. m.,6800,7450,06/08/2025
HL,1,135,LA UNION,08:26 a. m.,9000,10000,06/08/2025
ML,1,170,LA UNION,08:29 a. m.,7500,9250,06/08/2025
HL,1,210,TULUA,08:30 a. m.,7000,7500,06/08/2025
HV,1,340,TULUA,08:31 a. m.,6500,7000,06/08/2025
VH,1,425,TULUA,08:32 a. m.,5500,6750,06/08/2025
VH,1,420,TULUA,08:33 a. m.,5000,7000,06/08/2025
HL,1,200,TULUA,08:34 a. m.,8000,9000,06/08/2025
HL,1,185,TULUA,08:38 a. m.,8000,10500,06/08/2025
HV,1,235,TULUA,08:37 a. m.,7400,8200,06/08/2025
HL,1,135,TULUA,08:38 a. m.,9000,10500,06/08/2025
ML,1,165,TULUA,08:39 a. m.,7000,9500,06/08/2025
HL,1,170,TULUA,08:40 a. m.,8500,9500,06/08/2025
HL,1,150,TULUA,08:42 a. m.,8500,9000,06/08/2025
HL,1,140,TULUA,08:41 a. m.,8000,10000,06/08/2025
ML,5,167,PLANETA RICA,08:42 a. m.,7000,8000,06/08/2025
ML,4,112,PLANETA RICA,08:44 a. m.,9500,10000,06/08/2025
HL,4,101,PLANETA RICA,08:46 a. m.,9000,9000,06/08/2025
HL,2,82,PLANETA RICA,08:47 a. m.,9000,12000,06/08/2025
ML,1,165,PLANETA RICA,08:49 a. m.,10000,13000,06/08/2025
ML,1,210,PLANETA RICA,08:49 a. m.,10000,11000,06/08/2025
ML,1,165,PLANETA RICA,08:51 a. m.,10000,11000,06/08/2025
ML,1,180,PLANETA RICA,08:52 a. m.,5500,8750,06/08/2025
HL,1,80,PLANETA RICA,08:54 a. m.,9000,11000,06/08/2025
HL,1,55,PLANETA RICA,08:52 a. m.,2000,8000,06/08/2025
ML,1,135,PLANETA RICA,08:53 a. m.,7000,11500,06/08/2025
ML,1,45,PLANETA RICA,08:55 a. m.,8000,8000,06/08/2025
HL,4,136,CAUCASIA,08:57 a. m.,9000,9000,06/08/2025
HV,1,335,CAUCASIA,08:59 a. m.,4000,5750,06/08/2025
ML,1,100,CAUCASIA,09:03 a. m.,2000,8000,06/08/2025
HL,1,100,CAUCASIA,09:00 a. m.,8000,10000,06/08/2025
VH,1,345,CAUCASIA,09:01 a. m.,5500,7000,06/08/2025
ML,2,68,PLANETA RICA,08:56 a. m.,8000,10000,06/08/2025
HL,1,140,CAUCASIA,09:02 a. m.,6000,9000,06/08/2025
HL,2,115,CAUCASIA,09:04 a. m.,9500,10000,06/08/2025
HL,5,133,CAUCASIA,09:04 a. m.,10000,11500,06/08/2025
VH,5,302,CAQUETA,09:05 a. m.,6600,7200,06/08/2025
HV,4,361,CAQUETA,09:18 a. m.,7600,8200,06/08/2025
HV,1,370,CAQUETA,09:21 a. m.,8600,8800,06/08/2025
HV,1,355,CAQUETA,09:22 a. m.,8000,8200,06/08/2025
HV,4,332,CAQUETA,09:23 a. m.,8000,8500,06/08/2025
HL,4,195,CAQUETA,09:24 a. m.,8200,9800,06/08/2025
HV,2,232,CAQUETA,09:29 a. m.,7800,7800,06/08/2025
ML,4,218,CAQUETA,09:30 a. m.,9600,9600,06/08/2025
ML,10,224,CAQUETA,09:36 a. m.,9000,9600,06/08/2025
ML,5,176,CAQUETA,09:38 a. m.,9000,10000,06/08/2025
HV,1,405,LA UNION,09:39 a. m.,6500,7500,06/08/2025
MC,1,335,LA UNION,09:42 a. m.,6000,6250,06/08/2025
HL,1,175,LA UNION,09:44 a. m.,8000,9000,06/08/2025
HL,2,152,ZARZAL,09:44 a. m.,6500,7250,06/08/2025
HL,1,125,ZARZAL,09:45 a. m.,9000,10000,06/08/2025
HL,2,145,ZARZAL,09:47 a. m.,8500,8750,06/08/2025
VH,1,415,SAN PEDRO,09:47 a. m.,6000,6500,06/08/2025
HV,1,450,SAN PEDRO,09:50 a. m.,7000,7400,06/08/2025
TO,1,685,SAN PEDRO,09:51 a. m.,8400,9600,06/08/2025
ML,1,130,SAN PEDRO,09:51 a. m.,9000,11000,06/08/2025
ML,1,100,SAN PEDRO,09:52 a. m.,9000,12000,06/08/2025
VP,1,290,SAN VICENTE,09:53 a. m.,7000,7500,06/08/2025
VH,1,380,SAN PEDRO,09:55 a. m.,4000,5000,06/08/2025
VI,1,505,SAN PEDRO,09:57 a. m.,4000,4000,06/08/2025
TR,1,540,TEBAIDA,09:57 a. m.,8600,8600,06/08/2025
VH,1,415,TEBAIDA,10:02 a. m.,7000,7700,06/08/2025
MC,1,250,TEBAIDA,10:03 a. m.,6000,8000,06/08/2025
VI,1,475,TULUA,10:03 a. m.,4500,4500,06/08/2025
MC,1,355,TULUA,10:07 a. m.,7400,8000,06/08/2025
TR,1,450,TULUA,10:09 a. m.,8400,8800,06/08/2025
TR,4,358,TULUA,10:09 a. m.,8000,8450,06/08/2025
TR,5,373,TULUA,10:11 a. m.,8200,8600,06/08/2025
TR,6,408,TULUA,10:12 a. m.,7600,8200,06/08/2025
TR,4,352,TULUA,10:13 a. m.,8000,8450,06/08/2025
MC,4,374,TULUA,10:15 a. m.,7600,7600,06/08/2025
VP,1,470,ROLDANILLO,10:16 a. m.,7000,8000,06/08/2025
TR,1,365,ROLDANILLO,10:20 a. m.,8500,8500,06/08/2025
HV,1,350,ROLDANILLO,10:21 a. m.,7400,7700,06/08/2025
TR,1,425,ROLDANILLO,10:19 a. m.,8000,8000,06/08/2025
HL,1,90,ROLDANILLO,10:25 a. m.,9000,11000,06/08/2025
HV,7,293,ROLDANILLO,10:21 a. m.,8000,8500,06/08/2025
VH,1,425,LA MONTAÑUELA,10:27 a. m.,7000,7750,06/08/2025
VH,1,375,LA MONTAÑUELA,10:29 a. m.,6000,7250,06/08/2025
VH,1,375,EL DOVIO,10:33 a. m.,6000,7250,06/08/2025
HV,1,360,EL DOVIO,10:38 a. m.,7400,7700,06/08/2025
ML,1,270,EL DOVIO,10:39 a. m.,8400,9000,06/08/2025
HL,1,160,EL DOVIO,10:34 a. m.,8000,12500,06/08/2025
TR,1,295,EL DOVIO,10:40 a. m.,8600,9000,06/08/2025
VH,1,505,EL DOVIO,10:40 a. m.,6000,7500,06/08/2025
HL,1,115,EL DOVIO,10:42 a. m.,9000,10000,06/08/2025
HL,1,160,EL DOVIO,10:41 a. m.,8000,9500,06/08/2025
HV,1,380,EL DOVIO,10:43 a. m.,6000,6750,06/08/2025
ML,1,180,EL DOVIO,10:44 a. m.,9000,10500,06/08/2025
ML,5,129,SAN JOSE,10:46 a. m.,10000,11000,06/08/2025
ML,1,190,BUGALAGRANDE,10:51 a. m.,7500,9250,06/08/2025
VH,1,395,BUGALAGRANDE,10:47 a. m.,6000,6500,06/08/2025
HV,1,365,BUGALAGRANDE,10:50 a. m.,7000,8000,06/08/2025
ML,1,175,BUGALAGRANDE,10:50 a. m.,7000,8750,06/08/2025
HL,1,105,BUGALAGRANDE,11:03 a. m.,8000,10000,06/08/2025
VH,1,470,BUGALAGRANDE,10:52 a. m.,5500,6250,06/08/2025
VH,1,525,BUGALAGRANDE,10:53 a. m.,7000,8500,06/08/2025
HL,1,65,BUGALAGRANDE,10:55 a. m.,10000,14000,06/08/2025
ML,1,135,BUGALAGRANDE,10:54 a. m.,4000,6000,06/08/2025
VH,1,345,TULUA,10:56 a. m.,6000,7400,06/08/2025
VH,1,340,TULUA,10:58 a. m.,6000,6500,06/08/2025
VH,1,385,TULUA,10:58 a. m.,6000,6500,06/08/2025
ML,2,118,SAN JOSE,10:46 a. m.,7000,7500,06/08/2025
HL,1,115,TULUA,11:01 a. m.,10000,12000,06/08/2025
HL,1,115,TULUA,11:04 a. m.,8000,9500,06/08/2025
HL,1,175,TULUA,11:00 a. m.,7500,8500,06/08/2025
ML,1,200,TULUA,11:04 a. m.,6500,7500,06/08/2025
ML,1,125,TULUA,11:02 a. m.,8000,10250,06/08/2025
ML,3,158,TRUJILLO,11:05 a. m.,10000,10750,06/08/2025
HL,1,105,TRUJILLO,11:08 a. m.,8000,10000,06/08/2025
ML,1,155,TRUJILLO,11:07 a. m.,8500,10250,06/08/2025
ML,1,120,TRUJILLO,11:08 a. m.,9500,10500,06/08/2025
VH,1,460,TRUJILLO,11:09 a. m.,6000,7750,06/08/2025
VH,2,378,TRUJILLO,11:11 a. m.,5500,5750,06/08/2025
HV,1,255,TRUJILLO,11:12 a. m.,7400,7400,06/08/2025
HV,4,348,EL DOVIO,11:13 a. m.,7600,8100,06/08/2025
HV,2,338,EL DOVIO,11:15 a. m.,7400,7800,06/08/2025
HV,2,360,EL DOVIO,11:17 a. m.,7600,8050,06/08/2025
HV,3,328,EL DOVIO,11:17 a. m.,7600,7800,06/08/2025
VH,2,308,EL DOVIO,11:18 a. m.,5500,7000,06/08/2025
HV,4,341,EL DOVIO,11:18 a. m.,8000,8200,06/08/2025
ML,10,106,CAUCASIA,11:19 a. m.,10000,13000,06/08/2025
ML,7,136,CAUCASIA,11:25 a. m.,9500,11500,06/08/2025
ML,6,101,CAUCASIA,11:28 a. m.,9000,12000,06/08/2025
ML,6,108,CAUCASIA,11:29 a. m.,9000,10500,06/08/2025
ML,1,140,CAUCASIA,11:36 a. m.,6000,11000,06/08/2025
HL,1,135,CAUCASIA,11:31 a. m.,10000,11000,06/08/2025
ML,1,170,CAUCASIA,11:34 a. m.,6000,9000,06/08/2025
ML,1,155,CAUCASIA,11:36 a. m.,4000,7000,06/08/2025
ML,1,135,CAUCASIA,11:35 a. m.,4000,11000,06/08/2025
HV,5,306,VITERBO,11:38 a. m.,8000,8300,06/08/2025
HV,11,327,VITERBO,11:40 a. m.,8000,8700,06/08/2025
HV,3,403,VITERBO,11:41 a. m.,7000,7900,06/08/2025
HV,5,363,VITERBO,11:42 a. m.,7800,8200,06/08/2025
HV,6,352,VITERBO,11:43 a. m.,7400,8050,06/08/2025
HV,7,311,VITERBO,11:44 a. m.,7000,7600,06/08/2025
HV,2,358,VITERBO,11:46 a. m.,7600,8000,06/08/2025
VP,1,415,VITERBO,11:48 a. m.,6500,6500,06/08/2025
HV,5,368,BOLIVAR,11:50 a. m.,7800,8250,06/08/2025
HV,5,355,BOLIVAR,11:56 a. m.,7000,8050,06/08/2025
TO,1,720,BUGALAGRANDE,11:59 a. m.,7800,8300,06/08/2025
VI,1,405,LA PRIMAVERA,11:57 a. m.,4500,4500,06/08/2025
VH,1,325,LA PRIMAVERA,11:58 a. m.,6000,7000,06/08/2025
ML,4,181,BUGALAGRANDE,12:00 p. m.,8400,8900,06/08/2025
ML,2,118,BUGALAGRANDE,12:01 p. m.,9000,11250,06/08/2025
ML,4,164,BUGALAGRANDE,12:06 p. m.,7000,8500,06/08/2025
ML,5,154,BUGALAGRANDE,12:07 p. m.,8000,9000,06/08/2025
ML,12,208,BUGALAGRANDE,12:09 p. m.,8400,8950,06/08/2025
TO,1,515,CAUCASIA,12:14 p. m.,7400,7800,06/08/2025
HL,2,225,CAUCASIA,12:16 p. m.,8400,8500,06/08/2025
HL,3,260,CAUCASIA,12:18 p. m.,6000,7750,06/08/2025
ML,1,200,CAUCASIA,12:21 p. m.,8000,10000,06/08/2025
ML,1,195,CAUCASIA,12:19 p. m.,7500,10500,06/08/2025
HL,1,240,CAUCASIA,12:23 p. m.,6000,7250,06/08/2025
ML,2,205,CAUCASIA,12:24 p. m.,8400,9100,06/08/2025
ML,7,158,SEVILLA,12:27 p. m.,10000,11000,06/08/2025
HL,6,129,SEVILLA,12:28 p. m.,9000,10750,06/08/2025
HL,1,100,SEVILLA,12:29 p. m.,9000,11500,06/08/2025
HL,3,192,TRUJILLO,12:44 p. m.,7000,7600,06/08/2025
HL,1,70,SEVILLA,12:40 p. m.,10000,13000,06/08/2025
HL,1,95,SEVILLA,12:41 p. m.,10000,16000,06/08/2025
HL,1,70,SEVILLA,12:36 p. m.,9000,12000,06/08/2025
HL,1,180,SEVILLA,12:32 p. m.,5000,7500,06/08/2025
ML,1,175,SEVILLA,12:36 p. m.,9000,10000,06/08/2025
HL,1,65,SEVILLA,12:34 p. m.,10000,14000,06/08/2025
ML,1,75,SEVILLA,12:39 p. m.,8000,11000,06/08/2025
HL,1,50,SEVILLA,12:37 p. m.,2000,6000,06/08/2025
ML,1,60,SEVILLA,12:38 p. m.,8000,10000,06/08/2025
VH,2,355,TRUJILLO,12:42 p. m.,6000,6500,06/08/2025
VI,1,350,TRUJILLO,12:43 p. m.,4000,4500,06/08/2025
HV,3,242,TRUJILLO,12:46 p. m.,7000,7200,06/08/2025
ML,1,125,TRUJILLO,12:47 p. m.,9000,11000,06/08/2025
VP,1,385,QUIMBAYA,12:48 p. m.,7500,8500,06/08/2025
HL,9,164,FLORIDA,12:57 p. m.,8400,8600,06/08/2025
VH,1,460,FLORIDA,12:51 p. m.,7000,8250,06/08/2025
HV,4,289,SEVILLA,01:00 p. m.,7000,7000,06/08/2025
MC,1,295,SEVILLA,01:00 p. m.,4000,6000,06/08/2025
HV,1,370,SEVILLA,01:01 p. m.,7000,7800,06/08/2025
HV,1,320,SEVILLA,01:02 p. m.,6500,7000,06/08/2025
VH,1,480,SEVILLA,01:03 p. m.,7000,7500,06/08/2025
VH,1,325,SEVILLA,01:04 p. m.,6000,7000,06/08/2025
VH,1,315,OBANDO,01:05 p. m.,6000,7000,06/08/2025
VH,1,355,OBANDO,01:07 p. m.,7000,7500,06/08/2025
HV,1,345,OBANDO,01:10 p. m.,7800,8200,06/08/2025
ML,1,135,OBANDO,01:07 p. m.,9000,10500,06/08/2025
HL,1,120,OBANDO,01:10 p. m.,12000,13000,06/08/2025
VP,1,375,OBANDO,01:11 p. m.,7000,7000,06/08/2025
VH,1,480,TEBAIDA,01:15 p. m.,5500,6500,06/08/2025
VH,1,300,TEBAIDA,01:17 p. m.,5500,5500,06/08/2025
VH,1,510,TEBAIDA,01:18 p. m.,4000,6000,06/08/2025
ML,1,230,TEBAIDA,01:19 p. m.,8000,8800,06/08/2025
HL,1,55,SEVILLA,01:24 p. m.,4000,10000,06/08/2025
ML,1,60,SEVILLA,01:29 p. m.,1000,5000,06/08/2025
VP,1,485,SEVILLA,01:30 p. m.,5500,6500,06/08/2025
HL,1,40,SEVILLA,01:30 p. m.,8000,10000,06/08/2025
HL,1,70,SEVILLA,01:26 p. m.,10000,12000,06/08/2025
TO,1,480,SEVILLA,01:32 p. m.,4500,6500,06/08/2025
TO,1,665,TRUJILLO,01:44 p. m.,6000,6500,06/08/2025
VH,1,295,TRUJILLO,01:35 p. m.,6000,7750,06/08/2025
VH,1,265,TRUJILLO,01:39 p. m.,6000,7000,06/08/2025
VH,1,370,TRUJILLO,01:40 p. m.,6000,6500,06/08/2025
TR,1,270,TRUJILLO,01:41 p. m.,5500,7500,06/08/2025
HV,1,300,TRUJILLO,01:41 p. m.,4000,5750,06/08/2025
ML,1,190,TRUJILLO,01:41 p. m.,7500,8500,06/08/2025
ML,1,175,TRUJILLO,01:41 p. m.,8000,10000,06/08/2025
VH,1,345,TRUJILLO,01:42 p. m.,4500,5500,06/08/2025
ML,1,250,TRUJILLO,01:42 p. m.,5000,6500,06/08/2025
HL,5,202,BUGALAGRANDE,01:51 p. m.,8600,9200,06/08/2025
HV,5,253,BUGALAGRANDE,01:54 p. m.,8000,9100,06/08/2025
ML,7,246,BUGALAGRANDE,01:55 p. m.,8400,9150,06/08/2025
ML,3,107,BUGALAGRANDE,01:57 p. m.,10000,11000,06/08/2025
HL,5,127,BUGALAGRANDE,02:01 p. m.,10000,10000,06/08/2025
ML,6,212,BUGALAGRANDE,01:59 p. m.,8800,9700,06/08/2025
HL,5,123,BUGALAGRANDE,02:03 p. m.,9500,10000,06/08/2025
HL,5,99,BUGALAGRANDE,02:07 p. m.,7000,9000,06/08/2025
HL,2,185,BUGALAGRANDE,02:08 p. m.,7000,7500,06/08/2025
VH,1,300,FLORIDA,06:22 a. m.,5000,6500,23/07/2025
TR,1,330,FLORIDA,06:27 a. m.,8400,8800,23/07/2025
HV,1,300,FLORIDA,06:28 a. m.,7800,7800,23/07/2025
HV,2,262,FLORIDA,06:32 a. m.,7600,8200,23/07/2025
VH,1,345,FLORIDA,06:29 a. m.,6400,6800,23/07/2025
ML,2,82,GINEBRA,06:32 a. m.,10000,14000,23/07/2025
HV,2,298,GINEBRA,06:34 a. m.,8000,8200,23/07/2025
VH,2,432,GINEBRA,06:35 a. m.,7400,8100,23/07/2025
VH,1,440,GINEBRA,06:36 a. m.,6600,6700,23/07/2025
VH,1,390,GINEBRA,06:38 a. m.,6000,6200,23/07/2025
VH,1,330,GINEBRA,06:41 a. m.,5500,7500,23/07/2025
HL,2,108,GINEBRA,06:42 a. m.,11000,12000,23/07/2025
HL,1,145,LA VICTORIA,06:51 a. m.,8000,10500,23/07/2025
ML,2,130,LA VICTORIA,06:50 a. m.,5000,7750,23/07/2025
ML,2,78,LA VICTORIA,06:52 a. m.,7000,10500,23/07/2025
MC,1,250,FLORIDA,06:48 a. m.,8000,8000,23/07/2025
HL,3,143,CAQUETA,06:56 a. m.,8500,9500,23/07/2025
HL,2,132,CAQUETA,06:56 a. m.,9000,11000,23/07/2025
HL,4,124,CAQUETA,06:57 a. m.,9000,9750,23/07/2025
VH,1,345,CAQUETA,06:59 a. m.,6000,7700,23/07/2025
VH,1,275,CAQUETA,07:00 a. m.,3000,4500,23/07/2025
VI,1,300,CAQUETA,07:02 a. m.,3000,4500,23/07/2025
VH,1,250,CAQUETA,07:02 a. m.,7000,7600,23/07/2025
VH,1,260,CAQUETA,07:10 a. m.,6800,7600,23/07/2025
HL,1,230,CAQUETA,07:09 a. m.,4000,5250,23/07/2025
HL,1,70,CAQUETA,07:03 a. m.,9000,12000,23/07/2025
HL,1,150,CAQUETA,07:04 a. m.,4000,10000,23/07/2025
VH,1,455,CAQUETA,07:05 a. m.,7600,8000,23/07/2025
HL,2,78,CAQUETA,07:12 a. m.,9000,11000,23/07/2025
ML,1,45,CAQUETA,07:13 a. m.,4000,12000,23/07/2025
ML,1,110,CAQUETA,07:16 a. m.,6000,11500,23/07/2025
HL,1,50,CAQUETA,07:16 a. m.,2000,5000,23/07/2025
VP,1,585,TORO,07:21 a. m.,6500,8000,23/07/2025
ML,1,130,ROLDANILLO,07:26 a. m.,10000,12000,23/07/2025
ML,1,100,ROLDANILLO,07:27 a. m.,11000,13000,23/07/2025
HL,1,105,ROLDANILLO,07:24 a. m.,11000,15000,23/07/2025
VI,1,495,ROLDANILLO,07:27 a. m.,4000,5000,23/07/2025
ML,3,115,ROLDANILLO,07:30 a. m.,8000,8750,23/07/2025
ML,1,225,DAGUA,07:31 a. m.,9000,9800,23/07/2025
HL,1,145,DAGUA,07:33 a. m.,8000,9000,23/07/2025
ML,2,152,DAGUA,07:34 a. m.,9000,10750,23/07/2025
HV,2,278,DAGUA,07:35 a. m.,8000,8300,23/07/2025
HL,1,225,DAGUA,07:36 a. m.,8400,8800,23/07/2025
HL,1,200,DAGUA,07:37 a. m.,8000,8200,23/07/2025
ML,6,180,DAGUA,07:37 a. m.,9400,9600,23/07/2025
ML,1,170,LA UNION,07:39 a. m.,6000,9000,23/07/2025
HL,1,180,LA UNION,07:43 a. m.,8000,8000,23/07/2025
VI,1,305,LA UNION,07:42 a. m.,4000,6000,23/07/2025
VP,1,510,LA UNION,07:43 a. m.,6000,6250,23/07/2025
ML,3,162,LA UNION,07:44 a. m.,6500,8250,23/07/2025
TR,1,300,EL DOVIO,07:56 a. m.,8400,8600,23/07/2025
ML,2,148,EL DOVIO,07:58 a. m.,10000,11000,23/07/2025
HL,1,145,EL DOVIO,07:58 a. m.,8000,11000,23/07/2025
ML,1,180,EL DOVIO,07:59 a. m.,8000,9000,23/07/2025
HL,1,125,EL DOVIO,07:59 a. m.,3000,5500,23/07/2025
HL,1,135,EL DOVIO,08:00 a. m.,10000,11000,23/07/2025
HL,2,228,EL DOVIO,08:01 a. m.,9000,12500,23/07/2025
ML,2,160,EL DOVIO,07:57 a. m.,8500,10000,23/07/2025
ML,2,152,EL DOVIO,07:59 a. m.,10000,11000,23/07/2025
VH,1,460,TULUA,08:01 a. m.,5600,6000,23/07/2025
ML,1,215,TULUA,08:03 a. m.,8600,8600,23/07/2025
HV,1,280,TULUA,08:04 a. m.,7400,7900,23/07/2025
MC,1,280,TULUA,08:03 a. m.,8400,9200,23/07/2025
ML,1,85,ZARZAL,08:08 a. m.,3000,7000,23/07/2025
ML,1,105,ZARZAL,08:04 a. m.,4000,5000,23/07/2025
VH,1,480,ROLDANILLO,08:25 a. m.,6400,6400,23/07/2025
TR,2,375,ROLDANILLO,08:16 a. m.,8000,8300,23/07/2025
VH,1,350,SAN PEDRO,08:15 a. m.,6000,7800,23/07/2025
HV,1,260,ZARZAL,08:27 a. m.,5000,7500,23/07/2025
HV,2,285,ZARZAL,08:29 a. m.,7000,8200,23/07/2025
HV,4,284,ZARZAL,08:29 a. m.,7600,8200,23/07/2025
HV,2,302,ZARZAL,08:30 a. m.,7400,8000,23/07/2025
VP,1,565,ROLDANILLO,08:26 a. m.,7000,7500,23/07/2025
VI,1,305,SAN PEDRO,08:08 a. m.,6000,7500,23/07/2025
TR,1,345,ROLDANILLO,08:20 a. m.,8000,8600,23/07/2025
HV,1,345,ZARZAL,08:30 a. m.,7600,8100,23/07/2025
HV,1,335,ZARZAL,08:32 a. m.,7800,8600,23/07/2025
HV,1,300,ZARZAL,08:33 a. m.,6000,7750,23/07/2025
TR,1,365,TRUJILLO,08:33 a. m.,8000,8400,23/07/2025
HL,1,230,TRUJILLO,08:39 a. m.,7000,7700,23/07/2025
HV,1,300,TRUJILLO,08:40 a. m.,6400,7800,23/07/2025
ML,1,220,TRUJILLO,08:40 a. m.,6400,6900,23/07/2025
VH,1,350,ZARZAL,08:42 a. m.,5800,7400,23/07/2025
HL,1,75,LA VICTORIA,08:43 a. m.,8000,11000,23/07/2025
ML,1,210,LA VICTORIA,08:45 a. m.,6000,9000,23/07/2025
ML,4,176,LA VICTORIA,08:47 a. m.,10000,11000,23/07/2025
ML,2,152,LA VICTORIA,08:49 a. m.,8500,10000,23/07/2025
ML,3,122,LA VICTORIA,08:49 a. m.,10000,11000,23/07/2025
HL,7,187,LA VICTORIA,08:52 a. m.,9000,9000,23/07/2025
HL,1,165,LA VICTORIA,08:56 a. m.,9000,10000,23/07/2025
HL,1,65,LA VICTORIA,08:57 a. m.,10000,16000,23/07/2025
ML,1,70,LA VICTORIA,08:53 a. m.,9000,11500,23/07/2025
VH,1,435,LA VICTORIA,08:57 a. m.,6400,7200,23/07/2025
VH,3,487,LA VICTORIA,08:58 a. m.,6800,6800,23/07/2025
VH,1,435,LA VICTORIA,08:59 a. m.,6000,6300,23/07/2025
VI,1,335,LA VICTORIA,09:00 a. m.,3500,4500,23/07/2025
HL,1,50,LA VICTORIA,09:01 a. m.,6000,12000,23/07/2025
HV,4,339,SAN PEDRO,09:03 a. m.,7400,7900,23/07/2025
HV,6,315,SAN PEDRO,09:04 a. m.,8000,8350,23/07/2025
TR,1,325,ROLDANILLO,09:18 a. m.,8400,8900,23/07/2025
ML,1,210,ROLDANILLO,09:19 a. m.,8800,8800,23/07/2025
HL,6,242,SEVILLA,09:05 a. m.,8400,8600,23/07/2025
HL,1,210,SEVILLA,09:13 a. m.,7600,7900,23/07/2025
HV,1,290,SEVILLA,09:14 a. m.,7400,7700,23/07/2025
HV,1,250,SEVILLA,09:16 a. m.,7400,7600,23/07/2025
HV,6,261,SEVILLA,09:16 a. m.,8000,8500,23/07/2025
HV,1,315,PLANETA RICA,09:25 a. m.,7600,8100,23/07/2025
MC,1,365,PLANETA RICA,09:25 a. m.,5000,6200,23/07/2025
HV,1,295,PLANETA RICA,09:26 a. m.,7600,8100,23/07/2025
TR,1,325,PLANETA RICA,09:20 a. m.,7000,7200,23/07/2025
HL,1,145,PLANETA RICA,09:25 a. m.,9000,11000,23/07/2025
ML,5,149,PLANETA RICA,09:27 a. m.,10000,11000,23/07/2025
HV,4,281,PLANETA RICA,09:27 a. m.,6800,7900,23/07/2025
ML,2,172,PLANETA RICA,09:28 a. m.,7000,10000,23/07/2025
ML,2,160,PLANETA RICA,09:31 a. m.,9500,11500,23/07/2025
ML,5,84,PLANETA RICA,09:32 a. m.,8000,13500,23/07/2025
ML,3,193,PLANETA RICA,09:34 a. m.,7000,8200,23/07/2025
ML,5,113,PLANETA RICA,09:35 a. m.,10000,11250,23/07/2025
ML,2,185,PLANETA RICA,09:37 a. m.,9000,9800,23/07/2025
ML,4,125,PLANETA RICA,09:38 a. m.,9500,11500,23/07/2025
HL,1,230,PLANETA RICA,09:39 a. m.,8500,8500,23/07/2025
HL,1,170,PLANETA RICA,09:42 a. m.,8500,9500,23/07/2025
HL,1,210,PLANETA RICA,09:40 a. m.,6000,8500,23/07/2025
ML,1,155,PLANETA RICA,09:43 a. m.,9000,11000,23/07/2025
ML,1,190,PLANETA RICA,09:44 a. m.,7000,9000,23/07/2025
ML,2,90,PLANETA RICA,09:45 a. m.,8000,10000,23/07/2025
ML,2,202,BUGALAGRANDE,09:48 a. m.,8000,9000,23/07/2025
HL,2,120,PLANETA RICA,09:46 a. m.,9000,10250,23/07/2025
HL,2,175,MONTERIA,09:54 a. m.,7000,9000,23/07/2025
HL,1,165,MONTERIA,09:52 a. m.,3000,6000,23/07/2025
ML,4,154,MONTERIA,09:54 a. m.,6000,9750,23/07/2025
ML,5,117,MONTERIA,10:10 a. m.,7000,9750,23/07/2025
ML,1,150,MONTERIA,10:13 a. m.,8000,11000,23/07/2025
HL,1,150,MONTERIA,10:15 a. m.,10000,12000,23/07/2025
HL,1,205,MONTERIA,10:16 a. m.,4000,5500,23/07/2025
ML,1,75,MONTERIA,10:21 a. m.,9000,11500,23/07/2025
HL,1,110,MONTERIA,10:16 a. m.,9000,12000,23/07/2025
ML,6,107,MONTERIA,10:18 a. m.,8000,9750,23/07/2025
ML,1,180,MONTERIA,10:23 a. m.,5000,9000,23/07/2025
VH,1,270,MONTERIA,10:24 a. m.,2000,5000,23/07/2025
ML,1,125,MONTERIA,10:24 a. m.,10000,12500,23/07/2025
HL,1,90,MONTERIA,10:26 a. m.,9000,13500,23/07/2025
ML,1,135,MONTERIA,10:27 a. m.,4000,6000,23/07/2025
VH,1,295,TULUA,10:34 a. m.,6800,7800,23/07/2025
VH,1,395,TULUA,10:34 a. m.,6000,7200,23/07/2025
VH,1,395,TULUA,10:35 a. m.,7500,10000,23/07/2025
HV,1,330,TULUA,10:37 a. m.,7400,7950,23/07/2025
VP,1,380,TULUA,10:32 a. m.,5000,8000,23/07/2025
HL,2,98,MONTERIA,10:30 a. m.,2000,6000,23/07/2025
HL,2,132,MONTERIA,10:31 a. m.,9500,9500,23/07/2025
ML,1,125,TULUA,10:38 a. m.,9000,11000,23/07/2025
HV,1,305,TULUA,10:38 a. m.,7400,7900,23/07/2025
MC,1,400,TULUA,10:39 a. m.,8400,8600,23/07/2025
TR,1,395,TULUA,10:41 a. m.,8400,8700,23/07/2025
VH,1,320,SEVILLA,10:45 a. m.,6000,7200,23/07/2025
VI,1,340,SEVILLA,10:45 a. m.,4000,7000,23/07/2025
HL,1,240,SEVILLA,10:47 a. m.,4500,6500,23/07/2025
HL,1,110,TULUA,10:36 a. m.,10000,11000,23/07/2025
ML,2,168,SEVILLA,10:40 a. m.,8000,10250,23/07/2025
VH,1,420,PLANETA RICA,11:02 a. m.,7000,7900,23/07/2025
HL,1,210,PLANETA RICA,11:03 a. m.,7500,7500,23/07/2025
VH,1,555,PLANETA RICA,10:58 a. m.,5800,6600,23/07/2025
ML,2,230,SEVILLA,10:50 a. m.,7600,8600,23/07/2025
ML,1,150,ZARZAL,11:03 a. m.,2000,5000,23/07/2025
ML,1,130,SAN PEDRO,11:11 a. m.,6000,8500,23/07/2025
HL,4,140,LA VICTORIA,10:56 a. m.,9500,10000,23/07/2025
HL,4,150,LA VICTORIA,11:05 a. m.,9000,10500,23/07/2025
ML,1,150,LA VICTORIA,11:07 a. m.,11000,11000,23/07/2025
HV,1,300,SAN PEDRO,11:09 a. m.,8000,8300,23/07/2025
HL,1,70,PLANETA RICA,10:59 a. m.,10000,12500,23/07/2025
HL,1,240,SAN PEDRO,11:10 a. m.,8000,8000,23/07/2025
ML,4,189,SAN PEDRO,11:13 a. m.,10000,10800,23/07/2025
VH,1,440,YOTOCO,11:22 a. m.,8400,8400,23/07/2025
VH,1,445,YOTOCO,11:27 a. m.,7000,8200,23/07/2025
TR,1,380,ROLDANILLO,11:28 a. m.,7800,8000,23/07/2025
VP,1,415,SAN PEDRO,11:14 a. m.,5500,6250,23/07/2025
VP,1,415,SAN PEDRO,11:17 a. m.,7000,7000,23/07/2025
VP,1,410,SAN PEDRO,11:18 a. m.,6500,7500,23/07/2025
VP,1,325,TORO,11:37 a. m.,6000,9000,23/07/2025
VH,1,350,ROLDANILLO,11:36 a. m.,6000,7000,23/07/2025
HV,1,300,ROLDANILLO,11:34 a. m.,7400,7600,23/07/2025
VH,1,350,ROLDANILLO,11:36 a. m.,7000,7900,23/07/2025
HL,1,110,ROLDANILLO,11:36 a. m.,10000,10000,23/07/2025
ML,1,225,ROLDANILLO,11:37 a. m.,8000,9000,23/07/2025
HV,1,400,TORO,11:40 a. m.,8000,8500,23/07/2025
VH,1,420,TORO,11:40 a. m.,4000,5000,23/07/2025
HV,1,265,TORO,11:42 a. m.,6000,7000,23/07/2025
VH,1,435,TORO,11:43 a. m.,6600,7400,23/07/2025
HV,1,280,TORO,11:44 a. m.,7800,8200,23/07/2025
HV,1,300,TORO,11:46 a. m.,5500,7000,23/07/2025
HV,1,260,TORO,11:46 a. m.,8000,8000,23/07/2025
HV,1,250,TORO,11:47 a. m.,6000,8500,23/07/2025
TR,1,285,EL DOVIO,11:48 a. m.,7000,8000,23/07/2025
HV,1,245,EL DOVIO,11:52 a. m.,8000,8000,23/07/2025
TR,5,252,EL DOVIO,11:52 a. m.,8800,9200,23/07/2025
TR,3,332,EL DOVIO,11:57 a. m.,8400,8600,23/07/2025
ML,1,220,EL DOVIO,11:56 a. m.,7800,8600,23/07/2025
VH,1,385,EL DOVIO,11:53 a. m.,4000,6500,23/07/2025
ML,1,245,EL DOVIO,11:55 a. m.,7600,8400,23/07/2025
HV,5,271,EL DOVIO,12:00 p. m.,8000,8600,23/07/2025
TR,3,313,EL DOVIO,12:01 p. m.,8000,8750,23/07/2025
HV,4,250,EL DOVIO,12:03 p. m.,8000,8600,23/07/2025
HV,2,295,EL DOVIO,12:03 p. m.,8000,8200,23/07/2025
ML,4,205,EL DOVIO,12:05 p. m.,8400,9000,23/07/2025
HV,3,252,EL DOVIO,12:05 p. m.,8000,8200,23/07/2025
TR,2,278,EL DOVIO,12:06 p. m.,8000,8600,23/07/2025
ML,2,245,EL DOVIO,12:08 p. m.,8600,9000,23/07/2025
ML,3,170,SAN PEDRO,12:09 p. m.,8000,9400,23/07/2025
HV,1,255,DARIEN,12:10 p. m.,7500,11500,23/07/2025
HL,1,145,SAN PEDRO,12:13 p. m.,7500,7500,23/07/2025
HL,1,180,SAN PEDRO,12:13 p. m.,8500,8500,23/07/2025
VH,4,341,COROZAL,12:17 p. m.,6000,6500,23/07/2025
VH,5,297,COROZAL,12:20 p. m.,5800,7400,23/07/2025
HL,1,25,LA UNION,12:29 p. m.,6000,9000,23/07/2025
VH,4,284,COROZAL,12:28 p. m.,7000,8600,23/07/2025
HL,1,65,OBANDO,12:40 p. m.,6000,10000,23/07/2025
HL,1,40,LA UNION,12:33 p. m.,6000,10000,23/07/2025
ML,1,45,LA UNION,12:32 p. m.,4000,6000,23/07/2025
ML,1,30,LA UNION,12:35 p. m.,2000,4000,23/07/2025
HL,2,155,LA UNION,12:40 p. m.,9000,10500,23/07/2025
HL,4,170,LA UNION,12:41 p. m.,9000,9500,23/07/2025
VH,1,305,OBANDO,12:36 p. m.,6000,7600,23/07/2025
HV,1,365,OBANDO,12:38 p. m.,5500,7250,23/07/2025
HV,1,355,OBANDO,12:39 p. m.,6400,7200,23/07/2025
HV,2,262,SAN VICENTE,12:42 p. m.,6600,7700,23/07/2025
HV,2,290,SAN VICENTE,12:44 p. m.,6800,8100,23/07/2025
HV,2,265,SAN VICENTE,12:47 p. m.,7600,7900,23/07/2025
HL,1,160,LA UNION,12:48 p. m.,8000,8500,23/07/2025
HL,1,150,LA UNION,12:51 p. m.,9500,10500,23/07/2025
HL,1,180,LA UNION,12:52 p. m.,4000,9000,23/07/2025
ML,1,140,LA UNION,12:51 p. m.,12000,13500,23/07/2025
ML,5,77,LA CUMBRE,12:53 p. m.,10000,14000,23/07/2025
HL,2,80,LA CUMBRE,12:55 p. m.,10000,12000,23/07/2025
VH,7,271,LA CUMBRE,12:57 p. m.,7600,8500,23/07/2025
VP,1,335,CALI,01:00 p. m.,8000,9250,23/07/2025
VP,1,340,CALI,01:02 p. m.,7500,9500,23/07/2025
VP,1,405,CALI,01:03 p. m.,6000,7000,23/07/2025
VP,1,250,CALI,01:03 p. m.,7000,11000,23/07/2025
VP,1,345,CALI,01:05 p. m.,7500,8000,23/07/2025
HV,1,290,CALI,01:07 p. m.,8000,8000,23/07/2025
VH,1,260,CALI,01:09 p. m.,6000,8000,23/07/2025
HV,1,290,CALI,01:09 p. m.,7400,8200,23/07/2025
HV,1,280,CALI,01:11 p. m.,8000,8100,23/07/2025
HV,1,270,CALI,01:10 p. m.,7500,7750,23/07/2025
HV,1,250,CALI,01:13 p. m.,8000,8000,23/07/2025
VH,2,320,CALI,01:14 p. m.,7600,8250,23/07/2025
HL,5,189,ANSERMANUEVO,01:19 p. m.,8600,9100,23/07/2025
ML,1,210,ANSERMANUEVO,01:15 p. m.,4000,6000,23/07/2025
HL,2,162,ANSERMANUEVO,01:19 p. m.,9750,9750,23/07/2025
HL,6,231,ANSERMANUEVO,01:23 p. m.,8400,9000,23/07/2025
ML,1,180,ANSERMANUEVO,01:29 p. m.,9000,9500,23/07/2025
HL,1,160,ANSERMANUEVO,01:31 p. m.,5000,8000,23/07/2025
HL,9,179,ANSERMANUEVO,01:35 p. m.,8600,9200,23/07/2025
VH,1,410,BUGALAGRANDE,01:37 p. m.,7000,8500,23/07/2025
HL,1,120,BUGALAGRANDE,01:43 p. m.,9000,9000,23/07/2025
HL,1,145,BUGALAGRANDE,01:38 p. m.,8500,10000,23/07/2025
HL,1,245,BUGALAGRANDE,01:38 p. m.,6000,8000,23/07/2025
TR,1,280,BUGALAGRANDE,01:44 p. m.,6000,8000,23/07/2025
TR,1,235,BUGALAGRANDE,01:39 p. m.,6000,7000,23/07/2025
VH,1,440,BUGALAGRANDE,01:44 p. m.,5000,5800,23/07/2025
VH,1,470,BUGALAGRANDE,01:44 p. m.,5400,5400,23/07/2025
HL,2,240,BUGALAGRANDE,01:45 p. m.,8000,8500,23/07/2025
MC,3,310,COROZAL,01:46 p. m.,8000,8600,23/07/2025
HL,2,180,TEBAIDA,02:10 p. m.,7600,8200,23/07/2025
MC,3,293,COROZAL,01:47 p. m.,8600,8800,23/07/2025
HL,3,192,YOTOCO,02:12 p. m.,6500,7500,23/07/2025
MC,1,315,TEBAIDA,02:03 p. m.,6600,6800,23/07/2025
ML,1,270,TEBAIDA,02:06 p. m.,4500,6500,23/07/2025
ML,1,210,TEBAIDA,02:08 p. m.,6500,7500,23/07/2025
VH,1,435,TEBAIDA,02:08 p. m.,7400,8800,23/07/2025
MC,1,345,COROZAL,02:01 p. m.,7400,7800,23/07/2025
HL,1,75,COROZAL,01:56 p. m.,10000,13000,23/07/2025
ML,1,135,COROZAL,02:02 p. m.,12000,14000,23/07/2025
ML,1,210,COROZAL,02:00 p. m.,10000,10500,23/07/2025
ML,1,75,COROZAL,01:58 p. m.,9000,10000,23/07/2025
ML,1,100,COROZAL,02:02 p. m.,12000,15000,23/07/2025
ML,1,75,COROZAL,01:59 p. m.,2000,9000,23/07/2025
HV,2,285,TEBAIDA,02:10 p. m.,7400,7700,23/07/2025
HV,1,310,YOTOCO,02:15 p. m.,7000,8600,23/07/2025
TR,2,282,YOTOCO,02:15 p. m.,4500,6500,23/07/2025
VI,1,395,BUGALAGRANDE,02:25 p. m.,3000,5000,23/07/2025
VH,1,405,BUGALAGRANDE,02:22 p. m.,3500,4500,23/07/2025
VH,2,415,BUGALAGRANDE,02:26 p. m.,6000,6300,23/07/2025
VH,1,400,BUGALAGRANDE,02:27 p. m.,4000,4500,23/07/2025
VH,2,452,BUGALAGRANDE,02:27 p. m.,5000,5600,23/07/2025
VI,1,330,BUGALAGRANDE,02:28 p. m.,3500,4250,23/07/2025
VH,1,480,BUGALAGRANDE,02:29 p. m.,5000,5000,23/07/2025
ML,1,45,YOTOCO,02:17 p. m.,2000,2000,23/07/2025
VH,2,472,BUGALAGRANDE,02:29 p. m.,5800,6000,23/07/2025
HV,5,272,TRUJILLO,02:30 p. m.,7400,8250,23/07/2025
HV,2,282,TRUJILLO,02:35 p. m.,8000,8400,23/07/2025
HV,2,278,TRUJILLO,02:36 p. m.,7000,8000,23/07/2025
HL,3,243,TRUJILLO,02:36 p. m.,7000,7600,23/07/2025
HV,3,282,TRUJILLO,02:37 p. m.,7400,7600,23/07/2025
HV,1,255,TRUJILLO,02:43 p. m.,7800,7800,23/07/2025
TO,1,475,SEVILLA,02:39 p. m.,7800,7800,23/07/2025
HV,1,325,TRUJILLO,02:41 p. m.,7500,8000,23/07/2025
TR,5,399,SEVILLA,02:59 p. m.,8000,8350,23/07/2025
TR,1,340,SEVILLA,02:41 p. m.,8000,8300,23/07/2025
HL,2,218,TRUJILLO,03:06 p. m.,7600,8050,23/07/2025
HV,5,260,TRUJILLO,03:07 p. m.,7600,8300,23/07/2025
HV,5,274,TRUJILLO,03:07 p. m.,7000,8300,23/07/2025
HV,1,255,SEVILLA,03:11 p. m.,6600,7000,23/07/2025
HV,4,266,TRUJILLO,03:08 p. m.,8000,8400,23/07/2025
HL,2,205,TRUJILLO,03:02 p. m.,8000,8000,23/07/2025
HV,1,275,TRUJILLO,03:12 p. m.,7500,8250,23/07/2025
HV,1,245,SEVILLA,03:16 p. m.,5500,7500,23/07/2025
HL,1,200,SEVILLA,03:13 p. m.,3000,5000,23/07/2025
ML,1,35,SEVILLA,03:16 p. m.,2000,6000,23/07/2025
HL,1,195,SEVILLA,03:14 p. m.,4000,5500,23/07/2025
ML,1,115,SEVILLA,03:20 p. m.,10000,12500,23/07/2025
ML,1,95,SEVILLA,03:22 p. m.,10000,11000,23/07/2025
ML,1,65,SEVILLA,03:23 p. m.,7000,7000,23/07/2025
ML,1,70,SEVILLA,03:17 p. m.,10000,17000,23/07/2025
ML,1,95,ROLDANILLO,03:25 p. m.,4000,6000,23/07/2025
VH,1,435,BOLIVAR,03:29 p. m.,3500,4500,23/07/2025
VI,1,465,BOLIVAR,03:27 p. m.,3500,3500,23/07/2025
HV,1,330,BOLIVAR,03:28 p. m.,7000,7600,23/07/2025
HV,2,265,ZARZAL,06:15 a. m.,7000,7800,18/06/2025
HV,4,314,ZARZAL,06:18 a. m.,7200,7900,18/06/2025
HL,1,200,ZARZAL,06:19 a. m.,7000,7200,18/06/2025
HL,4,181,ZARZAL,06:23 a. m.,8200,8500,18/06/2025
HL,5,165,CAQUETA,06:24 a. m.,8400,8800,18/06/2025
HL,1,215,ZARZAL,06:25 a. m.,8000,8400,18/06/2025
HL,1,150,ZARZAL,06:26 a. m.,8400,9000,18/06/2025
HL,1,160,CAQUETA,06:36 a. m.,8000,8250,18/06/2025
HL,5,202,CAQUETA,06:32 a. m.,7800,8100,18/06/2025
HL,3,145,CAQUETA,06:33 a. m.,8800,11200,18/06/2025
HL,3,158,CAQUETA,06:38 a. m.,8800,8800,18/06/2025
HL,2,160,CAQUETA,06:39 a. m.,8000,9000,18/06/2025
HL,5,200,CAQUETA,06:40 a. m.,7800,8200,18/06/2025
HV,1,250,CAQUETA,06:41 a. m.,7000,8800,18/06/2025
HL,2,195,CAQUETA,06:42 a. m.,7600,9200,18/06/2025
HL,1,200,CAQUETA,06:43 a. m.,7000,7800,18/06/2025
HL,2,132,ZARZAL,06:45 a. m.,9000,9500,18/06/2025
HL,2,222,CAQUETA,06:44 a. m.,7800,7800,18/06/2025
HV,1,445,TORO,06:56 a. m.,7400,7600,18/06/2025
ML,2,240,TORO,06:53 a. m.,4500,6000,18/06/2025
ML,2,215,TORO,06:58 a. m.,7600,8900,18/06/2025
MC,2,262,ZARZAL,07:00 a. m.,8600,9100,18/06/2025
ML,1,245,ZARZAL,07:00 a. m.,6500,7750,18/06/2025
VH,1,405,TORO,06:59 a. m.,6800,7200,18/06/2025
VH,1,515,LA UNION,07:15 a. m.,5000,5500,18/06/2025
HV,1,295,TULUA,07:28 a. m.,8000,8000,18/06/2025
ML,1,235,TULUA,07:29 a. m.,7000,7400,18/06/2025
MC,1,290,TULUA,07:29 a. m.,6000,7500,18/06/2025
VH,1,285,TULUA,07:31 a. m.,6000,6800,18/06/2025
HL,1,195,TULUA,07:30 a. m.,7000,7000,18/06/2025
HL,1,120,JAMUNDI,07:32 a. m.,4000,7500,18/06/2025
HL,1,105,JAMUNDI,07:33 a. m.,10000,12000,18/06/2025
HL,1,160,JAMUNDI,07:36 a. m.,8500,9250,18/06/2025
HL,1,170,JAMUNDI,07:39 a. m.,8400,9000,18/06/2025
HL,1,145,JAMUNDI,07:38 a. m.,9000,9500,18/06/2025
HL,5,127,JAMUNDI,07:34 a. m.,9000,9600,18/06/2025
HL,2,135,JAMUNDI,07:39 a. m.,8400,9000,18/06/2025
HL,1,130,JAMUNDI,07:40 a. m.,9000,10750,18/06/2025
HL,1,175,JAMUNDI,07:41 a. m.,8400,9800,18/06/2025
HL,1,190,JAMUNDI,07:41 a. m.,9000,9750,18/06/2025
HL,1,110,JAMUNDI,07:42 a. m.,9000,9500,18/06/2025
HL,1,115,JAMUNDI,07:42 a. m.,9500,12500,18/06/2025
HL,5,110,JAMUNDI,07:43 a. m.,9000,9400,18/06/2025
HL,8,138,JAMUNDI,07:44 a. m.,9000,9600,18/06/2025
HL,6,158,JAMUNDI,07:54 a. m.,7600,8400,18/06/2025
HL,2,172,JAMUNDI,07:51 a. m.,8000,8600,18/06/2025
HL,5,240,JAMUNDI,07:55 a. m.,7400,7750,18/06/2025
HL,1,200,JAMUNDI,07:59 a. m.,7800,8000,18/06/2025
HL,1,220,JAMUNDI,07:57 a. m.,8000,10400,18/06/2025
HL,1,205,JAMUNDI,07:58 a. m.,8000,9000,18/06/2025
HL,1,200,JAMUNDI,07:59 a. m.,8000,8400,18/06/2025
HL,6,248,JAMUNDI,08:00 a. m.,7800,8400,18/06/2025
HL,2,222,JAMUNDI,08:01 a. m.,7400,7800,18/06/2025
HL,3,193,JAMUNDI,08:02 a. m.,7400,8300,18/06/2025
HL,1,185,JAMUNDI,08:04 a. m.,7000,7400,18/06/2025
HL,1,205,JAMUNDI,08:03 a. m.,7800,8200,18/06/2025
HL,7,185,JAMUNDI,08:05 a. m.,8600,9600,18/06/2025
HL,8,174,JAMUNDI,08:08 a. m.,8000,8500,18/06/2025
HL,1,150,JAMUNDI,08:10 a. m.,4000,6500,18/06/2025
VI,1,450,SEVILLA,08:13 a. m.,3800,4000,18/06/2025
ML,1,155,SEVILLA,08:14 a. m.,8500,9500,18/06/2025
HL,1,135,ZARZAL,08:13 a. m.,8500,11000,18/06/2025
HL,1,130,SEVILLA,08:15 a. m.,6000,7500,18/06/2025
VH,1,310,LA UNION,08:16 a. m.,7600,8000,18/06/2025
VH,2,470,LA UNION,08:17 a. m.,5400,6600,18/06/2025
VH,2,492,LA UNION,08:19 a. m.,7000,8000,18/06/2025
VH,2,418,LA UNION,08:19 a. m.,5800,7200,18/06/2025
HV,1,345,LA VICTORIA,08:24 a. m.,7800,7800,18/06/2025
HV,1,410,LA VICTORIA,08:22 a. m.,7600,8400,18/06/2025
ML,1,130,LA VICTORIA,08:20 a. m.,8000,9000,18/06/2025
ML,1,120,LA VICTORIA,08:23 a. m.,10000,11000,18/06/2025
HV,2,388,EL DOVIO,08:29 a. m.,8400,8800,18/06/2025
HV,2,275,EL DOVIO,08:30 a. m.,6000,7300,18/06/2025
HV,1,365,EL DOVIO,08:30 a. m.,7600,7800,18/06/2025
HL,2,215,EL DOVIO,08:31 a. m.,7000,7600,18/06/2025
MC,1,260,EL DOVIO,08:33 a. m.,6000,7650,18/06/2025
HL,1,225,EL DOVIO,08:32 a. m.,7400,7500,18/06/2025
VH,6,312,CAUCASIA,08:34 a. m.,6000,8000,18/06/2025
VH,1,365,CAUCASIA,08:35 a. m.,6800,7800,18/06/2025
HL,1,210,CAUCASIA,08:36 a. m.,6000,6200,18/06/2025
ML,1,195,CAUCASIA,08:39 a. m.,7600,7700,18/06/2025
HL,1,105,CAUCASIA,08:40 a. m.,10000,15000,18/06/2025
ML,1,200,CAUCASIA,08:39 a. m.,9400,10500,18/06/2025
ML,1,100,CAUCASIA,08:42 a. m.,12000,14000,18/06/2025
ML,2,85,CAUCASIA,08:42 a. m.,9000,9000,18/06/2025
ML,1,180,CAUCASIA,08:47 a. m.,6000,7500,18/06/2025
MC,1,260,CAUCASIA,08:44 a. m.,8000,8600,18/06/2025
ML,1,130,CAUCASIA,08:49 a. m.,11000,11000,18/06/2025
ML,1,50,CAUCASIA,08:51 a. m.,1000,9000,18/06/2025
HL,1,70,CAUCASIA,08:46 a. m.,9500,11000,18/06/2025
ML,1,135,CAUCASIA,08:46 a. m.,8500,10000,18/06/2025
ML,1,165,CAUCASIA,08:48 a. m.,7500,9750,18/06/2025
ML,1,60,CAUCASIA,08:50 a. m.,8000,11000,18/06/2025
HL,4,109,CAUCASIA,08:52 a. m.,9000,9400,18/06/2025
TO,1,465,ROLDANILLO,08:53 a. m.,7800,8600,18/06/2025
TR,1,400,ROLDANILLO,08:58 a. m.,8000,8600,18/06/2025
VH,1,550,BUGALAGRANDE,08:58 a. m.,5000,6600,18/06/2025
ML,2,245,BUGALAGRANDE,09:00 a. m.,9000,9800,18/06/2025
ML,2,150,BUGALAGRANDE,09:02 a. m.,9500,10500,18/06/2025
ML,1,135,BUGALAGRANDE,09:05 a. m.,10000,11000,18/06/2025
HV,8,292,TORO,09:08 a. m.,7800,8200,18/06/2025
HV,9,302,TORO,09:10 a. m.,8000,8400,18/06/2025
HV,5,307,TORO,09:13 a. m.,7800,8200,18/06/2025
HV,10,305,TORO,09:16 a. m.,8000,8600,18/06/2025
HV,5,293,TORO,09:17 a. m.,8000,8600,18/06/2025
HV,5,283,TORO,09:22 a. m.,8000,8400,18/06/2025
HV,5,269,TORO,09:25 a. m.,7600,8000,18/06/2025
HV,6,300,TORO,09:26 a. m.,7800,8300,18/06/2025
VH,1,425,TULUA,09:29 a. m.,5400,6000,18/06/2025
HV,1,325,TULUA,09:31 a. m.,7000,7800,18/06/2025
TR,1,400,TULUA,09:32 a. m.,8000,8300,18/06/2025
MC,1,330,TULUA,09:33 a. m.,7800,8400,18/06/2025
MC,1,465,TULUA,09:34 a. m.,8400,9000,18/06/2025
TR,1,450,TULUA,09:35 a. m.,8200,9000,18/06/2025
TR,1,490,TULUA,09:36 a. m.,8600,8600,18/06/2025
VH,1,470,TULUA,09:37 a. m.,6000,7800,18/06/2025
HV,1,375,TULUA,09:38 a. m.,5600,7000,18/06/2025
VH,1,515,TULUA,09:36 a. m.,6000,6400,18/06/2025
VP,1,390,TULUA,09:43 a. m.,7500,7500,18/06/2025
ML,1,235,RIOFRIO,09:46 a. m.,8800,9400,18/06/2025
ML,1,195,CARTAGO,09:47 a. m.,8500,8500,18/06/2025
HV,3,385,LA UNION,09:52 a. m.,7600,8200,18/06/2025
VH,3,462,LA UNION,09:54 a. m.,8000,8200,18/06/2025
VP,1,430,TULUA,09:44 a. m.,7500,8000,18/06/2025
VH,1,425,LA UNION,09:57 a. m.,7600,8200,18/06/2025
MC,1,305,LA UNION,09:57 a. m.,7800,8400,18/06/2025
HL,2,202,LA UNION,09:59 a. m.,8000,8500,18/06/2025
HL,2,198,LA UNION,10:01 a. m.,8000,9200,18/06/2025
VH,1,460,LA UNION,09:55 a. m.,7000,7000,18/06/2025
HL,1,120,LA UNION,10:01 a. m.,9500,10250,18/06/2025
ML,1,135,TORO,10:04 a. m.,8500,10000,18/06/2025
HL,1,125,TORO,10:02 a. m.,5000,7500,18/06/2025
ML,1,155,TORO,10:03 a. m.,10500,10500,18/06/2025
MC,5,278,TORO,10:05 a. m.,8400,9100,18/06/2025
VH,1,465,TORO,10:06 a. m.,5000,5000,18/06/2025
VH,1,390,TORO,10:08 a. m.,4800,5200,18/06/2025
VH,1,370,TORO,10:08 a. m.,4000,6600,18/06/2025
VH,1,385,TORO,10:09 a. m.,5000,6000,18/06/2025
VI,1,345,TORO,10:10 a. m.,5000,6200,18/06/2025
VH,1,380,TORO,10:11 a. m.,5000,5800,18/06/2025
VI,1,315,TORO,10:11 a. m.,3400,4800,18/06/2025
VH,1,485,TORO,10:12 a. m.,4600,5400,18/06/2025
VH,1,525,LA PRIMAVERA,10:13 a. m.,5000,6000,18/06/2025
VH,1,385,LA PRIMAVERA,10:15 a. m.,7000,7700,18/06/2025
VH,1,440,LA PRIMAVERA,10:16 a. m.,5000,5600,18/06/2025
VH,1,460,LA PRIMAVERA,10:17 a. m.,4500,5500,18/06/2025
VH,1,315,LA PRIMAVERA,10:18 a. m.,6800,7600,18/06/2025
VH,1,430,LA PRIMAVERA,10:19 a. m.,5500,6500,18/06/2025
VH,1,520,LA PRIMAVERA,10:21 a. m.,6600,6900,18/06/2025
HL,1,60,LA PRIMAVERA,10:22 a. m.,10000,13000,18/06/2025
HV,2,280,BOLIVAR,10:23 a. m.,7400,7600,18/06/2025
VH,1,325,BOLIVAR,10:26 a. m.,5000,5000,18/06/2025
HV,1,415,BOLIVAR,10:27 a. m.,7500,8000,18/06/2025
TR,1,395,BOLIVAR,10:29 a. m.,8000,8800,18/06/2025
TR,1,355,BOLIVAR,10:29 a. m.,8400,8600,18/06/2025
TR,1,445,BOLIVAR,10:29 a. m.,8200,8800,18/06/2025
HV,1,320,BOLIVAR,10:31 a. m.,8000,8400,18/06/2025
HV,1,285,BOLIVAR,10:33 a. m.,7800,8100,18/06/2025
HL,1,205,BOLIVAR,10:33 a. m.,7600,8600,18/06/2025
HV,1,360,BUGALAGRANDE,10:34 a. m.,7800,8400,18/06/2025
VH,1,320,BUGALAGRANDE,10:36 a. m.,5800,7200,18/06/2025
HV,2,315,BUGALAGRANDE,10:36 a. m.,6000,7500,18/06/2025
HV,2,340,BUGALAGRANDE,10:39 a. m.,7800,8200,18/06/2025
HV,2,378,BUGALAGRANDE,10:40 a. m.,7800,8350,18/06/2025
HV,2,340,BUGALAGRANDE,10:40 a. m.,8000,8200,18/06/2025
HV,1,320,BUGALAGRANDE,10:41 a. m.,7400,7800,18/06/2025
HV,3,342,BUGALAGRANDE,10:42 a. m.,8000,8450,18/06/2025
VP,1,385,YOTOCO,10:44 a. m.,5000,6000,18/06/2025
VP,1,455,YOTOCO,10:46 a. m.,6000,7000,18/06/2025
VI,1,410,YOTOCO,10:48 a. m.,3600,3600,18/06/2025
HV,5,317,BUGALAGRANDE,10:43 a. m.,8000,8250,18/06/2025
VH,1,370,YOTOCO,10:49 a. m.,3000,3000,18/06/2025
VI,1,260,YOTOCO,10:50 a. m.,4000,5200,18/06/2025
VI,1,220,YOTOCO,10:51 a. m.,4000,6500,18/06/2025
VI,1,335,YOTOCO,10:53 a. m.,4000,4800,18/06/2025
HV,1,310,YOTOCO,10:54 a. m.,7500,9500,18/06/2025
VI,1,270,YOTOCO,10:54 a. m.,3000,4600,18/06/2025
VI,1,370,YOTOCO,10:56 a. m.,4000,4400,18/06/2025
VI,1,475,YOTOCO,10:56 a. m.,4400,4400,18/06/2025
HL,1,145,LA UNION,11:01 a. m.,6500,7250,18/06/2025
VH,1,550,LA UNION,10:57 a. m.,5000,5000,18/06/2025
VH,1,330,LA UNION,11:04 a. m.,5400,7000,18/06/2025
HL,1,215,LA UNION,11:01 a. m.,7600,7800,18/06/2025
VH,1,440,LA UNION,11:04 a. m.,3600,3800,18/06/2025
VH,1,485,LA UNION,11:05 a. m.,5400,5600,18/06/2025
HL,1,135,LA UNION,11:05 a. m.,4000,7000,18/06/2025
VH,1,420,LA UNION,11:07 a. m.,7400,7900,18/06/2025
VH,1,430,LA UNION,11:08 a. m.,6800,7400,18/06/2025
HL,1,195,LA UNION,11:09 a. m.,8000,8200,18/06/2025
VH,1,420,LA UNION,11:16 a. m.,7600,8400,18/06/2025
HL,1,160,LA UNION,11:17 a. m.,8000,8400,18/06/2025
VH,1,395,LA UNION,11:17 a. m.,6000,6800,18/06/2025
HV,1,275,LA UNION,11:18 a. m.,7400,7800,18/06/2025
TR,1,425,LA UNION,11:21 a. m.,7800,8800,18/06/2025
HV,1,475,LA UNION,11:22 a. m.,7600,7800,18/06/2025
VH,1,435,LA UNION,11:23 a. m.,4800,6100,18/06/2025
ML,1,180,EL DOVIO,11:25 a. m.,7600,8600,18/06/2025
VH,1,450,EL DOVIO,11:24 a. m.,7500,10500,18/06/2025
MC,1,305,EL DOVIO,11:23 a. m.,7400,7800,18/06/2025
MC,1,270,EL DOVIO,11:26 a. m.,6400,7700,18/06/2025
TR,1,275,EL DOVIO,11:27 a. m.,7000,7600,18/06/2025
TR,1,285,EL DOVIO,11:28 a. m.,7600,8300,18/06/2025
ML,1,110,EL DOVIO,11:29 a. m.,8000,8500,18/06/2025
ML,2,172,EL DOVIO,11:29 a. m.,8600,9000,18/06/2025
VI,2,468,SAN PEDRO,11:30 a. m.,4000,5200,18/06/2025
VI,1,400,SAN PEDRO,11:31 a. m.,4000,4800,18/06/2025
VI,1,380,SAN PEDRO,11:32 a. m.,3000,3000,18/06/2025
VI,1,380,SAN PEDRO,11:33 a. m.,3000,3600,18/06/2025
VI,1,385,SAN PEDRO,11:34 a. m.,4000,4400,18/06/2025
HL,3,148,SAN PEDRO,11:35 a. m.,7000,10500,18/06/2025
HL,2,162,SAN PEDRO,11:36 a. m.,7000,7500,18/06/2025
HL,4,174,SAN PEDRO,11:37 a. m.,7000,12000,18/06/2025
HL,1,100,SAN PEDRO,11:39 a. m.,8000,8000,18/06/2025
HL,1,210,SAN PEDRO,11:39 a. m.,4000,5500,18/06/2025
HL,2,160,SAN PEDRO,11:41 a. m.,6500,7000,18/06/2025
ML,1,175,ROLDANILLO,11:42 a. m.,3000,4000,18/06/2025
MC,1,300,ROLDANILLO,11:46 a. m.,6400,7000,18/06/2025
VI,1,360,ROLDANILLO,11:46 a. m.,4000,4600,18/06/2025
VH,1,340,ROLDANILLO,11:48 a. m.,3800,3800,18/06/2025
HV,5,270,SEVILLA,11:48 a. m.,8000,8100,18/06/2025
HL,1,200,SEVILLA,11:59 a. m.,8500,10500,18/06/2025
ML,1,130,SEVILLA,11:59 a. m.,12000,13500,18/06/2025
HL,1,95,SEVILLA,12:00 p. m.,10000,12000,18/06/2025
MC,1,250,SEVILLA,11:57 a. m.,8000,8800,18/06/2025
ML,4,179,SEVILLA,12:01 p. m.,9400,11250,18/06/2025
HV,2,225,SEVILLA,12:02 p. m.,6400,7700,18/06/2025
HV,4,284,SEVILLA,12:03 p. m.,7800,7900,18/06/2025
HV,2,278,SEVILLA,12:04 p. m.,7400,7900,18/06/2025
ML,7,208,BUGALAGRANDE,12:05 p. m.,8000,8850,18/06/2025
ML,4,240,BUGALAGRANDE,12:07 p. m.,7800,8500,18/06/2025
ML,1,230,BUGALAGRANDE,12:08 p. m.,7400,7800,18/06/2025
ML,6,182,BUGALAGRANDE,12:11 p. m.,8600,9200,18/06/2025
ML,5,162,BUGALAGRANDE,12:15 p. m.,8800,10400,18/06/2025
ML,4,132,BUGALAGRANDE,12:16 p. m.,5000,7250,18/06/2025
ML,1,185,BUGALAGRANDE,12:15 p. m.,7000,8200,18/06/2025
VH,2,388,SEVILLA,12:17 p. m.,6000,6700,18/06/2025
VH,1,430,SEVILLA,12:18 p. m.,4800,5400,18/06/2025
VI,1,340,SEVILLA,12:21 p. m.,3000,3600,18/06/2025
VH,2,322,SEVILLA,12:21 p. m.,6000,7000,18/06/2025
ML,1,140,SEVILLA,12:25 p. m.,10500,11500,18/06/2025
HV,1,270,SEVILLA,12:23 p. m.,6600,6800,18/06/2025
HL,1,85,SEVILLA,12:22 p. m.,9000,13000,18/06/2025
HV,1,295,SEVILLA,12:23 p. m.,4500,6000,18/06/2025
VH,1,565,TRUJILLO,12:29 p. m.,7400,8000,18/06/2025
HV,1,375,TRUJILLO,12:32 p. m.,7600,8200,18/06/2025
VH,2,430,TRUJILLO,12:33 p. m.,7400,8300,18/06/2025
VH,2,468,TRUJILLO,12:36 p. m.,7000,7700,18/06/2025
VH,1,460,TRUJILLO,12:36 p. m.,6000,7200,18/06/2025
VH,2,408,TRUJILLO,12:37 p. m.,7200,7500,18/06/2025
ML,1,105,TRUJILLO,12:43 p. m.,10500,11500,18/06/2025
ML,3,98,YOTOCO,12:54 p. m.,10000,12250,18/06/2025
HL,1,185,TRUJILLO,12:40 p. m.,7600,8200,18/06/2025
HL,1,125,TRUJILLO,12:42 p. m.,11000,11000,18/06/2025
ML,1,210,TRUJILLO,12:41 p. m.,8400,9000,18/06/2025
HV,1,325,TRUJILLO,12:45 p. m.,7000,8400,18/06/2025
VH,1,585,TRUJILLO,12:45 p. m.,6200,6800,18/06/2025
VH,1,370,TRUJILLO,12:46 p. m.,5800,6800,18/06/2025
VI,1,645,TRUJILLO,12:48 p. m.,4000,5600,18/06/2025
ML,1,120,YOTOCO,12:51 p. m.,5000,8000,18/06/2025
ML,1,55,YOTOCO,12:49 p. m.,4000,4000,18/06/2025
ML,1,55,YOTOCO,12:52 p. m.,6000,8000,18/06/2025
HL,4,65,YOTOCO,12:56 p. m.,13500,13500,18/06/2025
HL,2,148,YOTOCO,12:58 p. m.,5000,8250,18/06/2025
ML,2,72,YOTOCO,12:59 p. m.,8000,8750,18/06/2025
HL,2,100,YOTOCO,01:05 p. m.,9500,10000,18/06/2025
HV,1,330,SAN PEDRO,01:01 p. m.,7600,8000,18/06/2025
VH,1,465,SAN PEDRO,01:06 p. m.,7600,8000,18/06/2025
VH,1,410,SAN PEDRO,01:07 p. m.,5800,7200,18/06/2025
HV,1,320,SAN PEDRO,01:08 p. m.,7600,7600,18/06/2025
MC,2,282,SAN PEDRO,01:10 p. m.,8400,9000,18/06/2025
HV,2,252,DARIEN,01:15 p. m.,7800,8200,18/06/2025
HV,3,267,DARIEN,01:16 p. m.,7600,7850,18/06/2025
HL,3,242,DARIEN,01:17 p. m.,7000,7400,18/06/2025
TR,4,254,DARIEN,01:24 p. m.,8600,9300,18/06/2025
HV,3,303,SAN VICENTE,01:25 p. m.,7400,7950,18/06/2025
VH,1,260,SAN VICENTE,01:26 p. m.,6000,8200,18/06/2025
HL,5,245,SAN VICENTE,01:26 p. m.,7800,8200,18/06/2025
ML,1,225,SAN VICENTE,01:28 p. m.,8000,8800,18/06/2025
HL,9,204,SEVILLA,01:29 p. m.,7800,8100,18/06/2025
HL,8,206,SEVILLA,01:31 p. m.,7800,8100,18/06/2025
HL,1,85,RIOFRIO,01:37 p. m.,8000,12000,18/06/2025
HL,1,60,RIOFRIO,01:35 p. m.,11000,13000,18/06/2025
ML,1,40,RIOFRIO,01:43 p. m.,4000,9250,18/06/2025
HL,1,35,RIOFRIO,01:37 p. m.,8000,11000,18/06/2025
ML,12,135,MONTERIA,01:38 p. m.,9000,10250,18/06/2025
HL,1,145,MONTERIA,01:43 p. m.,6000,9250,18/06/2025
ML,9,140,MONTERIA,01:44 p. m.,8600,10000,18/06/2025
ML,6,131,MONTERIA,01:45 p. m.,8400,10600,18/06/2025
ML,5,163,MONTERIA,01:46 p. m.,7000,8300,18/06/2025
HL,5,126,SEVILLA,01:48 p. m.,10000,10000,18/06/2025
HL,5,117,SEVILLA,01:58 p. m.,9500,10500,18/06/2025
ML,8,111,SEVILLA,01:58 p. m.,10000,11700,18/06/2025
ML,7,126,SEVILLA,02:00 p. m.,9000,10300,18/06/2025
TO,1,760,BUGALAGRANDE,02:05 p. m.,7000,7800,18/06/2025
VI,3,413,BUGALAGRANDE,02:10 p. m.,4000,4800,18/06/2025
VI,2,385,BUGALAGRANDE,02:11 p. m.,3000,3600,18/06/2025
VI,2,402,BUGALAGRANDE,02:12 p. m.,4200,4800,18/06/2025
VH,2,480,BUGALAGRANDE,02:13 p. m.,7000,7300,18/06/2025
VH,1,380,BUGALAGRANDE,02:16 p. m.,7000,7000,18/06/2025
HL,2,145,RIOFRIO,02:17 p. m.,6000,9250,18/06/2025
VI,3,320,BUGALAGRANDE,02:09 p. m.,3800,4800,18/06/2025
ML,5,215,RIOFRIO,02:23 p. m.,8400,9100,18/06/2025
ML,1,145,RIOFRIO,02:23 p. m.,8000,10000,18/06/2025
ML,7,120,RIOFRIO,02:23 p. m.,9400,10800,18/06/2025
VH,3,412,GINEBRA,02:26 p. m.,6000,6400,18/06/2025
ML,1,50,GINEBRA,02:27 p. m.,4000,12000,18/06/2025
ML,1,65,GINEBRA,02:28 p. m.,8000,11000,18/06/2025
TR,1,340,GINEBRA,02:29 p. m.,7800,7800,18/06/2025
VH,1,495,GINEBRA,02:33 p. m.,5800,6800,18/06/2025
VH,3,370,GINEBRA,02:33 p. m.,6000,6650,18/06/2025
VI,1,390,CAICEDONIA,02:35 p. m.,4000,4000,18/06/2025
VI,1,410,CAICEDONIA,02:39 p. m.,3000,4000,18/06/2025
HL,1,110,LA UNION,03:04 p. m.,9000,9000,18/06/2025
HL,2,175,BUGALAGRANDE,05:53 a. m.,8500,8650,25/03/2026
HL,3,235,BUGALAGRANDE,05:53 a. m.,8400,8700,25/03/2026
HV,3,275,BUGALAGRANDE,05:57 a. m.,8000,8850,25/03/2026
HV,1,270,BUGALAGRANDE,05:58 a. m.,7800,8500,25/03/2026
HL,2,240,BUGALAGRANDE,05:58 a. m.,7000,7850,25/03/2026
ML,2,122,SAN VICENTE,06:04 a. m.,9000,12000,25/03/2026
ML,10,152,SAN VICENTE,06:05 a. m.,11000,13250,25/03/2026
ML,6,167,SAN VICENTE,06:09 a. m.,9000,12000,25/03/2026
ML,1,195,SAN VICENTE,06:09 a. m.,8600,10000,25/03/2026
VH,1,320,GUACARI,06:40 a. m.,6600,7700,25/03/2026
VH,1,375,GUACARI,06:41 a. m.,6000,6900,25/03/2026
HV,2,342,GUACARI,06:43 a. m.,8700,9300,25/03/2026
HL,1,205,GUACARI,06:43 a. m.,8000,8600,25/03/2026
HV,1,290,ZARZAL,06:55 a. m.,8400,8600,25/03/2026
TR,1,330,ZARZAL,06:56 a. m.,8400,8800,25/03/2026
TR,1,305,ZARZAL,06:57 a. m.,7600,8350,25/03/2026
HL,1,230,LA UNION,07:03 a. m.,8000,8800,25/03/2026
HV,1,315,LA UNION,07:04 a. m.,6400,7800,25/03/2026
HL,3,188,LA UNION,07:05 a. m.,7600,8100,25/03/2026
ML,2,198,LA UNION,07:06 a. m.,8000,10300,25/03/2026
ML,6,207,BUGALAGRANDE,07:08 a. m.,7400,8200,25/03/2026
ML,4,231,BUGALAGRANDE,07:11 a. m.,6600,8800,25/03/2026
MC,3,258,BUGALAGRANDE,07:12 a. m.,7400,8200,25/03/2026
VH,1,340,EL DOVIO,07:17 a. m.,7000,7800,25/03/2026
HV,1,320,EL DOVIO,07:18 a. m.,8000,9200,25/03/2026
VH,1,360,EL DOVIO,07:19 a. m.,6600,8000,25/03/2026
VH,1,345,EL DOVIO,07:20 a. m.,6600,7900,25/03/2026
VH,1,380,EL DOVIO,07:22 a. m.,6600,7650,25/03/2026
VH,2,300,EL DOVIO,07:23 a. m.,6600,7500,25/03/2026
MC,1,270,LA HONDA,07:31 a. m.,5000,6500,25/03/2026
HV,1,255,ZARZAL,07:29 a. m.,7600,8400,25/03/2026
HV,1,280,ZARZAL,07:28 a. m.,7000,7900,25/03/2026
HV,1,265,ZARZAL,07:34 a. m.,7000,7750,25/03/2026
HL,2,190,LA VICTORIA,07:25 a. m.,5000,6400,25/03/2026
HL,1,175,LA VICTORIA,07:36 a. m.,7000,8200,25/03/2026
ML,1,115,LA VICTORIA,07:36 a. m.,6000,7800,25/03/2026
HL,1,110,LA VICTORIA,07:37 a. m.,7600,10000,25/03/2026
HL,1,225,LA VICTORIA,07:37 a. m.,5000,5400,25/03/2026
ML,1,130,ROLDANILLO,07:41 a. m.,6600,7500,25/03/2026
HL,2,120,MONTERIA,07:43 a. m.,10000,11100,25/03/2026
HL,1,95,MONTERIA,07:45 a. m.,11000,12300,25/03/2026
ML,2,85,MONTERIA,07:46 a. m.,11000,13100,25/03/2026
ML,1,100,MONTERIA,07:48 a. m.,9000,10800,25/03/2026
ML,1,115,MONTERIA,07:48 a. m.,10600,11800,25/03/2026
VH,6,317,MONTERIA,07:53 a. m.,7000,8600,25/03/2026
VH,2,298,MONTERIA,07:54 a. m.,7000,8200,25/03/2026
HV,1,275,MONTERIA,07:56 a. m.,5800,6400,25/03/2026
HL,8,240,PALMIRA,07:58 a. m.,7800,8900,25/03/2026
HL,4,180,PALMIRA,07:59 a. m.,8200,9200,25/03/2026
HL,7,126,PALMIRA,08:02 a. m.,8200,10200,25/03/2026
HL,1,160,PALMIRA,08:09 a. m.,6000,7200,25/03/2026
HL,1,90,PALMIRA,08:09 a. m.,8000,12000,25/03/2026
HL,1,215,PALMIRA,08:04 a. m.,7400,8400,25/03/2026
HL,1,210,PALMIRA,08:08 a. m.,6000,6800,25/03/2026
HL,1,125,PALMIRA,08:07 a. m.,7000,7200,25/03/2026
HL,4,162,PALMIRA,08:07 a. m.,8200,8600,25/03/2026
VH,1,360,ZARZAL,08:10 a. m.,6600,7900,25/03/2026
HL,1,85,ZARZAL,08:14 a. m.,10000,11100,25/03/2026
ML,1,100,ZARZAL,08:13 a. m.,7000,7600,25/03/2026
HL,1,170,ZARZAL,08:11 a. m.,8800,10000,25/03/2026
VP,1,420,SEVILLA,08:15 a. m.,7000,8300,25/03/2026
VH,1,330,SEVILLA,08:17 a. m.,6000,7300,25/03/2026
VH,1,280,SEVILLA,08:17 a. m.,5000,6500,25/03/2026
HL,6,228,BOLIVAR,08:18 a. m.,8000,8900,25/03/2026
HV,2,268,BOLIVAR,08:19 a. m.,8000,8500,25/03/2026
HL,1,160,BOLIVAR,08:21 a. m.,8000,8000,25/03/2026
HL,1,200,BOLIVAR,08:21 a. m.,7000,8200,25/03/2026
ML,1,230,SEVILLA,08:25 a. m.,7400,7900,25/03/2026
HL,1,135,SEVILLA,08:26 a. m.,7400,9600,25/03/2026
HL,1,155,SEVILLA,08:27 a. m.,8000,8800,25/03/2026
VH,1,325,SEVILLA,08:29 a. m.,5000,7000,25/03/2026
TR,1,255,SEVILLA,08:33 a. m.,6400,7500,25/03/2026
ML,1,115,SEVILLA,08:34 a. m.,7600,7800,25/03/2026
HL,5,145,TORO,08:52 a. m.,8600,9100,25/03/2026
HL,3,213,TORO,08:50 a. m.,8400,8700,25/03/2026
HL,3,228,TORO,08:35 a. m.,8000,8950,25/03/2026
HL,2,198,TORO,08:53 a. m.,8400,9100,25/03/2026
HL,1,205,BUGALAGRANDE,09:01 a. m.,7400,7400,25/03/2026
TR,1,285,BUGALAGRANDE,08:59 a. m.,6000,6000,25/03/2026
ML,1,165,BUGALAGRANDE,09:00 a. m.,8600,9500,25/03/2026
HL,2,242,TORO,09:05 a. m.,8000,9050,25/03/2026
VH,1,460,MONTERIA,09:06 a. m.,7000,8000,25/03/2026
HL,4,159,MONTERIA,09:07 a. m.,8000,8800,25/03/2026
HL,1,135,MONTERIA,09:11 a. m.,8600,9400,25/03/2026
HV,1,255,TORO,08:56 a. m.,8400,8600,25/03/2026
HL,1,245,MONTERIA,09:10 a. m.,6700,7400,25/03/2026
HL,3,140,MONTERIA,09:09 a. m.,7600,8600,25/03/2026
ML,4,130,MONTERIA,09:13 a. m.,9400,9800,25/03/2026
ML,6,136,MONTERIA,09:17 a. m.,9000,10200,25/03/2026
ML,6,148,MONTERIA,09:19 a. m.,7800,8000,25/03/2026
ML,4,130,MONTERIA,09:20 a. m.,8000,8400,25/03/2026
TR,4,302,LA VICTORIA,09:22 a. m.,6000,7500,25/03/2026
VH,1,355,TULUA,09:30 a. m.,9000,11550,25/03/2026
VH,1,400,TULUA,09:32 a. m.,5000,6300,25/03/2026
VH,1,360,TULUA,09:34 a. m.,7000,8200,25/03/2026
VI,1,290,TULUA,09:32 a. m.,3000,4000,25/03/2026
HL,1,80,TULUA,09:34 a. m.,9000,10300,25/03/2026
ML,1,110,TULUA,09:35 a. m.,9600,11800,25/03/2026
ML,1,110,TULUA,09:35 a. m.,6000,8450,25/03/2026
TR,1,290,LA VICTORIA,09:29 a. m.,6000,7500,25/03/2026
MC,1,310,LA VICTORIA,09:27 a. m.,8000,9250,25/03/2026
MC,1,310,LA VICTORIA,09:29 a. m.,4800,7150,25/03/2026
HV,2,330,SANTANDER DE QUILICHAO,09:48 a. m.,6600,7600,25/03/2026
HV,1,300,SANTANDER DE QUILICHAO,09:49 a. m.,8600,9200,25/03/2026
HV,2,308,SANTANDER DE QUILICHAO,09:49 a. m.,8200,9000,25/03/2026
BH,3,250,SANTANDER DE QUILICHAO,09:52 a. m.,6800,8000,25/03/2026
HL,2,245,LA UNION,09:39 a. m.,7600,7600,25/03/2026
VH,1,415,LA UNION,09:42 a. m.,5800,6800,25/03/2026
HL,1,90,LA UNION,09:46 a. m.,10000,12800,25/03/2026
ML,2,122,LA UNION,09:43 a. m.,7600,8800,25/03/2026
BF,2,310,SANTANDER DE QUILICHAO,09:55 a. m.,8200,8200,25/03/2026
BF,2,310,SANTANDER DE QUILICHAO,09:56 a. m.,7600,8450,25/03/2026
BF,2,282,SANTANDER DE QUILICHAO,09:57 a. m.,8200,8500,25/03/2026
BF,2,278,SANTANDER DE QUILICHAO,09:58 a. m.,8000,8350,25/03/2026
HL,6,152,CAQUETA,09:59 a. m.,8200,9500,25/03/2026
HL,8,149,CAQUETA,10:04 a. m.,8400,9000,25/03/2026
ML,2,102,CAQUETA,10:08 a. m.,9000,10800,25/03/2026
HL,3,152,CAQUETA,10:10 a. m.,8000,9150,25/03/2026
HL,2,165,CAQUETA,10:18 a. m.,8000,8600,25/03/2026
HL,1,105,CAQUETA,10:21 a. m.,9400,12400,25/03/2026
HL,1,200,CAQUETA,10:20 a. m.,7800,8450,25/03/2026
HL,1,190,CAQUETA,10:23 a. m.,7600,8600,25/03/2026
HL,1,145,CAQUETA,10:24 a. m.,6000,7150,25/03/2026
HL,1,200,CAQUETA,10:22 a. m.,8000,8650,25/03/2026
ML,1,100,CAQUETA,10:23 a. m.,6400,6400,25/03/2026
HL,3,115,CAQUETA,10:24 a. m.,8000,9600,25/03/2026
HV,2,278,ZARZAL,10:25 a. m.,7600,8500,25/03/2026
MC,1,285,ZARZAL,10:26 a. m.,7500,7900,25/03/2026
HV,1,350,ZARZAL,10:28 a. m.,7400,7900,25/03/2026
HL,1,185,ZARZAL,10:28 a. m.,7600,9400,25/03/2026
HL,1,220,ZARZAL,10:39 a. m.,7000,7800,25/03/2026
HL,2,95,PALMIRA,10:29 a. m.,8000,9200,25/03/2026
VH,1,425,ZARZAL,10:41 a. m.,4000,5400,25/03/2026
VH,1,495,PALMIRA,10:33 a. m.,4000,5600,25/03/2026
ML,1,200,PALMIRA,10:34 a. m.,9000,9800,25/03/2026
HV,1,350,PALMIRA,10:33 a. m.,8000,9200,25/03/2026
HL,1,210,PALMIRA,10:35 a. m.,7400,8000,25/03/2026
VH,1,485,PALMIRA,10:36 a. m.,5800,7300,25/03/2026
ML,1,235,PALMIRA,10:37 a. m.,6000,7800,25/03/2026
ML,1,215,PALMIRA,10:38 a. m.,7400,8500,25/03/2026
ML,1,135,PALMIRA,10:37 a. m.,8400,9700,25/03/2026
HL,1,175,PALMIRA,10:38 a. m.,7600,8750,25/03/2026
HL,1,245,ZARZAL,10:42 a. m.,5000,6200,25/03/2026
VH,1,435,ZARZAL,10:44 a. m.,5000,6500,25/03/2026
VH,1,545,EL DOVIO,10:44 a. m.,4800,7050,25/03/2026
VI,1,310,EL DOVIO,10:46 a. m.,3000,3800,25/03/2026
HL,6,131,CAUCASIA,10:52 a. m.,8600,9200,25/03/2026
TR,1,345,EL DOVIO,10:49 a. m.,8700,9400,25/03/2026
TR,1,335,EL DOVIO,10:46 a. m.,9000,9300,25/03/2026
VH,1,355,EL DOVIO,10:50 a. m.,5000,7400,25/03/2026
TR,1,400,EL DOVIO,10:51 a. m.,9400,10000,25/03/2026
TR,1,360,EL DOVIO,10:52 a. m.,9000,9700,25/03/2026
VH,1,390,RIOFRIO,10:59 a. m.,4600,6000,25/03/2026
VH,1,470,RIOFRIO,11:02 a. m.,5800,6700,25/03/2026
ML,1,105,RIOFRIO,11:01 a. m.,10400,11200,25/03/2026
ML,1,110,RIOFRIO,11:01 a. m.,10000,10700,25/03/2026
HL,6,143,CAUCASIA,10:54 a. m.,8600,9400,25/03/2026
HL,1,140,CAUCASIA,10:57 a. m.,4000,5000,25/03/2026
HL,1,190,CAUCASIA,10:55 a. m.,7600,9000,25/03/2026
HV,2,382,LA UNION,11:08 a. m.,8000,9600,25/03/2026
VH,1,500,LA UNION,11:09 a. m.,5200,5600,25/03/2026
VP,1,465,LA UNION,11:07 a. m.,7000,7200,25/03/2026
VP,1,510,LA UNION,11:02 a. m.,6400,6600,25/03/2026
HL,8,231,LA VICTORIA,11:09 a. m.,8000,9300,25/03/2026
HV,4,254,LA VICTORIA,11:11 a. m.,8000,8800,25/03/2026
HL,4,241,LA VICTORIA,11:12 a. m.,8000,9000,25/03/2026
ML,1,220,PEREIRA,11:18 a. m.,9400,10100,25/03/2026
ML,1,195,PEREIRA,11:18 a. m.,9500,9800,25/03/2026
TR,1,310,PEREIRA,11:16 a. m.,7800,8500,25/03/2026
ML,1,165,PEREIRA,11:17 a. m.,9600,10600,25/03/2026
ML,1,115,PEREIRA,11:14 a. m.,8600,9650,25/03/2026
ML,2,115,PEREIRA,11:19 a. m.,11000,11100,25/03/2026
HL,1,95,PEREIRA,11:20 a. m.,10400,10600,25/03/2026
ML,2,80,PEREIRA,11:21 a. m.,10600,13100,25/03/2026
VH,1,390,PEREIRA,11:22 a. m.,6400,7800,25/03/2026
HL,1,110,PEREIRA,11:25 a. m.,8000,9400,25/03/2026
HL,3,153,BOLIVAR,11:42 a. m.,8200,9000,25/03/2026
VH,1,570,BOLIVAR,11:35 a. m.,7000,7600,25/03/2026
VP,1,480,BOLIVAR,11:37 a. m.,6600,6900,25/03/2026
VH,2,425,BOLIVAR,11:39 a. m.,5400,7000,25/03/2026
VP,1,480,BOLIVAR,11:40 a. m.,8000,8800,25/03/2026
HV,1,295,BOLIVAR,11:49 a. m.,8000,8850,25/03/2026
HV,1,325,BOLIVAR,11:46 a. m.,8200,8950,25/03/2026
ML,1,145,BOLIVAR,11:50 a. m.,8000,9250,25/03/2026
ML,1,95,BOLIVAR,11:49 a. m.,10000,12600,25/03/2026
TR,1,195,BOLIVAR,11:48 a. m.,8600,8800,25/03/2026
ML,1,225,ZARZAL,11:52 a. m.,8200,8600,25/03/2026
ML,1,230,ZARZAL,11:50 a. m.,8200,9600,25/03/2026
HL,3,152,BUGALAGRANDE,11:53 a. m.,8000,10600,25/03/2026
HL,2,115,BUGALAGRANDE,11:55 a. m.,8600,9800,25/03/2026
HL,1,215,BUGALAGRANDE,12:03 p. m.,8000,8900,25/03/2026
ML,2,105,BUGALAGRANDE,12:14 p. m.,8000,10200,25/03/2026
ML,6,78,BUGALAGRANDE,12:17 p. m.,9400,9800,25/03/2026
VH,5,283,TANGUA,12:19 p. m.,7000,8800,25/03/2026
VH,6,293,TANGUA,12:22 p. m.,7400,8700,25/03/2026
HL,1,240,TANGUA,12:24 p. m.,7600,8300,25/03/2026
HV,1,300,TANGUA,12:24 p. m.,6600,8500,25/03/2026
HV,1,255,TANGUA,12:25 p. m.,7200,7600,25/03/2026
MC,1,325,LA UNION,12:31 p. m.,8400,9200,25/03/2026
HL,2,245,LA UNION,12:32 p. m.,8000,8000,25/03/2026
HV,2,282,TANGUA,12:25 p. m.,7400,8200,25/03/2026
ML,1,85,LA UNION,12:43 p. m.,7600,10000,25/03/2026
VH,1,235,LA UNION,12:50 p. m.,7400,8800,25/03/2026
HV,1,250,LA UNION,12:47 p. m.,6600,7600,25/03/2026
TR,2,250,LA UNION,12:43 p. m.,8400,9000,25/03/2026
HV,2,320,EL DOVIO,12:52 p. m.,8200,8800,25/03/2026
HV,3,345,EL DOVIO,12:54 p. m.,8200,9500,25/03/2026
HV,3,310,EL DOVIO,12:54 p. m.,8000,9100,25/03/2026
MC,1,290,TRUJILLO,12:59 p. m.,8700,8950,25/03/2026
ML,1,115,TRUJILLO,01:00 p. m.,7400,8150,25/03/2026
ML,1,235,TRUJILLO,12:56 p. m.,9400,9600,25/03/2026
MC,1,375,TRUJILLO,12:59 p. m.,9000,9650,25/03/2026
MC,1,400,TRUJILLO,12:59 p. m.,9000,9700,25/03/2026
VH,1,450,LA UNION,01:00 p. m.,7600,9000,25/03/2026
HV,1,260,LA UNION,01:02 p. m.,6000,6200,25/03/2026
VI,1,350,LA UNION,01:02 p. m.,3600,4400,25/03/2026
ML,2,130,ANDALUCIA,01:03 p. m.,6000,8000,25/03/2026
ML,2,155,ANDALUCIA,01:05 p. m.,6800,8300,25/03/2026
HV,1,355,ROLDANILLO,01:07 p. m.,8400,9400,25/03/2026
HV,4,339,ROLDANILLO,01:09 p. m.,8600,9400,25/03/2026
ML,2,122,ANDALUCIA,01:05 p. m.,7400,8450,25/03/2026
HV,3,393,ROLDANILLO,01:09 p. m.,9000,9650,25/03/2026
ML,1,110,PEREIRA,01:10 p. m.,6000,7000,25/03/2026
HL,5,189,PEREIRA,01:17 p. m.,8200,9200,25/03/2026
HV,6,262,PEREIRA,01:15 p. m.,7600,8600,25/03/2026
HL,6,176,PEREIRA,01:19 p. m.,8000,8000,25/03/2026
HL,7,117,PEREIRA,01:22 p. m.,8200,9400,25/03/2026
ML,1,85,PEREIRA,01:30 p. m.,7000,9200,25/03/2026
HL,1,150,PEREIRA,01:25 p. m.,3000,3500,25/03/2026
ML,1,175,PEREIRA,01:26 p. m.,7000,7600,25/03/2026
ML,2,142,PEREIRA,01:27 p. m.,8400,9400,25/03/2026
HL,8,231,LA VICTORIA,01:35 p. m.,8000,8800,25/03/2026
HL,8,221,LA VICTORIA,01:36 p. m.,8000,8700,25/03/2026
HL,1,210,PEREIRA,01:31 p. m.,5000,5800,25/03/2026
VI,1,440,RESTREPO,02:24 p. m.,4800,6000,25/03/2026
VH,1,400,RESTREPO,02:44 p. m.,3000,5200,25/03/2026
HV,1,285,RESTREPO,02:45 p. m.,7400,7700,25/03/2026
VI,1,315,RESTREPO,02:49 p. m.,2000,4300,25/03/2026
HL,1,110,RESTREPO,02:49 p. m.,8000,10200,25/03/2026
VH,1,460,BOLIVAR,02:51 p. m.,7550,7550,25/03/2026
HL,7,174,SANTANDER DE QUILICHAO,06:04 a. m.,6000,6600,15/10/2025
HL,7,179,SANTANDER DE QUILICHAO,06:07 a. m.,7000,7200,15/10/2025
HL,1,225,SANTANDER DE QUILICHAO,06:10 a. m.,5000,5600,15/10/2025
HL,3,188,SANTANDER DE QUILICHAO,06:11 a. m.,5000,7000,15/10/2025
HL,5,231,SANTANDER DE QUILICHAO,06:24 a. m.,7600,8000,15/10/2025
HL,1,210,SANTANDER DE QUILICHAO,06:30 a. m.,5000,5600,15/10/2025
HL,1,245,ZARZAL,06:35 a. m.,6800,7600,15/10/2025
HL,1,205,ZARZAL,06:53 a. m.,8000,8400,15/10/2025
MC,2,315,LA UNION,06:54 a. m.,6000,7200,15/10/2025
MC,7,336,LA UNION,06:56 a. m.,7800,8400,15/10/2025
MC,1,385,LA UNION,07:04 a. m.,5000,7400,15/10/2025
MC,7,350,LA UNION,07:05 a. m.,7800,8250,15/10/2025
MC,6,329,LA UNION,07:07 a. m.,7800,8200,15/10/2025
VH,6,312,CAQUETA,07:09 a. m.,7000,8000,15/10/2025
VH,4,325,CAQUETA,07:12 a. m.,6400,7600,15/10/2025
TR,1,435,ZARZAL,07:14 a. m.,8000,8700,15/10/2025
VH,1,355,CAQUETA,07:14 a. m.,7000,8100,15/10/2025
HV,1,395,CAQUETA,07:20 a. m.,7400,7700,15/10/2025
VH,1,425,CAQUETA,07:20 a. m.,7600,8200,15/10/2025
VH,1,410,CAQUETA,07:22 a. m.,6600,7500,15/10/2025
VH,3,402,CAQUETA,07:23 a. m.,7600,8400,15/10/2025
VH,2,318,CAQUETA,07:23 a. m.,6000,6500,15/10/2025
HL,4,215,CAQUETA,07:24 a. m.,8000,8500,15/10/2025
HL,2,200,CAQUETA,07:26 a. m.,7000,8400,15/10/2025
ML,5,173,CAQUETA,07:28 a. m.,8800,9700,15/10/2025
HL,2,165,CAQUETA,07:28 a. m.,8000,8600,15/10/2025
ML,2,225,CAQUETA,07:31 a. m.,7800,8700,15/10/2025
ML,2,180,CAQUETA,07:32 a. m.,8800,8800,15/10/2025
VH,1,390,ANSERMANUEVO,07:33 a. m.,8000,10800,15/10/2025
VH,1,455,ANSERMANUEVO,07:37 a. m.,7800,11200,15/10/2025
ML,1,195,ANSERMANUEVO,07:36 a. m.,9000,9400,15/10/2025
HV,1,335,ANSERMANUEVO,07:37 a. m.,6400,7000,15/10/2025
VH,1,380,ZARZAL,07:38 a. m.,7600,8400,15/10/2025
VH,1,355,LA UNION,07:40 a. m.,7600,10000,15/10/2025
VH,1,410,LA UNION,07:41 a. m.,6000,9200,15/10/2025
VH,1,385,LA UNION,07:42 a. m.,6800,11400,15/10/2025
HL,6,185,CAUCASIA,07:43 a. m.,8400,9200,15/10/2025
HL,3,168,PLATO,07:47 a. m.,7000,7400,15/10/2025
VH,1,360,PLATO,07:49 a. m.,7400,7800,15/10/2025
ML,1,215,PLATO,07:51 a. m.,8600,8600,15/10/2025
ML,6,68,PLATO,07:52 a. m.,11000,11200,15/10/2025
HL,4,85,PLATO,07:59 a. m.,10000,11400,15/10/2025
MC,4,270,YOTOCO,08:00 a. m.,8000,8300,15/10/2025
MC,5,258,YOTOCO,08:03 a. m.,7000,7600,15/10/2025
HV,1,315,LA UNION,08:06 a. m.,7400,8600,15/10/2025
VH,1,340,LA UNION,08:09 a. m.,6000,7200,15/10/2025
VH,1,360,LA UNION,08:10 a. m.,7400,8000,15/10/2025
HL,2,105,LA UNION,08:26 a. m.,9800,11000,15/10/2025
HL,7,94,LA UNION,08:27 a. m.,11000,12600,15/10/2025
HL,2,122,LA UNION,08:29 a. m.,10000,10800,15/10/2025
HL,4,99,LA UNION,08:31 a. m.,11000,11600,15/10/2025
TR,1,275,ZARZAL,08:36 a. m.,8000,8600,15/10/2025
TR,1,310,ZARZAL,08:39 a. m.,8000,8500,15/10/2025
VH,1,500,YOTOCO,08:51 a. m.,8000,9400,15/10/2025
VH,1,300,YOTOCO,08:52 a. m.,6800,8000,15/10/2025
VH,1,425,YOTOCO,08:53 a. m.,7000,9200,15/10/2025
VI,1,405,YOTOCO,08:54 a. m.,4000,5000,15/10/2025
VH,1,380,YOTOCO,08:57 a. m.,6000,7400,15/10/2025
ML,1,230,YOTOCO,08:56 a. m.,7000,8400,15/10/2025
VH,1,425,YOTOCO,09:01 a. m.,5000,6000,15/10/2025
VI,1,380,CAUCASIA,09:05 a. m.,3000,4400,15/10/2025
VH,1,260,CAUCASIA,09:07 a. m.,5800,7600,15/10/2025
VP,1,575,YOTOCO,09:03 a. m.,6400,6600,15/10/2025
ML,3,142,CAUCASIA,09:15 a. m.,9400,10000,15/10/2025
ML,3,137,CAUCASIA,09:16 a. m.,10200,10800,15/10/2025
HL,3,132,CAUCASIA,09:17 a. m.,9000,9400,15/10/2025
VP,1,345,LA UNION,09:20 a. m.,8000,9600,15/10/2025
HV,1,250,LA UNION,09:22 a. m.,7400,8000,15/10/2025
HV,1,260,LA UNION,09:23 a. m.,6000,7200,15/10/2025
HV,4,355,RIOFRIO,09:24 a. m.,8200,9000,15/10/2025
HV,1,250,RIOFRIO,09:26 a. m.,8000,8200,15/10/2025
HV,4,316,RIOFRIO,09:30 a. m.,8400,8800,15/10/2025
VI,1,360,OBANDO,09:31 a. m.,4000,6400,15/10/2025
HV,1,305,RIOFRIO,09:29 a. m.,8000,8600,15/10/2025
HV,1,305,RIOFRIO,09:28 a. m.,7600,8500,15/10/2025
VH,1,370,OBANDO,09:33 a. m.,7000,7600,15/10/2025
HV,1,365,OBANDO,09:35 a. m.,7000,7600,15/10/2025
VH,1,490,SEVILLA,09:35 a. m.,8000,12000,15/10/2025
TR,1,340,SEVILLA,09:37 a. m.,8600,11000,15/10/2025
TO,1,570,SEVILLA,09:37 a. m.,8600,9000,15/10/2025
HV,1,395,SEVILLA,09:38 a. m.,8600,11800,15/10/2025
HV,1,370,SEVILLA,09:40 a. m.,8400,8600,15/10/2025
HL,2,242,CAICEDONIA,09:43 a. m.,6000,6600,15/10/2025
VH,1,515,SEVILLA,09:41 a. m.,7000,7900,15/10/2025
MC,1,315,TRUJILLO,09:55 a. m.,6000,7500,15/10/2025
ML,1,220,TRUJILLO,09:56 a. m.,8800,9500,15/10/2025
MC,1,270,TRUJILLO,09:56 a. m.,5600,6000,15/10/2025
ML,6,102,CAICEDONIA,09:54 a. m.,9000,10800,15/10/2025
ML,3,140,TRUJILLO,09:57 a. m.,9000,9800,15/10/2025
VH,1,385,EL TABLAZO,09:58 a. m.,3000,3800,15/10/2025
VH,1,430,EL TABLAZO,10:03 a. m.,7400,7700,15/10/2025
VI,1,360,EL TABLAZO,10:03 a. m.,3200,4800,15/10/2025
VP,1,445,EL TABLAZO,10:04 a. m.,5800,6000,15/10/2025
VP,1,535,EL TABLAZO,10:05 a. m.,5400,5400,15/10/2025
VH,1,375,LA UNION,10:08 a. m.,6000,6000,15/10/2025
VP,1,345,LA UNION,10:21 a. m.,7400,8800,15/10/2025
HL,3,158,TORO,10:22 a. m.,8800,9000,15/10/2025
HL,3,110,TORO,10:23 a. m.,8800,9600,15/10/2025
HV,1,295,TORO,10:25 a. m.,8000,8500,15/10/2025
VH,1,365,TORO,10:26 a. m.,5800,7000,15/10/2025
ML,1,185,TORO,10:26 a. m.,8000,8600,15/10/2025
HV,1,335,SAN PEDRO,10:30 a. m.,8800,8800,15/10/2025
VH,1,360,SAN PEDRO,10:32 a. m.,6800,8000,15/10/2025
HV,1,180,SAN PEDRO,10:33 a. m.,6600,7200,15/10/2025
ML,1,160,SAN PEDRO,10:35 a. m.,9000,9000,15/10/2025
HV,1,340,SAN PEDRO,10:33 a. m.,8600,9300,15/10/2025
HV,1,330,SAN PEDRO,10:34 a. m.,8000,8800,15/10/2025
TR,1,285,ROLDANILLO,10:39 a. m.,7400,7400,15/10/2025
VH,1,345,DAGUA,10:44 a. m.,5000,5200,15/10/2025
HV,2,350,SAN PEDRO,10:37 a. m.,8400,9000,15/10/2025
VP,1,335,DAGUA,10:46 a. m.,7400,8000,15/10/2025
ML,2,170,DAGUA,10:47 a. m.,9200,9800,15/10/2025
VH,4,395,PEREIRA,10:52 a. m.,6000,6600,15/10/2025
VH,1,465,PEREIRA,10:54 a. m.,5800,6400,15/10/2025
VH,1,405,PEREIRA,10:55 a. m.,7400,7800,15/10/2025
HV,2,335,PEREIRA,10:55 a. m.,7000,8200,15/10/2025
ML,2,180,SAN PEDRO,10:51 a. m.,8600,9100,15/10/2025
HV,2,360,PEREIRA,10:56 a. m.,7000,7600,15/10/2025
VH,6,357,TRUJILLO,10:58 a. m.,5800,6600,15/10/2025
VH,8,300,TRUJILLO,11:00 a. m.,7000,7650,15/10/2025
HL,8,231,LA CUMBRE,11:02 a. m.,8000,8750,15/10/2025
MC,1,250,LA CUMBRE,11:04 a. m.,8600,9000,15/10/2025
MC,2,315,ROLDANILLO,11:05 a. m.,8000,8600,15/10/2025
MC,3,278,ROLDANILLO,11:08 a. m.,7800,8200,15/10/2025
VH,1,395,ROLDANILLO,11:12 a. m.,6600,8400,15/10/2025
MC,3,280,ROLDANILLO,11:09 a. m.,8200,8550,15/10/2025
ML,4,126,ROLDANILLO,11:20 a. m.,10400,11800,15/10/2025
HV,5,229,TRUJILLO,11:24 a. m.,7800,8600,15/10/2025
HV,7,296,TRUJILLO,11:27 a. m.,7800,8400,15/10/2025
HV,1,225,TRUJILLO,11:28 a. m.,5000,6600,15/10/2025
HV,4,222,TRUJILLO,11:29 a. m.,8000,8550,15/10/2025
VH,1,455,SEVILLA,11:34 a. m.,7800,8800,15/10/2025
VH,1,380,SEVILLA,11:34 a. m.,7800,7900,15/10/2025
TO,1,700,SEVILLA,11:36 a. m.,9000,9600,15/10/2025
VH,6,288,EL DOVIO,11:39 a. m.,7600,8400,15/10/2025
ML,4,94,EL DOVIO,11:43 a. m.,12000,14000,15/10/2025
HL,4,112,EL DOVIO,11:47 a. m.,10000,10400,15/10/2025
HV,1,205,EL DOVIO,11:49 a. m.,6000,7000,15/10/2025
VH,5,328,EL DOVIO,11:55 a. m.,7600,8400,15/10/2025
HV,3,428,EL DOVIO,11:56 a. m.,8800,9600,15/10/2025
VH,1,515,EL DOVIO,11:57 a. m.,9000,9600,15/10/2025
VH,2,320,EL DOVIO,11:57 a. m.,8000,8600,15/10/2025
VH,1,440,EL DOVIO,12:01 p. m.,8600,9500,15/10/2025
VH,3,452,EL DOVIO,12:04 p. m.,7600,8000,15/10/2025
VH,2,375,EL DOVIO,12:04 p. m.,7400,9000,15/10/2025
VH,2,400,EL DOVIO,12:06 p. m.,8000,8400,15/10/2025
VH,3,350,EL DOVIO,12:07 p. m.,7000,8000,15/10/2025
ML,4,80,PEREIRA,12:07 p. m.,9000,10600,15/10/2025
ML,3,68,PEREIRA,12:12 p. m.,7000,9000,15/10/2025
HL,5,115,PEREIRA,12:14 p. m.,9000,9600,15/10/2025
HL,4,101,PEREIRA,12:14 p. m.,9000,9900,15/10/2025
HL,3,165,PEREIRA,12:16 p. m.,9000,10000,15/10/2025
HV,1,215,PEREIRA,12:20 p. m.,6000,7800,15/10/2025
HL,1,215,PEREIRA,12:21 p. m.,6000,6800,15/10/2025
VP,1,355,PEREIRA,12:29 p. m.,5000,5600,15/10/2025
HV,2,210,PEREIRA,12:30 p. m.,7800,8600,15/10/2025
HV,5,193,PEREIRA,12:31 p. m.,8200,9000,15/10/2025
HV,2,185,PEREIRA,12:32 p. m.,8000,8400,15/10/2025
TR,1,285,PEREIRA,12:33 p. m.,6600,7000,15/10/2025
ML,2,192,PEREIRA,12:34 p. m.,9000,9300,15/10/2025
HV,1,220,ALCALA,12:39 p. m.,8600,9200,15/10/2025
HV,1,295,ALCALA,12:37 p. m.,8000,9000,15/10/2025
ML,6,139,ALCALA,12:40 p. m.,8000,9000,15/10/2025
ML,7,152,ALCALA,12:41 p. m.,7000,8800,15/10/2025
VI,1,345,VERSALLES,12:42 p. m.,4600,4600,15/10/2025
HV,1,345,VERSALLES,12:48 p. m.,8000,8700,15/10/2025
VH,1,470,VERSALLES,12:49 p. m.,6000,8000,15/10/2025
HV,1,425,VERSALLES,12:49 p. m.,7000,9400,15/10/2025
VH,1,410,VERSALLES,12:50 p. m.,9000,11000,15/10/2025
HV,1,425,VERSALLES,12:51 p. m.,8600,8600,15/10/2025
VH,1,475,VERSALLES,12:52 p. m.,6600,7400,15/10/2025
VH,1,370,VERSALLES,12:53 p. m.,4000,5800,15/10/2025
VH,1,395,VERSALLES,12:53 p. m.,7400,7700,15/10/2025
VH,1,415,VERSALLES,12:55 p. m.,4800,5200,15/10/2025
TR,1,225,VERSALLES,12:56 p. m.,4000,5000,15/10/2025
MC,1,290,ROLDANILLO,12:56 p. m.,6000,7000,15/10/2025
VH,1,365,ROLDANILLO,01:40 p. m.,6800,7000,15/10/2025
HL,4,136,ROLDANILLO,01:41 p. m.,8400,8800,15/10/2025
HL,3,188,ROLDANILLO,01:42 p. m.,8000,9000,15/10/2025
VH,1,495,SEVILLA,01:43 p. m.,6000,8600,15/10/2025
ML,1,170,SEVILLA,02:18 p. m.,8600,8800,15/10/2025
ML,1,205,SEVILLA,02:18 p. m.,8000,8400,15/10/2025
TR,1,310,SEVILLA,02:19 p. m.,6000,6600,15/10/2025
MC,4,356,BETANIA,02:51 p. m.,7600,8400,15/10/2025
MC,3,357,BETANIA,02:56 p. m.,8000,8500,15/10/2025
VH,1,380,CAICEDONIA,03:53 p. m.,7000,7400,15/10/2025
HV,1,285,CAICEDONIA,03:56 p. m.,7000,7000,15/10/2025
VH,1,415,CAICEDONIA,03:55 p. m.,5800,5800,15/10/2025
HV,1,335,CAICEDONIA,03:57 p. m.,7000,8200,15/10/2025
HV,1,380,CAICEDONIA,03:55 p. m.,7800,8400,15/10/2025
VH,1,415,CAICEDONIA,03:55 p. m.,4000,5200,15/10/2025
HV,1,315,CAICEDONIA,03:56 p. m.,7400,7800,15/10/2025
HV,1,260,CAICEDONIA,03:56 p. m.,7400,8200,15/10/2025
HV,1,270,CAICEDONIA,03:56 p. m.,7000,8400,15/10/2025
VH,2,352,BETANIA,04:45 p. m.,7400,7600,15/10/2025
VH,1,500,BETANIA,04:45 p. m.,7400,7500,15/10/2025
VH,2,442,BETANIA,04:45 p. m.,7400,8800,15/10/2025
VH,2,398,BETANIA,04:45 p. m.,7400,7650,15/10/2025
MC,6,465,ZARZAL,04:51 p. m.,8300,8300,15/10/2025
MC,7,465,ZARZAL,04:52 p. m.,8300,8300,15/10/2025
MC,8,460,ZARZAL,04:52 p. m.,8400,8400,15/10/2025
MC,9,460,ZARZAL,04:52 p. m.,8400,8400,15/10/2025
HV,3,298,GINEBRA,06:12 a. m.,7800,7900,30/07/2025
HV,1,290,GINEBRA,06:12 a. m.,8000,8000,30/07/2025
HL,1,240,GINEBRA,06:14 a. m.,8000,8200,30/07/2025
HL,1,220,GINEBRA,06:15 a. m.,7800,8000,30/07/2025
HV,1,410,GINEBRA,06:16 a. m.,7800,8100,30/07/2025
HL,1,235,GINEBRA,06:18 a. m.,6000,7500,30/07/2025
HL,1,210,GINEBRA,06:19 a. m.,7800,8400,30/07/2025
VH,1,340,GINEBRA,06:20 a. m.,5400,6800,30/07/2025
VH,1,245,GINEBRA,06:22 a. m.,5000,6500,30/07/2025
VH,1,285,GINEBRA,06:23 a. m.,5000,6750,30/07/2025
VI,1,355,ZARZAL,06:41 a. m.,4500,5000,30/07/2025
VH,1,385,ZARZAL,06:42 a. m.,4500,6000,30/07/2025
VI,1,385,ZARZAL,06:43 a. m.,4500,5500,30/07/2025
HL,3,222,CAUCASIA,06:49 a. m.,8600,9400,30/07/2025
HL,1,190,CAUCASIA,06:50 a. m.,8500,9500,30/07/2025
HL,1,135,CAUCASIA,06:55 a. m.,7000,10000,30/07/2025
HL,1,110,CAUCASIA,06:51 a. m.,12000,13000,30/07/2025
HL,1,135,CAUCASIA,06:58 a. m.,4000,7000,30/07/2025
HL,1,85,CAUCASIA,06:57 a. m.,8000,14000,30/07/2025
HL,1,135,CAUCASIA,07:01 a. m.,9000,11000,30/07/2025
HL,1,105,CAUCASIA,07:01 a. m.,11000,15000,30/07/2025
HL,1,75,CAUCASIA,07:00 a. m.,12000,14000,30/07/2025
HV,1,270,ZARZAL,07:03 a. m.,7800,8000,30/07/2025
HV,1,310,ZARZAL,07:05 a. m.,5000,8000,30/07/2025
ML,1,220,SABANAZO,07:06 a. m.,6500,6500,30/07/2025
VH,1,480,SABANAZO,07:09 a. m.,5000,6800,30/07/2025
HV,1,375,SABANAZO,07:10 a. m.,7000,8000,30/07/2025
HV,1,310,SABANAZO,07:11 a. m.,7800,8000,30/07/2025
HL,2,150,ZARZAL,07:11 a. m.,8500,9250,30/07/2025
HL,1,150,ZARZAL,07:15 a. m.,9000,9500,30/07/2025
HL,1,135,ZARZAL,07:15 a. m.,10000,10500,30/07/2025
VH,1,410,ZARZAL,07:16 a. m.,6800,7200,30/07/2025
VH,1,445,EL DOVIO,07:23 a. m.,7000,7200,30/07/2025
HL,2,145,ZARZAL,07:18 a. m.,9000,10000,30/07/2025
HV,1,430,EL DOVIO,07:24 a. m.,7800,8600,30/07/2025
HV,1,320,LA UNION,07:25 a. m.,7000,7000,30/07/2025
HL,1,240,LA UNION,07:26 a. m.,7000,7400,30/07/2025
VI,1,415,LA UNION,07:27 a. m.,4000,5000,30/07/2025
HL,1,105,LA UNION,07:27 a. m.,9000,11000,30/07/2025
VI,1,405,ROLDANILLO,07:28 a. m.,4500,5000,30/07/2025
VI,1,395,ROLDANILLO,07:29 a. m.,4500,6000,30/07/2025
MC,1,370,ROLDANILLO,07:30 a. m.,4000,4500,30/07/2025
ML,2,90,CAUCASIA,07:31 a. m.,12000,13750,30/07/2025
HL,1,145,CAUCASIA,07:35 a. m.,5000,8750,30/07/2025
HL,1,100,CAUCASIA,07:33 a. m.,12000,14000,30/07/2025
ML,1,95,CAUCASIA,07:36 a. m.,12000,13000,30/07/2025
HL,1,160,CAUCASIA,07:38 a. m.,7500,9250,30/07/2025
HL,1,125,CAUCASIA,07:39 a. m.,2000,9000,30/07/2025
HL,1,95,CAUCASIA,07:44 a. m.,11000,13000,30/07/2025
HL,1,110,CAUCASIA,07:43 a. m.,12000,14000,30/07/2025
ML,1,120,CAUCASIA,07:45 a. m.,10000,13000,30/07/2025
ML,1,95,CAUCASIA,07:43 a. m.,12000,12500,30/07/2025
ML,1,85,CAUCASIA,07:46 a. m.,12000,14250,30/07/2025
HL,1,110,CAUCASIA,07:47 a. m.,9000,11000,30/07/2025
ML,6,103,CAUCASIA,07:49 a. m.,10000,13000,30/07/2025
VH,2,235,CAUCASIA,07:49 a. m.,6000,9750,30/07/2025
ML,4,99,CAUCASIA,07:51 a. m.,10000,10500,30/07/2025
ML,4,88,CAUCASIA,07:53 a. m.,9500,10500,30/07/2025
HL,2,105,CAUCASIA,07:54 a. m.,8000,11000,30/07/2025
HV,6,259,JAMUNDI,07:57 a. m.,7400,7500,30/07/2025
HL,1,190,JAMUNDI,08:01 a. m.,8000,8500,30/07/2025
HL,1,215,JAMUNDI,08:01 a. m.,6000,7200,30/07/2025
HL,1,185,JAMUNDI,08:03 a. m.,8000,8500,30/07/2025
HV,1,230,JAMUNDI,08:02 a. m.,6800,7400,30/07/2025
HV,2,255,JAMUNDI,08:04 a. m.,7400,7500,30/07/2025
HV,3,265,JAMUNDI,08:04 a. m.,7000,7400,30/07/2025
HV,2,265,JAMUNDI,08:06 a. m.,7000,7300,30/07/2025
HV,5,291,JAMUNDI,08:07 a. m.,7600,7950,30/07/2025
VH,1,275,JAMUNDI,08:08 a. m.,6400,8000,30/07/2025
HV,1,240,JAMUNDI,08:10 a. m.,7800,8000,30/07/2025
HV,3,223,JAMUNDI,08:13 a. m.,8200,8300,30/07/2025
HV,3,205,JAMUNDI,08:14 a. m.,6500,7900,30/07/2025
HV,2,210,JAMUNDI,08:15 a. m.,7600,8000,30/07/2025
HV,3,255,JAMUNDI,08:16 a. m.,7600,7700,30/07/2025
HL,1,150,JAMUNDI,08:16 a. m.,6000,7000,30/07/2025
VH,5,332,JAMUNDI,08:18 a. m.,7000,7250,30/07/2025
VI,1,440,JAMUNDI,08:19 a. m.,4500,4500,30/07/2025
VI,1,380,JAMUNDI,08:20 a. m.,4500,6000,30/07/2025
HL,1,120,JAMUNDI,08:21 a. m.,4000,7000,30/07/2025
ML,4,72,JAMUNDI,08:22 a. m.,9000,11500,30/07/2025
HL,1,95,JAMUNDI,08:23 a. m.,8000,11500,30/07/2025
HL,1,75,JAMUNDI,08:24 a. m.,4000,9000,30/07/2025
HV,5,315,EL DOVIO,08:25 a. m.,8600,8600,30/07/2025
TR,2,360,EL DOVIO,08:27 a. m.,8000,8400,30/07/2025
TR,3,358,EL DOVIO,08:28 a. m.,9000,9600,30/07/2025
VP,1,395,ROLDANILLO,08:28 a. m.,6500,7250,30/07/2025
HV,1,360,ROLDANILLO,08:32 a. m.,7000,8500,30/07/2025
ML,1,105,ROLDANILLO,08:34 a. m.,8000,10000,30/07/2025
HV,1,365,ROLDANILLO,08:33 a. m.,7500,11000,30/07/2025
ML,1,80,ROLDANILLO,08:36 a. m.,9000,10000,30/07/2025
VI,1,420,ROLDANILLO,08:37 a. m.,4500,6000,30/07/2025
ML,2,130,ROLDANILLO,08:38 a. m.,8000,10500,30/07/2025
HV,1,380,LA UNION,08:41 a. m.,6800,7450,30/07/2025
HL,1,160,LA UNION,08:45 a. m.,8500,8500,30/07/2025
HV,1,280,LA UNION,08:43 a. m.,5000,6250,30/07/2025
HV,1,255,LA UNION,08:44 a. m.,5000,8000,30/07/2025
HV,6,240,LA PRIMAVERA,08:48 a. m.,8000,8000,30/07/2025
HL,3,228,LA PRIMAVERA,08:39 a. m.,8000,8200,30/07/2025
HV,3,225,LA PRIMAVERA,08:49 a. m.,8000,8000,30/07/2025
HL,5,180,PLANETA RICA,08:50 a. m.,8000,10500,30/07/2025
HL,1,190,PLANETA RICA,08:53 a. m.,6000,8500,30/07/2025
HL,2,168,PLANETA RICA,08:55 a. m.,8500,8500,30/07/2025
HV,3,215,PLANETA RICA,08:56 a. m.,8000,8500,30/07/2025
HL,8,170,PLANETA RICA,08:58 a. m.,7000,10000,30/07/2025
HV,1,235,PLANETA RICA,09:01 a. m.,7600,8600,30/07/2025
HV,1,290,PLANETA RICA,09:02 a. m.,5000,7000,30/07/2025
ML,1,150,PLANETA RICA,09:02 a. m.,1000,3000,30/07/2025
HV,1,315,GINEBRA,09:06 a. m.,7000,7800,30/07/2025
HV,2,298,GINEBRA,09:07 a. m.,7000,7700,30/07/2025
HV,1,255,GINEBRA,09:08 a. m.,5500,6000,30/07/2025
HV,3,325,GINEBRA,09:09 a. m.,7600,8100,30/07/2025
HL,2,155,PLANETA RICA,09:04 a. m.,8500,10500,30/07/2025
HL,2,212,GINEBRA,09:10 a. m.,7900,7900,30/07/2025
HV,1,255,GINEBRA,09:11 a. m.,6800,7500,30/07/2025
HV,1,290,GINEBRA,09:13 a. m.,7600,7600,30/07/2025
HV,1,405,GINEBRA,09:14 a. m.,8400,8750,30/07/2025
HV,1,315,GINEBRA,09:15 a. m.,7600,8000,30/07/2025
HV,1,290,GINEBRA,09:15 a. m.,6800,7600,30/07/2025
ML,1,210,ZARZAL,09:35 a. m.,5000,7500,30/07/2025
HL,1,195,ZARZAL,09:30 a. m.,7500,8000,30/07/2025
HL,1,205,ZARZAL,09:33 a. m.,7000,8000,30/07/2025
HL,1,150,ZARZAL,09:32 a. m.,8000,8500,30/07/2025
ML,1,135,ZARZAL,09:33 a. m.,4000,8500,30/07/2025
HL,1,210,ZARZAL,09:33 a. m.,7000,8000,30/07/2025
ML,3,118,ZARZAL,09:20 a. m.,8500,10750,30/07/2025
HL,4,114,ZARZAL,09:21 a. m.,9000,10000,30/07/2025
HL,3,47,ZARZAL,09:36 a. m.,2000,13000,30/07/2025
HL,1,230,ZARZAL,09:36 a. m.,7500,8500,30/07/2025
ML,1,110,ZARZAL,09:38 a. m.,9000,10500,30/07/2025
HL,7,208,BUGALAGRANDE,09:39 a. m.,8600,9500,30/07/2025
HL,11,183,BUGALAGRANDE,09:41 a. m.,8600,8700,30/07/2025
HL,2,220,BUGALAGRANDE,09:46 a. m.,6000,7500,30/07/2025
HL,1,130,BUGALAGRANDE,09:42 a. m.,7000,9000,30/07/2025
HL,4,192,BUGALAGRANDE,09:48 a. m.,8200,9300,30/07/2025
HL,1,120,LA UNION,09:52 a. m.,10000,10000,30/07/2025
HL,1,160,LA UNION,09:49 a. m.,10000,11000,30/07/2025
ML,1,190,ZARZAL,09:48 a. m.,10000,12000,30/07/2025
HL,1,115,LA UNION,09:53 a. m.,12000,14000,30/07/2025
HL,1,135,LA UNION,09:51 a. m.,10000,14000,30/07/2025
HL,1,180,LA UNION,09:55 a. m.,10000,16250,30/07/2025
VI,1,400,CAICEDONIA,09:56 a. m.,4000,4000,30/07/2025
VI,1,355,CAICEDONIA,09:57 a. m.,3000,4000,30/07/2025
HL,1,170,CAICEDONIA,09:58 a. m.,3000,7000,30/07/2025
VI,1,410,CAICEDONIA,09:59 a. m.,3500,3500,30/07/2025
ML,1,175,CAICEDONIA,10:00 a. m.,4000,4750,30/07/2025
TR,1,310,PLANETA RICA,10:05 a. m.,8000,8700,30/07/2025
ML,1,210,PLANETA RICA,10:06 a. m.,8500,9000,30/07/2025
MC,1,260,PLANETA RICA,10:07 a. m.,6000,7750,30/07/2025
VI,1,320,SEVILLA,10:02 a. m.,3000,3000,30/07/2025
ML,1,50,SEVILLA,10:03 a. m.,6000,8000,30/07/2025
ML,7,129,PLANETA RICA,10:08 a. m.,9500,12700,30/07/2025
ML,6,162,PLANETA RICA,10:09 a. m.,9000,11100,30/07/2025
ML,8,190,PLANETA RICA,10:11 a. m.,7000,9250,30/07/2025
VP,1,425,PLANETA RICA,10:12 a. m.,4000,5750,30/07/2025
HL,1,55,PLANETA RICA,10:16 a. m.,2000,6000,30/07/2025
ML,3,75,PLANETA RICA,10:15 a. m.,9000,9000,30/07/2025
ML,2,120,PLANETA RICA,10:18 a. m.,8500,10500,30/07/2025
ML,1,120,TULUA,10:18 a. m.,4000,12000,30/07/2025
ML,1,150,TULUA,10:21 a. m.,9500,10500,30/07/2025
VH,1,305,TULUA,10:23 a. m.,7000,7800,30/07/2025
HV,1,355,TULUA,10:22 a. m.,6400,6800,30/07/2025
HV,2,290,TULUA,10:24 a. m.,7600,7900,30/07/2025
HV,1,255,TULUA,10:25 a. m.,7400,7600,30/07/2025
VH,1,325,TULUA,10:25 a. m.,6600,6800,30/07/2025
VH,1,345,TULUA,10:26 a. m.,4500,6500,30/07/2025
HV,1,350,TULUA,10:27 a. m.,7000,7800,30/07/2025
HV,1,320,TULUA,10:28 a. m.,6800,8000,30/07/2025
HV,1,325,TULUA,10:30 a. m.,7400,7600,30/07/2025
HV,1,315,TULUA,10:31 a. m.,7000,7600,30/07/2025
HV,1,410,TULUA,10:34 a. m.,5000,6000,30/07/2025
VH,2,302,TULUA,10:33 a. m.,7400,7700,30/07/2025
VH,1,315,TULUA,10:37 a. m.,6400,7400,30/07/2025
HV,1,255,TULUA,10:37 a. m.,5000,6000,30/07/2025
TR,4,366,SEVILLA,10:41 a. m.,7400,7800,30/07/2025
TR,3,377,SEVILLA,10:42 a. m.,7000,7500,30/07/2025
HL,3,132,SEVILLA,10:46 a. m.,9000,9500,30/07/2025
TR,2,302,SEVILLA,10:49 a. m.,7800,8000,30/07/2025
HV,3,247,SEVILLA,10:53 a. m.,7800,7800,30/07/2025
VH,1,465,EL DOVIO,10:54 a. m.,6000,7700,30/07/2025
VI,1,320,EL DOVIO,10:56 a. m.,4500,6250,30/07/2025
VI,1,375,EL DOVIO,10:57 a. m.,4000,5000,30/07/2025
VI,1,350,EL DOVIO,10:58 a. m.,4500,5750,30/07/2025
VH,1,485,EL DOVIO,10:59 a. m.,7800,8200,30/07/2025
HV,2,222,SEVILLA,10:47 a. m.,6000,8500,30/07/2025
HV,1,220,SEVILLA,10:48 a. m.,5000,6500,30/07/2025
HL,8,217,OBANDO,11:00 a. m.,8200,8200,30/07/2025
HL,6,208,OBANDO,11:07 a. m.,8000,8400,30/07/2025
HL,7,169,OBANDO,11:07 a. m.,8000,8600,30/07/2025
HL,6,182,OBANDO,11:09 a. m.,8000,8200,30/07/2025
HL,6,161,OBANDO,11:10 a. m.,8000,8200,30/07/2025
HL,7,205,OBANDO,11:12 a. m.,8200,8100,30/07/2025
HL,5,169,OBANDO,11:13 a. m.,8000,8150,30/07/2025
TR,2,298,LA VICTORIA,11:14 a. m.,6600,7400,30/07/2025
TR,1,240,LA VICTORIA,11:15 a. m.,7600,7800,30/07/2025
MC,1,255,LA VICTORIA,11:15 a. m.,5500,5500,30/07/2025
ML,1,190,LA VICTORIA,11:16 a. m.,5000,5000,30/07/2025
ML,1,215,LA VICTORIA,11:17 a. m.,5500,6750,30/07/2025
HL,1,165,LA VICTORIA,11:16 a. m.,7800,7800,30/07/2025
HL,1,125,LA VICTORIA,11:18 a. m.,7000,9500,30/07/2025
ML,1,220,LA VICTORIA,11:18 a. m.,7000,7700,30/07/2025
ML,1,115,LA VICTORIA,11:19 a. m.,8000,9000,30/07/2025
ML,1,80,LA VICTORIA,11:21 a. m.,5000,8500,30/07/2025
HL,1,170,LA VICTORIA,11:20 a. m.,8500,9500,30/07/2025
TR,1,325,TULUA,11:22 a. m.,5000,8500,30/07/2025
HL,1,75,TULUA,11:27 a. m.,12000,12000,30/07/2025
HL,1,115,TULUA,11:25 a. m.,7500,9000,30/07/2025
VI,1,360,TULUA,11:28 a. m.,4000,5500,30/07/2025
VH,1,310,TULUA,11:29 a. m.,6600,7800,30/07/2025
HL,1,75,TULUA,11:30 a. m.,9000,12000,30/07/2025
HL,1,75,TULUA,11:29 a. m.,12000,14000,30/07/2025
VH,1,300,TULUA,11:32 a. m.,6800,7800,30/07/2025
TR,1,350,TULUA,11:32 a. m.,8000,8300,30/07/2025
TR,1,300,TULUA,11:33 a. m.,6000,6250,30/07/2025
TR,1,330,SAN PEDRO,03:01 p. m.,7000,7900,30/07/2025
TR,1,385,SAN PEDRO,03:03 p. m.,8000,8400,30/07/2025
HL,6,124,VERSALLES,11:40 a. m.,8500,9500,30/07/2025
TR,2,325,BOLIVAR,11:43 a. m.,8000,8600,30/07/2025
TR,2,340,BOLIVAR,11:45 a. m.,8000,8600,30/07/2025
TR,2,275,BOLIVAR,11:46 a. m.,8000,8500,30/07/2025
TR,2,340,BOLIVAR,11:48 a. m.,8400,8600,30/07/2025
TR,2,292,BOLIVAR,11:48 a. m.,7600,8200,30/07/2025
ML,1,125,ZARZAL,11:42 a. m.,8000,14000,30/07/2025
HV,1,355,BOLIVAR,11:50 a. m.,8000,8200,30/07/2025
TR,1,375,BOLIVAR,11:52 a. m.,8000,8400,30/07/2025
HL,7,175,LA PRIMAVERA,11:52 a. m.,8400,8600,30/07/2025
HL,1,185,SAN PEDRO,12:05 p. m.,10000,11000,30/07/2025
MC,1,255,ROLDANILLO,12:06 p. m.,8600,9400,30/07/2025
TR,1,345,ROLDANILLO,12:09 p. m.,7800,8200,30/07/2025
ML,3,123,SAN PEDRO,12:05 p. m.,7000,8000,30/07/2025
HV,5,350,LA PRIMAVERA,12:13 p. m.,8000,8400,30/07/2025
HV,5,347,LA PRIMAVERA,12:16 p. m.,8000,8400,30/07/2025
HL,1,145,SAN PEDRO,12:00 p. m.,7000,8500,30/07/2025
TR,1,275,LA PRIMAVERA,11:54 a. m.,8400,8400,30/07/2025
ML,1,140,LA PRIMAVERA,11:57 a. m.,11500,11500,30/07/2025
ML,1,230,LA PRIMAVERA,11:58 a. m.,8500,8750,30/07/2025
ML,1,145,LA PRIMAVERA,11:58 a. m.,11000,11250,30/07/2025
ML,1,90,LA PRIMAVERA,11:59 a. m.,8000,11000,30/07/2025
ML,1,170,ROLDANILLO,12:09 p. m.,6000,9000,30/07/2025
ML,1,115,ROLDANILLO,12:11 p. m.,10000,12000,30/07/2025
ML,1,90,ROLDANILLO,12:10 p. m.,10000,12000,30/07/2025
VH,1,405,YOTOCO,12:16 p. m.,8000,8600,30/07/2025
HV,1,300,YOTOCO,12:18 p. m.,7600,7600,30/07/2025
ML,3,93,YOTOCO,12:19 p. m.,9000,9750,30/07/2025
VH,3,548,BUGALAGRANDE,12:22 p. m.,6400,7000,30/07/2025
VH,4,538,BUGALAGRANDE,12:29 p. m.,5800,6400,30/07/2025
ML,7,131,YOTOCO,12:20 p. m.,10000,11500,30/07/2025
VH,3,465,BUGALAGRANDE,12:31 p. m.,6000,6800,30/07/2025
ML,1,105,YOTOCO,12:21 p. m.,9000,11500,30/07/2025
VH,2,425,BUGALAGRANDE,12:32 p. m.,5800,6000,30/07/2025
VH,2,462,BUGALAGRANDE,12:33 p. m.,5400,5700,30/07/2025
VH,4,402,VIJES,12:35 p. m.,6000,6600,30/07/2025
VI,2,298,VIJES,12:37 p. m.,4500,6250,30/07/2025
HL,1,195,VIJES,12:38 p. m.,8000,8800,30/07/2025
HL,1,115,VIJES,12:41 p. m.,10000,17000,30/07/2025
ML,1,190,VIJES,12:40 p. m.,8000,8800,30/07/2025
HV,3,268,TRUJILLO,12:44 p. m.,7000,7600,30/07/2025
HV,5,298,TRUJILLO,12:45 p. m.,8000,8000,30/07/2025
HL,1,195,TRUJILLO,12:45 p. m.,8000,8000,30/07/2025
HV,8,289,TRUJILLO,12:42 p. m.,8000,8200,30/07/2025
TO,1,750,BUGALAGRANDE,12:48 p. m.,7600,8400,30/07/2025
MC,1,420,BUGALAGRANDE,12:55 p. m.,4000,7000,30/07/2025
HV,1,260,BUGALAGRANDE,12:55 p. m.,8000,8600,30/07/2025
VH,2,572,BUGALAGRANDE,12:57 p. m.,5200,6000,30/07/2025
VH,3,467,BUGALAGRANDE,12:58 p. m.,6000,6500,30/07/2025
TO,1,645,TORO,01:07 p. m.,8400,9000,30/07/2025
TR,1,320,TORO,01:08 p. m.,7800,8450,30/07/2025
ML,1,140,TORO,01:09 p. m.,9500,11000,30/07/2025
VH,1,490,TORO,01:10 p. m.,5400,5800,30/07/2025
HL,2,235,BUGALAGRANDE,12:59 p. m.,7800,7800,30/07/2025
TR,1,425,TULUA,01:11 p. m.,8000,8200,30/07/2025
MC,1,450,TULUA,01:15 p. m.,7800,8300,30/07/2025
MC,1,405,TULUA,01:16 p. m.,7600,7900,30/07/2025
TR,1,415,TULUA,01:16 p. m.,7400,7800,30/07/2025
TR,1,445,TULUA,01:17 p. m.,7400,7400,30/07/2025
TR,1,425,TULUA,01:18 p. m.,8000,8100,30/07/2025
ML,1,170,COROZAL,01:20 p. m.,6000,9500,30/07/2025
VH,1,320,COROZAL,01:24 p. m.,6000,8250,30/07/2025
TR,1,235,COROZAL,01:23 p. m.,8000,8900,30/07/2025
ML,1,105,COROZAL,01:27 p. m.,7000,10500,30/07/2025
VI,1,285,COROZAL,01:26 p. m.,4500,5750,30/07/2025
VH,1,290,COROZAL,01:28 p. m.,5500,7250,30/07/2025
HL,1,155,COROZAL,01:27 p. m.,8000,9500,30/07/2025
ML,2,45,TRUJILLO,01:29 p. m.,4000,10000,30/07/2025
HL,2,80,TRUJILLO,01:31 p. m.,9000,11000,30/07/2025
HL,3,127,COROZAL,01:38 p. m.,8500,9250,30/07/2025
ML,1,170,TRUJILLO,01:32 p. m.,8500,9500,30/07/2025
HL,1,60,TRUJILLO,01:33 p. m.,4000,12000,30/07/2025
HL,1,100,TRUJILLO,01:36 p. m.,8500,11500,30/07/2025
HL,1,175,COROZAL,01:39 p. m.,8000,8500,30/07/2025
ML,1,150,COROZAL,01:39 p. m.,9500,10500,30/07/2025
ML,1,90,COROZAL,01:41 p. m.,8000,11000,30/07/2025
HL,6,141,COROZAL,01:41 p. m.,9500,9500,30/07/2025
HL,9,210,COROZAL,01:42 p. m.,7400,7600,30/07/2025
HL,2,142,COROZAL,01:46 p. m.,7000,7500,30/07/2025
HV,7,241,COROZAL,01:50 p. m.,8000,8100,30/07/2025
HL,3,205,COROZAL,01:50 p. m.,6000,7500,30/07/2025
HL,2,190,COROZAL,01:51 p. m.,7000,7000,30/07/2025
VH,1,490,YOTOCO,01:54 p. m.,5400,6000,30/07/2025
ML,2,148,LA UNION,02:02 p. m.,8500,10250,30/07/2025
VH,1,580,YOTOCO,01:58 p. m.,5000,5400,30/07/2025
VH,1,365,YOTOCO,02:00 p. m.,7000,8500,30/07/2025
HL,1,105,YOTOCO,01:59 p. m.,8000,11000,30/07/2025
HL,2,208,LA UNION,02:03 p. m.,5000,6750,30/07/2025
HV,1,370,YOTOCO,02:05 p. m.,6000,6750,30/07/2025
HL,1,95,YOTOCO,02:07 p. m.,12000,17000,30/07/2025
VI,1,395,YOTOCO,02:06 p. m.,3000,4000,30/07/2025
ML,1,25,YOTOCO,02:10 p. m.,3000,15000,30/07/2025
ML,1,50,YOTOCO,02:08 p. m.,6000,8000,30/07/2025
HV,4,275,YOTOCO,02:11 p. m.,7800,8100,30/07/2025
HL,4,196,BUGALAGRANDE,02:12 p. m.,8600,9000,30/07/2025
HL,3,218,BUGALAGRANDE,02:13 p. m.,8000,8200,30/07/2025
HL,10,220,BUGALAGRANDE,02:14 p. m.,8000,8600,30/07/2025
HL,1,170,BUGALAGRANDE,02:17 p. m.,8000,10500,30/07/2025
VP,1,370,EL DOVIO,02:18 p. m.,8000,10000,30/07/2025
HL,2,175,EL DOVIO,02:21 p. m.,8000,8500,30/07/2025
HV,1,255,EL DOVIO,02:22 p. m.,7000,7300,30/07/2025
ML,1,185,EL DOVIO,02:25 p. m.,8500,8500,30/07/2025
VH,1,440,EL DOVIO,02:23 p. m.,6000,6800,30/07/2025
VH,1,360,EL DOVIO,02:26 p. m.,6500,8000,30/07/2025
VI,1,430,EL DOVIO,02:26 p. m.,4500,5500,30/07/2025
TR,1,385,EL DOVIO,02:28 p. m.,7400,7900,30/07/2025
HL,1,120,EL DOVIO,02:28 p. m.,8000,10000,30/07/2025
HL,1,165,BOLIVAR,02:32 p. m.,8000,8750,30/07/2025
VP,1,435,VERSALLES,02:35 p. m.,7000,8500,30/07/2025
TR,1,395,VERSALLES,02:37 p. m.,6600,7600,30/07/2025
VH,1,360,VERSALLES,02:37 p. m.,4500,6000,30/07/2025
MC,1,370,VERSALLES,02:38 p. m.,6400,6800,30/07/2025
TO,1,425,VERSALLES,02:40 p. m.,7000,7600,30/07/2025
TR,1,300,VERSALLES,02:40 p. m.,5000,8250,30/07/2025
TR,2,280,VERSALLES,02:41 p. m.,8000,8900,30/07/2025
ML,3,248,VERSALLES,02:43 p. m.,8000,8700,30/07/2025
VI,1,315,SANTANDER DE QUILICHAO,02:44 p. m.,4000,5750,30/07/2025
VH,1,270,SANTANDER DE QUILICHAO,02:45 p. m.,5000,8500,30/07/2025
VI,1,305,SANTANDER DE QUILICHAO,02:45 p. m.,4000,4500,30/07/2025
HL,3,130,TRUJILLO,02:47 p. m.,8500,9000,30/07/2025
TR,8,265,SANTANDER DE QUILICHAO,02:46 p. m.,7400,8050,30/07/2025
HL,2,172,TRUJILLO,02:50 p. m.,5500,8000,30/07/2025
ML,8,137,TRUJILLO,02:50 p. m.,9000,11250,30/07/2025
VH,1,235,TRUJILLO,02:51 p. m.,3000,3500,30/07/2025
HL,2,98,TRUJILLO,02:52 p. m.,5000,9000,30/07/2025
TR,1,390,BUENOS AIRES,02:59 p. m.,7600,8600,30/07/2025
HV,2,242,BUENOS AIRES,02:57 p. m.,7000,7400,30/07/2025
HV,4,312,BUENOS AIRES,02:59 p. m.,7600,8000,30/07/2025
HV,4,310,BUENOS AIRES,02:59 p. m.,7800,8200,30/07/2025
HL,2,178,TRUJILLO,02:54 p. m.,5500,7500,30/07/2025
HL,11,183,ZARZAL,10:44 a. m.,8700,8700,30/07/2025
HL,1,235,ZARZAL,06:27 a. m.,6000,7750,16/07/2025
HL,1,130,CAQUETA,06:28 a. m.,10000,15000,16/07/2025
HL,1,115,CAQUETA,06:29 a. m.,6000,9500,16/07/2025
HL,2,200,ZARZAL,06:29 a. m.,8000,8250,16/07/2025
HL,8,122,CAQUETA,06:30 a. m.,8000,9000,16/07/2025
HL,1,155,CAQUETA,06:31 a. m.,8000,9500,16/07/2025
HL,5,186,CAQUETA,06:32 a. m.,6500,6500,16/07/2025
HL,1,140,CAQUETA,06:34 a. m.,7000,10000,16/07/2025
HL,3,197,CAQUETA,06:35 a. m.,7000,8000,16/07/2025
HL,4,158,CAQUETA,06:39 a. m.,8500,9000,16/07/2025
HL,6,133,CAQUETA,06:42 a. m.,8000,8250,16/07/2025
HL,1,178,ZARZAL,06:43 a. m.,8000,8800,16/07/2025
HL,1,220,ZARZAL,06:45 a. m.,8000,8400,16/07/2025
HL,1,185,ZARZAL,06:44 a. m.,8000,8400,16/07/2025
ML,4,156,LA VICTORIA,06:47 a. m.,10000,11000,16/07/2025
HL,1,135,OBANDO,06:52 a. m.,9000,9750,16/07/2025
ML,1,85,OBANDO,06:50 a. m.,4000,7000,16/07/2025
HL,1,145,OBANDO,06:51 a. m.,9000,11000,16/07/2025
ML,1,235,OBANDO,07:00 a. m.,6400,7200,16/07/2025
ML,1,110,LA VICTORIA,06:49 a. m.,9000,10250,16/07/2025
HL,1,155,LA VICTORIA,06:54 a. m.,4000,6500,16/07/2025
ML,2,132,LA VICTORIA,07:02 a. m.,6000,9000,16/07/2025
HL,1,135,LA VICTORIA,06:55 a. m.,9000,13000,16/07/2025
HL,3,120,LA VICTORIA,07:03 a. m.,9000,11000,16/07/2025
HL,2,175,LA VICTORIA,07:04 a. m.,8000,9000,16/07/2025
HL,2,138,LA VICTORIA,07:05 a. m.,10000,13000,16/07/2025
HL,2,135,JAMUNDI,07:06 a. m.,10000,15500,16/07/2025
HL,4,135,JAMUNDI,07:08 a. m.,9500,9500,16/07/2025
HL,2,162,JAMUNDI,07:09 a. m.,8400,9000,16/07/2025
HL,4,228,JAMUNDI,07:10 a. m.,5000,8250,16/07/2025
HL,5,129,JAMUNDI,07:11 a. m.,9000,9250,16/07/2025
HL,3,178,JAMUNDI,07:13 a. m.,7400,8400,16/07/2025
HL,7,199,JAMUNDI,07:14 a. m.,8400,8600,16/07/2025
ML,3,93,JAMUNDI,07:15 a. m.,11000,13500,16/07/2025
HL,1,130,JAMUNDI,07:17 a. m.,6000,10000,16/07/2025
HL,4,128,JAMUNDI,07:16 a. m.,9500,10000,16/07/2025
HL,3,85,JAMUNDI,07:19 a. m.,9000,11750,16/07/2025
VH,8,324,JAMUNDI,07:19 a. m.,6800,7500,16/07/2025
VI,1,260,JAMUNDI,07:21 a. m.,3000,5500,16/07/2025
VI,1,365,JAMUNDI,07:25 a. m.,5000,6500,16/07/2025
VI,1,415,JAMUNDI,07:25 a. m.,3000,3250,16/07/2025
VH,1,360,ROLDANILLO,07:26 a. m.,6600,7400,16/07/2025
HL,1,140,ROLDANILLO,07:28 a. m.,8000,9000,16/07/2025
HL,1,90,ROLDANILLO,07:30 a. m.,8000,11000,16/07/2025
MC,1,280,ROLDANILLO,07:31 a. m.,7600,8200,16/07/2025
ML,1,120,ROLDANILLO,07:29 a. m.,8000,10500,16/07/2025
HV,1,260,ROLDANILLO,07:34 a. m.,5500,7000,16/07/2025
MC,1,250,ROLDANILLO,07:32 a. m.,7000,8000,16/07/2025
HV,1,515,SAN PEDRO,07:34 a. m.,8000,8250,16/07/2025
HV,1,445,SAN PEDRO,07:36 a. m.,8000,8500,16/07/2025
HL,1,55,SAN PEDRO,07:37 a. m.,6000,11000,16/07/2025
ML,4,58,SAN PEDRO,07:38 a. m.,8000,9500,16/07/2025
HV,1,330,SEVILLA,07:40 a. m.,7400,7750,16/07/2025
VH,1,245,SEVILLA,07:42 a. m.,7000,8000,16/07/2025
HV,1,265,SEVILLA,07:43 a. m.,7000,7600,16/07/2025
HV,1,410,SEVILLA,07:43 a. m.,8000,9000,16/07/2025
HV,1,295,SEVILLA,07:47 a. m.,7000,7400,16/07/2025
HL,1,190,MONTERIA,07:48 a. m.,8000,8200,16/07/2025
ML,1,40,SEVILLA,07:45 a. m.,8000,16000,16/07/2025
ML,1,150,MONTERIA,07:47 a. m.,9000,10000,16/07/2025
ML,5,156,MONTERIA,07:52 a. m.,7500,10250,16/07/2025
ML,3,153,MONTERIA,07:54 a. m.,8000,11000,16/07/2025
ML,2,185,MONTERIA,07:56 a. m.,8400,9600,16/07/2025
TR,1,435,BUGALAGRANDE,08:01 a. m.,8000,8300,16/07/2025
VH,1,405,JAMUNDI,08:03 a. m.,5800,6800,16/07/2025
TR,1,420,JAMUNDI,08:05 a. m.,8000,8700,16/07/2025
ML,1,180,JAMUNDI,08:04 a. m.,10000,11250,16/07/2025
ML,2,175,MONTERIA,08:01 a. m.,7500,9250,16/07/2025
HV,1,255,JAMUNDI,08:06 a. m.,5000,7000,16/07/2025
HV,1,235,JAMUNDI,08:07 a. m.,6800,9000,16/07/2025
HL,1,105,TULUA,08:12 a. m.,10000,19000,16/07/2025
HL,2,112,JAMUNDI,08:09 a. m.,8000,10000,16/07/2025
TR,1,325,JAMUNDI,08:08 a. m.,7800,8100,16/07/2025
TR,1,340,TULUA,08:10 a. m.,8400,8500,16/07/2025
HV,1,325,TULUA,08:11 a. m.,8000,10600,16/07/2025
VH,2,390,LA UNION,08:13 a. m.,6000,6800,16/07/2025
TR,3,308,ZARZAL,08:17 a. m.,7600,8300,16/07/2025
HV,1,230,ZARZAL,08:15 a. m.,7000,7800,16/07/2025
VH,1,365,ZARZAL,08:16 a. m.,7000,7000,16/07/2025
TR,2,295,ZARZAL,08:19 a. m.,8400,8600,16/07/2025
TR,1,400,ZARZAL,08:20 a. m.,8000,8300,16/07/2025
ML,1,225,ZARZAL,08:23 a. m.,8000,8000,16/07/2025
ML,1,245,ROLDANILLO,08:24 a. m.,8000,8700,16/07/2025
TR,1,315,ROLDANILLO,08:26 a. m.,8000,8300,16/07/2025
TR,1,290,ROLDANILLO,08:25 a. m.,8000,8400,16/07/2025
TR,1,375,ROLDANILLO,08:27 a. m.,8600,9800,16/07/2025
ML,1,205,ROLDANILLO,08:27 a. m.,8000,8000,16/07/2025
ML,1,210,ROLDANILLO,08:28 a. m.,4000,5500,16/07/2025
ML,1,170,ROLDANILLO,08:29 a. m.,7000,9000,16/07/2025
ML,1,140,ROLDANILLO,08:29 a. m.,8500,9000,16/07/2025
ML,1,115,ROLDANILLO,08:30 a. m.,5000,9000,16/07/2025
HL,3,192,PLANETA RICA,08:31 a. m.,9000,11000,16/07/2025
HL,5,114,PLANETA RICA,08:32 a. m.,9500,10500,16/07/2025
HL,4,231,PLANETA RICA,08:33 a. m.,8000,8300,16/07/2025
HV,1,305,PLANETA RICA,08:34 a. m.,8000,8200,16/07/2025
HL,1,130,PLANETA RICA,08:40 a. m.,10000,13000,16/07/2025
VH,1,362,PLANETA RICA,08:36 a. m.,6800,7200,16/07/2025
HL,1,205,PLANETA RICA,08:39 a. m.,8500,8500,16/07/2025
HL,1,120,PLANETA RICA,08:37 a. m.,2000,8000,16/07/2025
ML,1,250,PLANETA RICA,08:41 a. m.,6500,7000,16/07/2025
ML,1,175,PLANETA RICA,08:42 a. m.,9000,11000,16/07/2025
HL,5,135,PLANETA RICA,08:42 a. m.,9000,10000,16/07/2025
HL,4,145,PLANETA RICA,08:44 a. m.,9500,9500,16/07/2025
HL,2,142,PLANETA RICA,08:44 a. m.,8000,9750,16/07/2025
ML,2,92,PLANETA RICA,08:49 a. m.,8000,10500,16/07/2025
HL,3,207,PLANETA RICA,08:49 a. m.,7000,8250,16/07/2025
ML,2,100,PLANETA RICA,08:50 a. m.,10000,12500,16/07/2025
ML,7,205,CARTAGO,08:52 a. m.,9000,11250,16/07/2025
HL,6,182,CARTAGO,08:54 a. m.,9000,10250,16/07/2025
ML,1,90,ZARZAL,08:56 a. m.,4000,7500,16/07/2025
ML,1,95,ZARZAL,08:59 a. m.,6000,10500,16/07/2025
VP,1,410,BUGALAGRANDE,09:02 a. m.,7000,10750,16/07/2025
HV,1,320,BUGALAGRANDE,08:59 a. m.,7000,7400,16/07/2025
HV,1,320,OBANDO,09:08 a. m.,7000,7400,16/07/2025
TR,1,395,OBANDO,09:08 a. m.,7600,8250,16/07/2025
HV,1,395,OBANDO,09:09 a. m.,7400,8000,16/07/2025
TR,1,320,OBANDO,09:10 a. m.,7400,7600,16/07/2025
ML,1,190,OBANDO,09:11 a. m.,8000,8750,16/07/2025
ML,1,240,OBANDO,09:10 a. m.,7400,7800,16/07/2025
HL,2,162,EL DOVIO,09:12 a. m.,9000,10000,16/07/2025
ML,4,160,EL DOVIO,09:16 a. m.,10000,11000,16/07/2025
TR,1,400,OBANDO,09:03 a. m.,7400,7400,16/07/2025
HL,1,85,SAN PEDRO,09:24 a. m.,12000,13000,16/07/2025
ML,1,100,SAN PEDRO,09:17 a. m.,12000,12500,16/07/2025
BH,2,82,SAN PEDRO,09:25 a. m.,9000,14000,16/07/2025
ML,2,168,EL DOVIO,09:17 a. m.,10000,10500,16/07/2025
HL,1,220,GUACARI,09:29 a. m.,6000,8000,16/07/2025
HV,1,255,GUACARI,09:32 a. m.,8000,8000,16/07/2025
HV,1,370,GUACARI,09:31 a. m.,7600,8050,16/07/2025
HV,2,340,GUACARI,09:33 a. m.,7600,7900,16/07/2025
HV,2,298,GUACARI,09:33 a. m.,7800,8200,16/07/2025
HV,1,315,GUACARI,09:34 a. m.,8000,8100,16/07/2025
ML,1,170,GUACARI,09:39 a. m.,8000,9000,16/07/2025
ML,1,165,GUACARI,09:40 a. m.,8500,9500,16/07/2025
ML,1,220,GUACARI,09:37 a. m.,9000,10500,16/07/2025
ML,1,160,GUACARI,09:36 a. m.,7000,9500,16/07/2025
HL,2,180,GUACARI,09:42 a. m.,7000,8500,16/07/2025
ML,3,160,GUACARI,09:43 a. m.,7000,11000,16/07/2025
HL,2,168,GUACARI,09:44 a. m.,8000,8500,16/07/2025
HL,2,210,GUACARI,09:45 a. m.,8000,9000,16/07/2025
HL,2,230,GUACARI,09:46 a. m.,8000,8200,16/07/2025
HL,1,220,SEVILLA,09:47 a. m.,7400,8400,16/07/2025
VH,1,425,SEVILLA,09:50 a. m.,6000,6500,16/07/2025
ML,1,250,SEVILLA,09:51 a. m.,8400,8400,16/07/2025
VI,1,495,SEVILLA,09:52 a. m.,4000,4500,16/07/2025
ML,1,235,SEVILLA,09:52 a. m.,8600,9400,16/07/2025
MC,1,250,SEVILLA,09:54 a. m.,4500,6500,16/07/2025
HV,1,290,SEVILLA,09:55 a. m.,8600,9500,16/07/2025
VH,1,330,TORO,09:55 a. m.,4500,5500,16/07/2025
TR,1,225,TORO,09:57 a. m.,7500,8000,16/07/2025
HL,4,142,TORO,09:57 a. m.,8000,9500,16/07/2025
ML,1,100,TORO,09:59 a. m.,12000,13000,16/07/2025
HL,4,176,TORO,10:00 a. m.,8400,8700,16/07/2025
HL,2,212,TORO,10:01 a. m.,7000,8400,16/07/2025
HL,5,186,TORO,10:02 a. m.,9000,10400,16/07/2025
VH,1,280,CARTAGO,10:03 a. m.,6800,7900,16/07/2025
VH,1,300,CARTAGO,10:07 a. m.,6400,7600,16/07/2025
VI,1,355,CARTAGO,10:07 a. m.,5000,6000,16/07/2025
ML,4,186,CARTAGO,10:08 a. m.,6000,8500,16/07/2025
ML,1,120,CARTAGO,10:14 a. m.,2000,7000,16/07/2025
HL,1,140,CARTAGO,10:15 a. m.,7500,9500,16/07/2025
HL,6,138,CARTAGO,10:16 a. m.,9000,10000,16/07/2025
TR,1,400,YOTOCO,10:26 a. m.,7000,9500,16/07/2025
TR,1,285,SEVILLA,10:18 a. m.,7800,8400,16/07/2025
HL,2,82,YOTOCO,10:27 a. m.,11000,17000,16/07/2025
MC,1,255,SEVILLA,10:19 a. m.,6000,8500,16/07/2025
TR,1,320,SEVILLA,10:20 a. m.,8800,9000,16/07/2025
TR,1,280,SEVILLA,10:21 a. m.,9000,10200,16/07/2025
TR,1,325,SEVILLA,10:22 a. m.,8400,8800,16/07/2025
HL,1,65,YOTOCO,10:29 a. m.,10000,13000,16/07/2025
ML,1,65,YOTOCO,10:29 a. m.,8000,12500,16/07/2025
HL,1,215,LA PRIMAVERA,10:34 a. m.,7000,7600,16/07/2025
HV,2,340,LA PRIMAVERA,10:33 a. m.,8000,8000,16/07/2025
HV,1,330,LA PRIMAVERA,10:30 a. m.,7400,7800,16/07/2025
HV,6,294,LA PRIMAVERA,10:39 a. m.,8400,8800,16/07/2025
HV,1,255,ROLDANILLO,10:35 a. m.,8000,8600,16/07/2025
ML,1,235,OBANDO,10:40 a. m.,7600,8200,16/07/2025
HL,1,245,OBANDO,10:42 a. m.,7000,8600,16/07/2025
HL,1,205,OBANDO,10:44 a. m.,7000,8500,16/07/2025
ML,1,195,OBANDO,10:43 a. m.,7000,8000,16/07/2025
HL,6,248,OBANDO,10:45 a. m.,8000,8300,16/07/2025
HL,6,180,OBANDO,10:46 a. m.,8400,9000,16/07/2025
HL,6,203,OBANDO,10:47 a. m.,8000,8200,16/07/2025
HL,7,69,TULUA,10:49 a. m.,9000,13000,16/07/2025
VH,2,460,BOLIVAR,10:57 a. m.,7000,8250,16/07/2025
ML,3,82,TULUA,10:52 a. m.,8000,11000,16/07/2025
VH,1,355,BOLIVAR,10:52 a. m.,7600,7700,16/07/2025
VH,1,435,BOLIVAR,10:54 a. m.,7800,8800,16/07/2025
VH,1,470,BOLIVAR,10:55 a. m.,5000,7000,16/07/2025
VH,1,650,BOLIVAR,10:58 a. m.,5000,6400,16/07/2025
HV,1,255,SAN PEDRO,10:59 a. m.,8000,8000,16/07/2025
HL,1,130,SAN PEDRO,11:02 a. m.,6000,10000,16/07/2025
VH,1,260,SAN PEDRO,11:01 a. m.,6000,7000,16/07/2025
HL,1,130,SAN PEDRO,11:03 a. m.,8000,9000,16/07/2025
MC,2,388,SEVILLA,11:07 a. m.,7400,8400,16/07/2025
HL,1,90,SAN PEDRO,11:05 a. m.,9000,11000,16/07/2025
HL,1,145,SAN PEDRO,11:04 a. m.,8500,9000,16/07/2025
HL,1,110,SAN PEDRO,11:07 a. m.,9000,10250,16/07/2025
MC,2,400,SEVILLA,11:11 a. m.,5400,6200,16/07/2025
MC,5,406,SEVILLA,11:14 a. m.,7400,7800,16/07/2025
HV,2,360,LA VICTORIA,11:15 a. m.,7400,8050,16/07/2025
HV,2,420,LA VICTORIA,11:16 a. m.,7800,7800,16/07/2025
VH,1,490,BOLIVAR,11:19 a. m.,4000,5750,16/07/2025
VH,1,405,BOLIVAR,11:20 a. m.,6500,6750,16/07/2025
ML,1,35,BOLIVAR,11:24 a. m.,2000,6000,16/07/2025
ML,1,45,BOLIVAR,11:29 a. m.,6000,8000,16/07/2025
ML,1,35,BOLIVAR,11:27 a. m.,2000,2000,16/07/2025
HL,1,125,BOLIVAR,11:21 a. m.,9000,14000,16/07/2025
HL,1,135,BOLIVAR,11:22 a. m.,9000,12000,16/07/2025
HL,1,95,BOLIVAR,11:23 a. m.,12000,13000,16/07/2025
ML,1,35,BOLIVAR,11:30 a. m.,4000,6000,16/07/2025
MC,1,240,BOLIVAR,11:24 a. m.,7600,8400,16/07/2025
HL,6,235,EL DOVIO,11:32 a. m.,7400,8000,16/07/2025
ML,2,152,EL DOVIO,11:35 a. m.,10000,11500,16/07/2025
VH,2,360,EL DOVIO,11:36 a. m.,7000,7300,16/07/2025
TO,1,510,EL DOVIO,11:38 a. m.,8600,9400,16/07/2025
VI,1,290,EL DOVIO,11:38 a. m.,4500,6500,16/07/2025
VH,1,410,EL DOVIO,11:40 a. m.,5500,6500,16/07/2025
HV,2,280,CARTAGO,11:52 a. m.,8000,8300,16/07/2025
ML,1,230,BUGALAGRANDE,12:25 p. m.,7000,8000,16/07/2025
HL,6,93,BUGALAGRANDE,12:30 p. m.,10000,13000,16/07/2025
HL,5,190,BUGALAGRANDE,12:31 p. m.,8500,8500,16/07/2025
HL,1,125,BUGALAGRANDE,12:33 p. m.,4000,6000,16/07/2025
HL,1,210,BUGALAGRANDE,12:32 p. m.,4500,7000,16/07/2025
HL,1,160,BUGALAGRANDE,12:33 p. m.,7000,8250,16/07/2025
HL,4,100,BUGALAGRANDE,12:35 p. m.,9000,10000,16/07/2025
HL,3,133,BUGALAGRANDE,12:36 p. m.,9000,10000,16/07/2025
HL,3,72,BUGALAGRANDE,12:37 p. m.,10000,11000,16/07/2025
VP,1,435,BUGALAGRANDE,12:39 p. m.,6500,7500,16/07/2025
VP,1,450,BUGALAGRANDE,12:42 p. m.,4000,5750,16/07/2025
VP,1,475,BUGALAGRANDE,12:44 p. m.,7500,8500,16/07/2025
VH,1,390,BUGALAGRANDE,12:46 p. m.,5000,6750,16/07/2025
TO,1,635,BUGALAGRANDE,12:47 p. m.,5000,6250,16/07/2025
VI,4,341,BUGALAGRANDE,12:47 p. m.,4000,5500,16/07/2025
HV,1,370,BUGALAGRANDE,12:49 p. m.,7000,7250,16/07/2025
HV,1,250,BUGALAGRANDE,12:50 p. m.,7000,9500,16/07/2025
VP,1,395,BUGALAGRANDE,12:50 p. m.,5000,7000,16/07/2025
VH,1,505,BUGALAGRANDE,12:52 p. m.,4500,5250,16/07/2025
VH,1,500,BUGALAGRANDE,12:53 p. m.,5500,6750,16/07/2025
VI,2,448,BUGALAGRANDE,12:54 p. m.,5000,5500,16/07/2025
VH,1,465,BUGALAGRANDE,01:05 p. m.,6000,9000,16/07/2025
VP,1,450,BUGALAGRANDE,12:55 p. m.,5000,6000,16/07/2025
VP,1,460,BUGALAGRANDE,12:57 p. m.,4500,5250,16/07/2025
VH,1,505,BUGALAGRANDE,01:07 p. m.,6500,8000,16/07/2025
VP,1,450,BUGALAGRANDE,12:58 p. m.,6000,7750,16/07/2025
VP,1,630,BUGALAGRANDE,01:01 p. m.,4500,5250,16/07/2025
VP,1,545,BUGALAGRANDE,01:02 p. m.,5500,5500,16/07/2025
VP,1,530,BUGALAGRANDE,01:08 p. m.,4500,4750,16/07/2025
VP,1,540,BUGALAGRANDE,01:08 p. m.,5000,5750,16/07/2025
VP,1,500,BUGALAGRANDE,01:10 p. m.,5000,5000,16/07/2025
VP,1,480,BUGALAGRANDE,01:10 p. m.,4000,6500,16/07/2025
ML,3,60,BUGALAGRANDE,01:11 p. m.,4000,4000,16/07/2025
ML,3,125,BUGALAGRANDE,01:13 p. m.,5000,6250,16/07/2025
ML,6,115,BUGALAGRANDE,01:14 p. m.,7000,8000,16/07/2025
MC,2,280,SEVILLA,01:15 p. m.,7400,8200,16/07/2025
TR,4,341,SEVILLA,01:18 p. m.,8600,8600,16/07/2025
MC,3,358,SEVILLA,01:20 p. m.,8000,8200,16/07/2025
TR,5,272,SEVILLA,01:20 p. m.,8800,9400,16/07/2025
BH,3,315,RESTREPO,03:06 p. m.,7000,7250,16/07/2025
BH,1,145,RESTREPO,03:07 p. m.,8000,9500,16/07/2025
BH,1,210,RESTREPO,03:07 p. m.,7000,9250,16/07/2025
BH,1,230,RESTREPO,03:08 p. m.,8000,8000,16/07/2025
BH,1,350,RESTREPO,03:08 p. m.,7000,7500,16/07/2025
BH,1,475,RESTREPO,03:08 p. m.,5000,6000,16/07/2025
BH,1,515,RESTREPO,03:08 p. m.,5000,6250,16/07/2025
BH,1,575,RESTREPO,03:09 p. m.,6000,6600,16/07/2025
BH,1,445,RESTREPO,03:09 p. m.,4500,6000,16/07/2025
BH,1,590,RESTREPO,03:09 p. m.,4500,5750,16/07/2025
BF,1,375,RESTREPO,03:10 p. m.,6000,7000,16/07/2025
HL,6,149,RESTREPO,03:10 p. m.,9000,9500,16/07/2025
HL,4,215,RESTREPO,03:10 p. m.,8000,8300,16/07/2025
HV,1,345,RESTREPO,03:11 p. m.,7000,9000,16/07/2025
HV,1,245,RESTREPO,03:12 p. m.,7000,9000,16/07/2025
HL,1,215,RESTREPO,03:12 p. m.,7500,12500,16/07/2025
HL,1,160,RESTREPO,03:12 p. m.,6000,9000,16/07/2025
HL,1,125,RESTREPO,03:13 p. m.,10000,12000,16/07/2025
HL,1,185,RESTREPO,03:13 p. m.,8000,9750,16/07/2025
HL,1,185,RESTREPO,03:13 p. m.,8000,9500,16/07/2025
